record_index,reason,status,imu_samples,imu_gap_ns,input_points,filtered_points,queries,accepted_residuals,residual_rms,iterations,final_increment_norm,map_points,prediction_us,deskew_us,preprocessing_us,residual_build_us,ikfom_update_us,map_insert_crop_us,snapshot_us,total_processing_us
2,No IMU sample at or before LiDAR scan start,COLLECTING_IMU,0,0,0,0,0,0,0,0,0,0,0,0,0,0,0,0,0,0
8,No IMU sample at or before LiDAR scan start,COLLECTING_IMU,0,0,0,0,0,0,0,0,0,0,0,0,0,0,0,0,0,0
15,IMU_INITIALIZATION_NOT_READY,COLLECTING_IMU,8,6484400,0,0,0,0,0,0,0,0,0,0,0,0,0,0,0,0
22,IMU_INITIALIZATION_NOT_READY,COLLECTING_IMU,8,6207745,0,0,0,0,0,0,0,0,0,0,0,0,0,0,0,0
28,LiDAR scans overlap a previously propagated interval,COLLECTING_IMU,8,6207745,0,0,0,0,0,0,0,0,0,0,0,0,0,0,0,0
35,IMU_INITIALIZATION_NOT_READY,COLLECTING_IMU,13,6127817,0,0,0,0,0,0,0,0,0,0,0,0,0,0,0,0
42,IMU_INITIALIZATION_NOT_READY,COLLECTING_IMU,8,8055247,0,0,0,0,0,0,0,0,0,0,0,0,0,0,0,0
49,IMU_INITIALIZATION_NOT_READY,COLLECTING_IMU,8,6145782,0,0,0,0,0,0,0,0,0,0,0,0,0,0,0,0
56,IMU_INITIALIZATION_NOT_READY,COLLECTING_IMU,8,6494999,0,0,0,0,0,0,0,0,0,0,0,0,0,0,0,0
62,IMU_INITIALIZATION_NOT_READY,COLLECTING_IMU,7,6015583,0,0,0,0,0,0,0,0,0,0,0,0,0,0,0,0
69,IMU_INITIALIZATION_NOT_READY,COLLECTING_IMU,8,6359029,0,0,0,0,0,0,0,0,0,0,0,0,0,0,0,0
76,LiDAR scans overlap a previously propagated interval,COLLECTING_IMU,8,6359029,0,0,0,0,0,0,0,0,0,0,0,0,0,0,0,0
83,IMU_INITIALIZATION_NOT_READY,COLLECTING_IMU,14,6143950,0,0,0,0,0,0,0,0,0,0,0,0,0,0,0,0
89,LiDAR scans overlap a previously propagated interval,COLLECTING_IMU,14,6143950,0,0,0,0,0,0,0,0,0,0,0,0,0,0,0,0
96,IMU_INITIALIZATION_NOT_READY,COLLECTING_IMU,13,6234905,0,0,0,0,0,0,0,0,0,0,0,0,0,0,0,0
103,IMU_INITIALIZATION_NOT_READY,COLLECTING_IMU,8,6032880,0,0,0,0,0,0,0,0,0,0,0,0,0,0,0,0
110,IMU_INITIALIZATION_NOT_READY,COLLECTING_IMU,8,6054527,0,0,0,0,0,0,0,0,0,0,0,0,0,0,0,0
117,IMU_INITIALIZATION_NOT_READY,COLLECTING_IMU,7,6350670,0,0,0,0,0,0,0,0,0,0,0,0,0,0,0,0
124,IMU_INITIALIZATION_NOT_READY,COLLECTING_IMU,9,6350670,0,0,0,0,0,0,0,0,0,0,0,0,0,0,0,0
130,IMU_INITIALIZATION_NOT_READY,COLLECTING_IMU,7,6141120,0,0,0,0,0,0,0,0,0,0,0,0,0,0,0,0
137,LiDAR scans overlap a previously propagated interval,COLLECTING_IMU,7,6141120,0,0,0,0,0,0,0,0,0,0,0,0,0,0,0,0
144,IMU_INITIALIZATION_NOT_READY,COLLECTING_IMU,14,6344823,0,0,0,0,0,0,0,0,0,0,0,0,0,0,0,0
150,LiDAR scans overlap a previously propagated interval,COLLECTING_IMU,14,6344823,0,0,0,0,0,0,0,0,0,0,0,0,0,0,0,0
157,IMU_INITIALIZATION_NOT_READY,COLLECTING_IMU,14,6097233,0,0,0,0,0,0,0,0,0,0,0,0,0,0,0,0
164,IMU_INITIALIZATION_NOT_READY,COLLECTING_IMU,7,6042000,0,0,0,0,0,0,0,0,0,0,0,0,0,0,0,0
171,IMU_INITIALIZATION_NOT_READY,COLLECTING_IMU,8,6441827,0,0,0,0,0,0,0,0,0,0,0,0,0,0,0,0
178,IMU_INITIALIZATION_NOT_READY,COLLECTING_IMU,8,6282941,0,0,0,0,0,0,0,0,0,0,0,0,0,0,0,0
185,IMU_INITIALIZATION_NOT_READY,COLLECTING_IMU,8,6255742,0,0,0,0,0,0,0,0,0,0,0,0,0,0,0,0
191,IMU_INITIALIZATION_NOT_READY,COLLECTING_IMU,7,6050873,0,0,0,0,0,0,0,0,0,0,0,0,0,0,0,0
198,LiDAR scans overlap a previously propagated interval,COLLECTING_IMU,7,6050873,0,0,0,0,0,0,0,0,0,0,0,0,0,0,0,0
205,IMU_INITIALIZATION_NOT_READY,COLLECTING_IMU,14,6209376,0,0,0,0,0,0,0,0,0,0,0,0,0,0,0,0
212,LiDAR scans overlap a previously propagated interval,COLLECTING_IMU,14,6209376,0,0,0,0,0,0,0,0,0,0,0,0,0,0,0,0
218,IMU_INITIALIZATION_NOT_READY,COLLECTING_IMU,14,6145980,0,0,0,0,0,0,0,0,0,0,0,0,0,0,0,0
225,IMU_INITIALIZATION_NOT_READY,COLLECTING_IMU,7,6143463,0,0,0,0,0,0,0,0,0,0,0,0,0,0,0,0
232,IMU_INITIALIZATION_NOT_READY,COLLECTING_IMU,8,6094636,0,0,0,0,0,0,0,0,0,0,0,0,0,0,0,0
239,SCAN_PRECEDES_IMU_INITIALIZATION_EPOCH,INITIALIZING_MAP,8,6161498,0,0,0,0,0,0,0,0,0,0,0,0,0,0,0,0
246,INITIAL_MAP_REFERENCE_CAPTURED,INITIALIZING_MAP,8,6161498,6528,2206,0,0,0,0,0,0,163,878,220,0,0,0,0,0
253,IKFOM_LIDAR_UPDATE_NOT_CONVERGED,INITIALIZING_MAP,8,6181429,6528,641,641,185,0.128659,10,0.0177399,0,146,936,125,7817,8552,0,0,0
259,LiDAR scans overlap a previously propagated interval,INITIALIZING_MAP,8,6181429,6528,641,641,185,0.128659,10,0.0177399,0,146,936,125,7817,8552,0,0,0
266,,TRACKING,13,6140687,6528,2196,2196,1426,0.104139,6,0.000939151,3842,231,937,195,21266,24327,23434,221,49475
273,LiDAR scans overlap a previously propagated interval,TRACKING,13,6140687,6528,2196,2196,1426,0.104139,6,0.000939151,3842,231,937,195,21266,24327,23434,221,49475
280,,TRACKING,14,6264639,6528,2064,2064,1653,0.0821793,7,0.00132941,5101,255,897,212,24127,27840,2230,221,31609
286,,TRACKING,7,6153689,6528,2224,2224,1828,0.0820165,6,0.000122784,6498,116,919,212,24734,28547,2253,221,32231
293,,TRACKING,8,6240609,6528,648,648,150,0.152912,5,2.90041e-05,7012,137,927,108,4357,4707,1431,221,7431
300,,TRACKING,8,6155710,6528,2072,2072,1759,0.0730036,10,1.6103e-05,8092,136,932,201,39775,45871,2400,221,49686
307,,TRACKING,8,6072066,6528,2126,2126,1855,0.0597508,6,0.000633811,8981,145,965,210,24072,27745,1774,221,31029
314,,TRACKING,8,6092615,6528,689,689,537,0.083543,4,4.24771e-05,9308,139,939,93,5315,6026,938,221,8239
320,LiDAR scans overlap a previously propagated interval,TRACKING,8,6092615,6528,689,689,537,0.083543,4,4.24771e-05,9308,139,939,93,5315,6026,938,221,8239
327,,TRACKING,13,6327435,6528,2045,2045,1815,0.0603557,7,2.61918e-06,10086,226,948,206,27196,31342,1945,221,34843
334,LiDAR scans overlap a previously propagated interval,TRACKING,13,6327435,6528,2045,2045,1815,0.0603557,7,2.61918e-06,10086,226,948,206,27196,31342,1945,221,34843
341,,TRACKING,14,6327435,6528,2005,2005,1776,0.0677957,5,0.000458005,10869,239,942,202,19666,22559,2023,221,26157
348,,TRACKING,7,6060256,6528,2070,2070,1887,0.0567379,4,1.89749e-05,11592,120,959,227,16009,18405,1969,844,22718
354,LiDAR scans overlap a previously propagated interval,TRACKING,7,6060256,6528,2070,2070,1887,0.0567379,4,1.89749e-05,11592,120,959,227,16009,18405,1969,844,22718
361,,TRACKING,14,6213827,6528,1937,1937,1681,0.066663,6,0.00080908,12303,237,949,190,23587,26726,1807,844,30086
368,,TRACKING,8,6103468,6528,2121,2121,1950,0.0500243,4,0.000171151,12878,141,951,227,17087,19930,2164,844,23617
375,,TRACKING,8,6162657,6528,645,645,546,0.0708964,3,0.000155466,13080,140,979,102,4134,4713,652,844,6700
381,LiDAR scans overlap a previously propagated interval,TRACKING,8,6162657,6528,645,645,546,0.0708964,3,0.000155466,13080,140,979,102,4134,4713,652,844,6700
388,,TRACKING,13,6343167,6528,2188,2188,2001,0.0511195,4,0.000385677,13677,223,953,226,18852,21977,2501,844,26180
395,LiDAR scans overlap a previously propagated interval,TRACKING,13,6343167,6528,2188,2188,2001,0.0511195,4,0.000385677,13677,223,953,226,18852,21977,2501,844,26180
402,,TRACKING,14,6095637,6528,1715,1715,1472,0.0591798,5,0.000208352,14181,271,1014,206,20535,23445,1939,844,27168
409,,TRACKING,8,6176446,6528,2102,2102,1970,0.0459673,4,0.000365854,14716,155,1026,285,19588,22799,2366,844,26970
416,,TRACKING,7,6010196,6528,878,878,695,0.0654959,3,0.000261869,14932,144,1061,179,6520,7341,1098,844,9982
422,,TRACKING,8,6118745,6528,1680,1680,1432,0.0607785,3,5.92436e-05,15383,147,1020,316,12065,13696,1689,844,17222
429,,TRACKING,8,6066391,6528,2065,2065,1942,0.0407222,3,0.000314436,15782,145,1003,248,12732,14704,1777,844,18099
436,,TRACKING,8,7028744,6528,1024,1024,857,0.0589812,4,6.58078e-07,16017,143,1011,134,9432,10678,909,1344,14410
442,LiDAR scans overlap a previously propagated interval,TRACKING,8,7028744,6528,1024,1024,857,0.0589812,4,6.58078e-07,16017,143,1011,134,9432,10678,909,1344,14410
449,,TRACKING,13,6228599,6528,2003,2003,1894,0.0432909,3,0.000290489,16433,242,1022,221,12829,14913,1775,1344,18420
456,LiDAR scans overlap a previously propagated interval,TRACKING,13,6228599,6528,2003,2003,1894,0.0432909,3,0.000290489,16433,242,1022,221,12829,14913,1775,1344,18420
463,,TRACKING,14,6325155,6528,1573,1573,1342,0.0536606,4,0.000196776,16758,261,1018,187,15372,17384,1589,1344,20645
470,,TRACKING,8,6062668,6528,1893,1893,1799,0.0358493,3,0.00022652,16997,155,1045,245,12629,14648,1887,1344,18221
476,,TRACKING,7,6123301,6528,1246,1246,1034,0.0484004,3,1.01416e-05,17150,144,1058,169,9249,10452,1163,1344,13195
483,LiDAR scans overlap a previously propagated interval,TRACKING,7,6123301,6528,1246,1246,1034,0.0484004,3,1.01416e-05,17150,144,1058,169,9249,10452,1163,1344,13195
490,,TRACKING,14,6268920,6528,1952,1952,1861,0.0333399,3,0.000135393,17430,277,1028,289,12812,14858,1555,1344,18255
497,,TRACKING,8,6163277,6528,1358,1358,1171,0.0492059,4,2.35226e-06,17636,151,1047,160,13304,14988,1353,1344,17883
504,LiDAR scans overlap a previously propagated interval,TRACKING,8,6163277,6528,1358,1358,1171,0.0492059,4,2.35226e-06,17636,151,1047,160,13304,14988,1353,1344,17883
510,,TRACKING,13,6225605,6528,1965,1965,1882,0.0354527,3,0.00015604,17847,248,1027,258,13073,15136,1637,1344,18565
517,LiDAR scans overlap a previously propagated interval,TRACKING,13,6225605,6528,1965,1965,1882,0.0354527,3,0.00015604,17847,248,1027,258,13073,15136,1637,1344,18565
524,,TRACKING,14,6225605,6528,1273,1273,1029,0.0504711,4,5.06924e-05,18026,263,1020,160,12501,14010,1162,1344,16799
531,,TRACKING,8,6156349,6528,1939,1939,1840,0.0345846,3,4.55282e-05,18246,149,1026,233,13287,15334,1643,1344,18583
538,,TRACKING,7,6198552,6528,1533,1533,1278,0.047252,3,2.94344e-05,18439,128,1050,173,11232,12599,1371,1709,17207
544,,TRACKING,8,6198552,6528,1131,1131,931,0.065349,3,6.36158e-05,18707,169,1051,162,8548,9561,1184,1709,12293
551,,TRACKING,8,6111818,6528,2044,2044,1917,0.0406458,3,0.000362052,19017,147,1017,243,13570,15610,1902,1709,19155
558,,TRACKING,8,6106792,6528,1551,1551,1300,0.0578792,3,0.000329582,19330,152,1050,190,11383,12756,1551,1709,15888
565,LiDAR scans overlap a previously propagated interval,TRACKING,8,6106792,6528,1551,1551,1300,0.0578792,3,0.000329582,19330,152,1050,190,11383,12756,1551,1709,15888
572,,TRACKING,14,6260632,6528,1983,1983,1867,0.0393241,3,0.000127089,19642,263,1024,238,13661,15690,1664,1709,19089
578,LiDAR scans overlap a previously propagated interval,TRACKING,14,6260632,6528,1983,1983,1867,0.0393241,3,0.000127089,19642,263,1024,238,13661,15690,1664,1709,19089
585,,TRACKING,13,6253282,6528,909,909,741,0.0478141,4,1.32828e-06,19745,249,1018,121,9008,10095,860,1709,12477
592,,TRACKING,8,6108772,6528,2098,2098,1945,0.0404347,3,0.00019304,20085,149,1053,260,14293,16354,1982,1709,20002
599,,TRACKING,8,6043175,6528,1751,1751,1502,0.0486809,3,0.000226803,20392,146,1018,192,13298,14946,1798,1709,18306
605,,TRACKING,7,6035877,6528,830,830,658,0.0512716,3,1.85274e-06,20527,126,1018,114,5972,6684,768,1709,8826
612,,TRACKING,8,6232288,6528,2059,2059,1925,0.0395899,3,4.19555e-05,20830,144,987,221,13642,15619,1726,1709,18868
619,,TRACKING,8,7853394,6528,1884,1884,1625,0.0542263,3,0.000107976,21186,138,964,189,13329,14999,2035,1908,20439
626,LiDAR scans overlap a previously propagated interval,TRACKING,8,7853394,6528,1884,1884,1625,0.0542263,3,0.000107976,21186,138,964,189,13329,14999,2035,1908,20439
633,,TRACKING,14,7853394,6528,2011,2011,1863,0.036862,3,9.40213e-05,21408,252,992,222,13243,15207,1640,1908,18508
639,LiDAR scans overlap a previously propagated interval,TRACKING,14,7853394,6528,2011,2011,1863,0.036862,3,9.40213e-05,21408,252,992,222,13243,15207,1640,1908,18508
646,,TRACKING,13,7241891,6528,750,750,587,0.0475553,3,0.000240506,21484,239,1018,159,5612,6291,759,1908,8608
653,,TRACKING,8,6075007,6528,2082,2082,1897,0.0415694,3,0.000208087,21781,143,1015,245,14760,16816,1798,1908,20216
660,,TRACKING,8,6127479,6528,2084,2084,1808,0.0488665,3,4.72806e-05,22096,143,1000,264,14784,16655,1949,1908,20267
666,,TRACKING,7,6067102,6528,692,692,517,0.0492124,3,6.6785e-05,22173,125,992,108,4846,5412,585,1908,7348
673,,TRACKING,8,6200264,6528,2085,2085,1873,0.0427952,3,0.000130929,22448,143,1007,261,14369,16269,2179,1908,20052
680,,TRACKING,8,6031271,6528,2048,2048,1794,0.0456858,3,0.000183179,22744,144,1012,212,14871,16753,2029,1908,20369
687,LiDAR scans overlap a previously propagated interval,TRACKING,8,6031271,6528,2048,2048,1794,0.0456858,3,0.000183179,22744,144,1012,212,14871,16753,2029,1908,20369
694,,TRACKING,14,6084160,6528,2166,2166,1951,0.0378118,3,0.000188484,22977,257,1027,238,15393,17574,2081,1908,21425
700,LiDAR scans overlap a previously propagated interval,TRACKING,14,6084160,6528,2166,2166,1951,0.0378118,3,0.000188484,22977,257,1027,238,15393,17574,2081,1908,21425
707,,TRACKING,13,6186815,6528,642,642,491,0.042177,3,8.90049e-05,23022,249,1080,104,4702,5280,537,1908,7365
714,,TRACKING,8,6174341,6528,2189,2189,1954,0.0430836,3,0.000385522,23306,157,1117,243,16896,19135,2376,2275,25529
721,,TRACKING,8,6240216,6528,2051,2051,1808,0.0411965,2,0.000261392,23567,155,1043,254,9992,11253,1861,2275,14823
727,,TRACKING,7,6066331,6528,596,596,462,0.0439218,3,5.42213e-05,23616,126,1021,108,4282,4818,481,2275,6666
734,,TRACKING,8,6026715,6528,2215,2215,1964,0.0389344,3,0.000118459,23862,149,1015,246,16352,18506,2488,2275,22656
741,,TRACKING,8,6076210,6528,2077,2077,1867,0.0391577,3,0.000183961,24122,148,1013,257,14938,16873,1883,2275,20423
748,LiDAR scans overlap a previously propagated interval,TRACKING,8,6076210,6528,2077,2077,1867,0.0391577,3,0.000183961,24122,148,1013,257,14938,16873,1883,2275,20423
755,,TRACKING,14,6322338,6528,2205,2205,1936,0.0410272,3,0.000213437,24376,254,1020,238,16162,18309,2258,2275,22310
761,LiDAR scans overlap a previously propagated interval,TRACKING,14,6322338,6528,2205,2205,1936,0.0410272,3,0.000213437,24376,254,1020,238,16162,18309,2258,2275,22310
768,,TRACKING,13,6154549,6528,511,511,394,0.0444634,3,6.62763e-05,24413,237,1016,87,3607,4064,382,2275,5894
775,,TRACKING,8,6160570,6528,2176,2176,1868,0.0412318,3,0.000308483,24668,138,1012,227,16743,18831,2822,2275,23317
782,,TRACKING,8,6138127,6528,2195,2195,1951,0.0401463,3,5.34884e-05,24879,152,1018,401,15592,17599,1836,2275,21264
789,LiDAR scans overlap a previously propagated interval,TRACKING,8,6138127,6528,2195,2195,1951,0.0401463,3,5.34884e-05,24879,152,1018,401,15592,17599,1836,2275,21264
795,,TRACKING,13,6064567,6528,1977,1977,1738,0.0442282,3,0.000237758,25091,226,962,213,13555,15331,1706,2275,18672
802,,TRACKING,8,6248041,6528,2284,2284,2053,0.0381469,3,7.8961e-05,25298,140,963,244,15174,17266,2009,2260,23135
809,LiDAR scans overlap a previously propagated interval,TRACKING,8,6248041,6528,2284,2284,2053,0.0381469,3,7.8961e-05,25298,140,963,244,15174,17266,2009,2260,23135
816,,TRACKING,14,6309951,6528,1889,1889,1600,0.0403188,3,0.000246985,25469,247,995,205,13340,15020,1633,2260,18316
822,LiDAR scans overlap a previously propagated interval,TRACKING,14,6309951,6528,1889,1889,1600,0.0403188,3,0.000246985,25469,247,995,205,13340,15020,1633,2260,18316
829,,TRACKING,13,6231645,6528,702,702,519,0.0453367,3,5.96241e-07,25518,237,1075,117,5428,6070,631,2260,8257
836,,TRACKING,8,6123249,6528,1814,1814,1492,0.0456085,3,0.00043174,25709,154,1104,216,14348,15974,1720,2260,19330
843,,TRACKING,8,6057319,6528,2221,2221,2006,0.0362955,3,0.000128342,25903,148,1072,262,16077,18237,1868,2260,21825
850,,TRACKING,8,6176819,6528,784,784,583,0.0429932,3,0.000100289,25951,147,1022,111,5780,6434,727,2260,8585
856,,TRACKING,7,6199429,6528,1785,1785,1501,0.041962,3,0.000153095,26129,126,1016,228,13093,14684,1573,2260,17799
863,,TRACKING,8,6233088,6528,2108,2108,1936,0.0332534,3,5.66469e-05,26298,146,1019,246,14787,16846,1624,2260,20092
870,LiDAR scans overlap a previously propagated interval,TRACKING,8,6233088,6528,2108,2108,1936,0.0332534,3,5.66469e-05,26298,146,1019,246,14787,16846,1624,2260,20092
877,,TRACKING,14,6190673,6528,1782,1782,1457,0.0453271,3,0.000155294,26490,268,1061,287,14033,15648,1985,2260,19622
884,LiDAR scans overlap a previously propagated interval,TRACKING,14,6190673,6528,1782,1782,1457,0.0453271,3,0.000155294,26490,268,1061,287,14033,15648,1985,2260,19622
890,,TRACKING,13,6190673,6528,983,983,723,0.0424716,3,8.07651e-07,26552,247,1062,153,7718,8603,886,2260,11112
897,,TRACKING,8,6124635,6528,1685,1685,1327,0.0440018,3,0.000193937,26708,146,1043,201,13334,14803,1692,2513,20568
904,,TRACKING,8,7597871,6528,2060,2060,1895,0.0356979,3,5.14744e-05,26889,148,1044,242,14006,16013,1774,2513,19430
911,,TRACKING,8,6168447,6528,1087,1087,849,0.0431537,2,7.18847e-05,26959,154,1048,167,5739,6362,966,2513,8888
917,,TRACKING,8,6142063,6528,1593,1593,1282,0.0452435,3,0.000121873,27087,144,1040,176,12069,13418,1489,2513,16425
924,,TRACKING,8,6041191,6528,1967,1967,1855,0.0322715,3,6.09843e-05,27234,154,1060,300,14022,16117,1506,2513,19364
931,LiDAR scans overlap a previously propagated interval,TRACKING,8,6041191,6528,1967,1967,1855,0.0322715,3,6.09843e-05,27234,154,1060,300,14022,16117,1506,2513,19364
938,,TRACKING,13,6166832,6528,1519,1519,1189,0.0455857,3,0.000121105,27378,248,1085,195,12630,13994,1507,2513,17224
945,LiDAR scans overlap a previously propagated interval,TRACKING,13,6166832,6528,1519,1519,1189,0.0455857,3,0.000121105,27378,248,1085,195,12630,13994,1507,2513,17224
952,,TRACKING,13,6166832,6528,1215,1215,938,0.0424419,3,0.000222,27446,266,1110,165,9829,10876,1079,2513,13644
958,,TRACKING,8,6217267,6528,1305,1305,1022,0.0417049,3,0.000106725,27524,152,1069,161,10705,11866,1200,2513,14590
965,,TRACKING,8,6316720,6528,1937,1937,1795,0.0290348,3,0.000265495,27625,150,1076,263,13721,15758,1685,2513,19173
972,,TRACKING,8,6132002,6528,1273,1273,970,0.0416661,3,7.68535e-05,27699,154,1077,192,10751,11863,1155,2513,14627
978,,TRACKING,8,6274929,6528,1260,1260,955,0.0439864,3,0.000249825,27768,152,1113,161,10310,11360,1156,2686,16779
985,,TRACKING,8,6212750,6528,1985,1985,1831,0.0285052,3,0.000111386,27876,149,1063,245,13558,15569,1628,2686,18851
992,LiDAR scans overlap a previously propagated interval,TRACKING,8,6212750,6528,1985,1985,1831,0.0285052,3,0.000111386,27876,149,1063,245,13558,15569,1628,2686,18851
999,,TRACKING,13,6044764,6528,1193,1193,889,0.0421245,3,8.77369e-05,27949,244,1050,201,10283,11409,1398,2686,14496
1006,LiDAR scans overlap a previously propagated interval,TRACKING,13,6044764,6528,1193,1193,889,0.0421245,3,8.77369e-05,27949,244,1050,201,10283,11409,1398,2686,14496
1013,,TRACKING,14,6250900,6528,1512,1512,1206,0.0435168,3,0.000466424,28085,262,1052,184,11795,13134,1827,2686,16633
1019,,TRACKING,7,6125551,6528,1021,1021,724,0.0436858,3,0.00017349,28130,138,1023,172,8288,9082,850,2686,11401
