time_ns,status,iterations,residual_rms,map_points
1701245215591902282,SUCCEEDED,6,0.104139,3842
1701245215658233907,SUCCEEDED,7,0.0821793,5101
1701245215691392210,SUCCEEDED,6,0.0820165,6498
1701245215725162771,SUCCEEDED,5,0.152912,7012
1701245215758171108,SUCCEEDED,10,0.0730036,8092
1701245215791394737,SUCCEEDED,6,0.0597508,8981
1701245215825384643,SUCCEEDED,4,0.083543,9308
1701245215891864088,SUCCEEDED,7,0.0603557,10086
1701245215958210018,SUCCEEDED,5,0.0677957,10869
1701245215991404321,SUCCEEDED,4,0.0567379,11592
1701245216058186558,SUCCEEDED,6,0.066663,12303
1701245216091319349,SUCCEEDED,4,0.0500243,12878
1701245216125378874,SUCCEEDED,3,0.0708964,13080
1701245216191898849,SUCCEEDED,4,0.0511195,13677
1701245216258217123,SUCCEEDED,5,0.0591798,14181
1701245216291404512,SUCCEEDED,4,0.0459673,14716
1701245216325298813,SUCCEEDED,3,0.0654959,14932
1701245216358179357,SUCCEEDED,3,0.0607785,15383
1701245216391349819,SUCCEEDED,3,0.0407222,15782
1701245216425440099,SUCCEEDED,4,0.0589812,16017
1701245216491645363,SUCCEEDED,3,0.0432909,16433
1701245216558221605,SUCCEEDED,4,0.0536606,16758
1701245216591420915,SUCCEEDED,3,0.0358493,16997
1701245216625165489,SUCCEEDED,3,0.0484004,17150
1701245216691306141,SUCCEEDED,3,0.0333399,17430
1701245216725390699,SUCCEEDED,4,0.0492059,17636
1701245216791842726,SUCCEEDED,3,0.0354527,17847
1701245216858205107,SUCCEEDED,4,0.0504711,18026
1701245216891379860,SUCCEEDED,3,0.0345846,18246
1701245216925147560,SUCCEEDED,3,0.047252,18439
1701245216958185938,SUCCEEDED,3,0.065349,18707
1701245216991356638,SUCCEEDED,3,0.0406458,19017
1701245217025377300,SUCCEEDED,3,0.0578792,19330
1701245217091874388,SUCCEEDED,3,0.0393241,19642
1701245217158236053,SUCCEEDED,4,0.0478141,19745
1701245217191397932,SUCCEEDED,3,0.0404347,20085
1701245217225171592,SUCCEEDED,3,0.0486809,20392
1701245217258185413,SUCCEEDED,3,0.0512716,20527
1701245217291280296,SUCCEEDED,3,0.0395899,20830
1701245217325351503,SUCCEEDED,3,0.0542263,21186
1701245217391843345,SUCCEEDED,3,0.036862,21408
1701245217458248165,SUCCEEDED,3,0.0475553,21484
1701245217491392162,SUCCEEDED,3,0.0415694,21781
1701245217525164154,SUCCEEDED,3,0.0488665,22096
1701245217558193710,SUCCEEDED,3,0.0492124,22173
1701245217591326263,SUCCEEDED,3,0.0427952,22448
1701245217625384357,SUCCEEDED,3,0.0456858,22744
1701245217691833284,SUCCEEDED,3,0.0378118,22977
1701245217758190182,SUCCEEDED,3,0.042177,23022
1701245217791400697,SUCCEEDED,3,0.0430836,23306
1701245217825181511,SUCCEEDED,2,0.0411965,23567
1701245217858146217,SUCCEEDED,3,0.0439218,23616
1701245217891317156,SUCCEEDED,3,0.0389344,23862
1701245217925356891,SUCCEEDED,3,0.0391577,24122
1701245217991874960,SUCCEEDED,3,0.0410272,24376
1701245218058225897,SUCCEEDED,3,0.0444634,24413
1701245218091399696,SUCCEEDED,3,0.0412318,24668
1701245218125148800,SUCCEEDED,3,0.0401463,24879
1701245218191338804,SUCCEEDED,3,0.0442282,25091
1701245218225391653,SUCCEEDED,3,0.0381469,25298
1701245218291860607,SUCCEEDED,3,0.0403188,25469
1701245218358187225,SUCCEEDED,3,0.0453367,25518
1701245218391396787,SUCCEEDED,3,0.0456085,25709
1701245218425141599,SUCCEEDED,3,0.0362955,25903
1701245218458159473,SUCCEEDED,3,0.0429932,25951
1701245218491317060,SUCCEEDED,3,0.041962,26129
1701245218525358942,SUCCEEDED,3,0.0332534,26298
1701245218591842678,SUCCEEDED,3,0.0453271,26490
1701245218658176925,SUCCEEDED,3,0.0424716,26552
1701245218691380527,SUCCEEDED,3,0.0440018,26708
1701245218725158956,SUCCEEDED,3,0.0356979,26889
1701245218758175638,SUCCEEDED,2,0.0431537,26959
1701245218791354683,SUCCEEDED,3,0.0452435,27087
1701245218825455454,SUCCEEDED,3,0.0322715,27234
1701245218891846683,SUCCEEDED,3,0.0455857,27378
1701245218958204057,SUCCEEDED,3,0.0424419,27446
1701245218991395023,SUCCEEDED,3,0.0417049,27524
1701245219025145796,SUCCEEDED,3,0.0290348,27625
1701245219058196333,SUCCEEDED,3,0.0416661,27699
1701245219091331270,SUCCEEDED,3,0.0439864,27768
1701245219125353601,SUCCEEDED,3,0.0285052,27876
1701245219191854503,SUCCEEDED,3,0.0421245,27949
1701245219258181122,SUCCEEDED,3,0.0435168,28085
1701245219291358497,SUCCEEDED,3,0.0436858,28130
1701245219325127867,SUCCEEDED,3,0.0322437,28234
1701245219358130958,SUCCEEDED,3,0.0467406,28377
1701245219391367939,SUCCEEDED,3,0.0415083,28434
1701245219425351408,SUCCEEDED,3,0.0329624,28587
1701245219491823223,SUCCEEDED,3,0.0395096,28614
1701245219558189180,SUCCEEDED,3,0.0415475,28718
1701245219591400888,SUCCEEDED,3,0.0376535,28741
1701245219625120428,SUCCEEDED,3,0.0318932,28866
1701245219658134487,SUCCEEDED,3,0.0418844,29035
1701245219691287782,SUCCEEDED,3,0.0413934,29069
1701245219725429085,SUCCEEDED,3,0.0358891,29216
1701245219791828897,SUCCEEDED,3,0.0414798,29239
1701245219858220365,SUCCEEDED,3,0.0425156,29371
1701245219891374376,SUCCEEDED,3,0.044129,29394
1701245219925128963,SUCCEEDED,3,0.0369823,29548
1701245219991344955,SUCCEEDED,3,0.0418221,29569
1701245220025342253,SUCCEEDED,3,0.0357223,29727
1701245220091870811,SUCCEEDED,3,0.0388237,29741
1701245220158220318,SUCCEEDED,2,0.0359632,29898
1701245220191378382,SUCCEEDED,3,0.0468586,29923
1701245220258142975,SUCCEEDED,3,0.0372766,30074
1701245220291345146,SUCCEEDED,3,0.0418581,30095
1701245220325411585,SUCCEEDED,3,0.0387845,30230
1701245220391862896,SUCCEEDED,3,0.0378849,30252
1701245220458182361,SUCCEEDED,3,0.0343028,30404
1701245220491450098,SUCCEEDED,3,0.0432625,30430
1701245220525188949,SUCCEEDED,2,0.0386904,30567
1701245220558132198,SUCCEEDED,3,0.0365027,30739
1701245220591350343,SUCCEEDED,3,0.0372009,30760
1701245220625341442,SUCCEEDED,3,0.0365216,30870
1701245220691853073,SUCCEEDED,3,0.0419864,30895
1701245220758208301,SUCCEEDED,3,0.0296729,30966
1701245220791374233,SUCCEEDED,3,0.0361127,30978
1701245220825168636,SUCCEEDED,3,0.0380408,31079
1701245220858177688,SUCCEEDED,3,0.0297279,31172
1701245220891303327,SUCCEEDED,3,0.0368217,31194
1701245220925475862,SUCCEEDED,3,0.0353189,31264
1701245220991840866,SUCCEEDED,3,0.039578,31295
1701245221058183697,SUCCEEDED,3,0.0313788,31405
1701245221091354158,SUCCEEDED,3,0.0407159,31454
1701245221125147608,SUCCEEDED,3,0.0435695,31538
1701245221158157852,SUCCEEDED,3,0.0300687,31638
1701245221191432503,SUCCEEDED,3,0.0417464,31697
1701245221225309637,SUCCEEDED,3,0.0407924,31771
1701245221291814831,SUCCEEDED,3,0.040384,31833
1701245221358262327,SUCCEEDED,3,0.0306281,31959
1701245221391373899,SUCCEEDED,3,0.0399705,32029
1701245221425153044,SUCCEEDED,3,0.041749,32086
1701245221458156374,SUCCEEDED,3,0.0299494,32178
1701245221491290596,SUCCEEDED,3,0.0418875,32262
1701245221525333431,SUCCEEDED,3,0.0389003,32309
1701245221591977146,SUCCEEDED,3,0.0391367,32379
1701245221658204820,SUCCEEDED,3,0.0303211,32471
1701245221691344049,SUCCEEDED,3,0.0399819,32558
1701245221725114610,SUCCEEDED,2,0.0408349,32594
1701245221758308676,SUCCEEDED,3,0.0294147,32687
1701245221791525629,SUCCEEDED,3,0.0402806,32788
1701245221825423744,SUCCEEDED,3,0.0385854,32810
1701245221891831663,SUCCEEDED,3,0.0390276,32908
1701245221958216217,SUCCEEDED,3,0.0322104,33019
1701245221991366413,SUCCEEDED,3,0.0385663,33124
1701245222058122900,SUCCEEDED,3,0.0319089,33228
1701245222091326263,SUCCEEDED,3,0.0345494,33308
1701245222125350740,SUCCEEDED,3,0.0411499,33325
1701245222191853550,SUCCEEDED,3,0.0352799,33418
1701245222258183744,SUCCEEDED,3,0.0330409,33515
1701245222291408088,SUCCEEDED,3,0.0345634,33611
1701245222325140026,SUCCEEDED,3,0.0385558,33626
1701245222358125713,SUCCEEDED,3,0.0344528,33723
1701245222391315487,SUCCEEDED,3,0.0339296,33822
1701245222425337579,SUCCEEDED,3,0.0356276,33833
1701245222491817501,SUCCEEDED,3,0.0328515,33911
1701245222558160331,SUCCEEDED,3,0.0327842,33992
1701245222591419246,SUCCEEDED,3,0.0334519,34083
1701245222658133772,SUCCEEDED,3,0.0333706,34159
1701245222691299227,SUCCEEDED,3,0.0325475,34252
1701245222725345876,SUCCEEDED,3,0.0382092,34260
1701245222791624811,SUCCEEDED,3,0.0327417,34335
1701245222858215120,SUCCEEDED,3,0.0342647,34431
1701245222891431597,SUCCEEDED,3,0.0320454,34525
1701245222925126341,SUCCEEDED,3,0.0381456,34536
1701245222991402653,SUCCEEDED,3,0.0306875,34636
1701245223025352981,SUCCEEDED,3,0.0415238,34652
1701245223091891792,SUCCEEDED,3,0.0304892,34740
1701245223158320930,SUCCEEDED,3,0.0372453,34808
1701245223191377428,SUCCEEDED,3,0.0290337,34890
1701245223258158949,SUCCEEDED,3,0.0373377,34961
1701245223291303184,SUCCEEDED,3,0.028646,35024
1701245223325327184,SUCCEEDED,3,0.0366281,35044
1701245223391844538,SUCCEEDED,3,0.0283839,35109
1701245223458256986,SUCCEEDED,3,0.0364708,35155
1701245223491385963,SUCCEEDED,3,0.0310003,35250
1701245223525107649,SUCCEEDED,3,0.0406255,35288
1701245223558132198,SUCCEEDED,3,0.040334,35349
1701245223591271189,SUCCEEDED,3,0.0280295,35408
1701245223625415828,SUCCEEDED,3,0.0396886,35443
1701245223691817310,SUCCEEDED,3,0.0272355,35498
1701245223758181598,SUCCEEDED,3,0.0375817,35528
1701245223791364219,SUCCEEDED,3,0.0272568,35614
1701245223858157900,SUCCEEDED,3,0.0387245,35648
1701245223891300466,SUCCEEDED,3,0.0274185,35724
1701245223925339010,SUCCEEDED,3,0.0393624,35779
1701245223991824177,SUCCEEDED,3,0.0269912,35827
1701245224058309582,SUCCEEDED,3,0.038276,35849
1701245224091352012,SUCCEEDED,3,0.0321695,35933
1701245224125101116,SUCCEEDED,3,0.0367626,36000
1701245224158121135,SUCCEEDED,3,0.0347693,36010
1701245224191306141,SUCCEEDED,3,0.0282789,36068
1701245224225338247,SUCCEEDED,3,0.0389543,36143
1701245224291654136,SUCCEEDED,3,0.0286825,36212
1701245224358189609,SUCCEEDED,3,0.0408183,36230
1701245224391368892,SUCCEEDED,3,0.0299165,36314
1701245224425119903,SUCCEEDED,3,0.0335323,36374
1701245224458127764,SUCCEEDED,3,0.0390515,36386
1701245224491260555,SUCCEEDED,3,0.0305928,36463
1701245224525362041,SUCCEEDED,3,0.0368507,36556
1701245224591843870,SUCCEEDED,3,0.0311394,36632
1701245224658159044,SUCCEEDED,3,0.039096,36647
1701245224691340950,SUCCEEDED,3,0.0329998,36729
1701245224725092914,SUCCEEDED,3,0.0327378,36811
1701245224758131769,SUCCEEDED,2,0.0373674,36822
1701245224791295793,SUCCEEDED,3,0.0323914,36887
1701245224825335529,SUCCEEDED,2,0.0320043,36954
1701245224891809013,SUCCEEDED,3,0.0345662,37039
1701245224958185222,SUCCEEDED,3,0.0376407,37045
1701245224991358068,SUCCEEDED,2,0.0361296,37120
1701245225025143650,SUCCEEDED,2,0.0326268,37182
1701245225058115270,SUCCEEDED,3,0.036705,37185
1701245225091251161,SUCCEEDED,3,0.0340731,37248
1701245225125446584,SUCCEEDED,3,0.0312872,37319
1701245225191840437,SUCCEEDED,3,0.0318704,37378
1701245225258157518,SUCCEEDED,2,0.0372334,37386
1701245225291357544,SUCCEEDED,3,0.0370988,37468
1701245225325105932,SUCCEEDED,3,0.0350763,37557
1701245225358129051,SUCCEEDED,3,0.0345242,37569
1701245225391325262,SUCCEEDED,3,0.0349853,37622
1701245225425329473,SUCCEEDED,3,0.0327327,37704
1701245225491808679,SUCCEEDED,3,0.0345894,37765
1701245225558136013,SUCCEEDED,3,0.0375408,37777
1701245225591347482,SUCCEEDED,3,0.0357466,37825
1701245225658102062,SUCCEEDED,3,0.0373541,37846
1701245225691276815,SUCCEEDED,2,0.0406935,37908
1701245225725307968,SUCCEEDED,3,0.029221,37982
1701245225791807201,SUCCEEDED,3,0.0372911,38019
1701245225858160999,SUCCEEDED,3,0.036127,38049
1701245225891341713,SUCCEEDED,3,0.0358356,38075
1701245225925118473,SUCCEEDED,3,0.0299783,38153
1701245225958103683,SUCCEEDED,2,0.038286,38181
1701245225991306808,SUCCEEDED,3,0.0388079,38217
1701245226025310781,SUCCEEDED,3,0.0279762,38270
1701245226091834095,SUCCEEDED,3,0.0361474,38298
1701245226158161428,SUCCEEDED,3,0.0349851,38333
1701245226191406515,SUCCEEDED,3,0.0373304,38351
1701245226225107935,SUCCEEDED,3,0.0292193,38414
1701245226258123663,SUCCEEDED,3,0.0372781,38467
1701245226291274097,SUCCEEDED,3,0.0364622,38486
1701245226325219896,SUCCEEDED,3,0.0330261,38563
1701245226391856458,SUCCEEDED,3,0.0353181,38577
1701245226458162811,SUCCEEDED,3,0.0365988,38637
1701245226491341141,SUCCEEDED,3,0.0352705,38644
1701245226525092151,SUCCEEDED,3,0.0330658,38698
1701245226558094766,SUCCEEDED,3,0.0333223,38752
1701245226591304090,SUCCEEDED,3,0.0350983,38763
1701245226625438717,SUCCEEDED,3,0.0321105,38840
1701245226691795137,SUCCEEDED,2,0.0371056,38847
1701245226758168724,SUCCEEDED,3,0.0345394,38906
1701245226791333702,SUCCEEDED,3,0.0351335,38914
1701245226825096395,SUCCEEDED,3,0.0327134,38994
1701245226891271141,SUCCEEDED,3,0.035023,38997
1701245226925313976,SUCCEEDED,3,0.0339978,39096
1701245226991847542,SUCCEEDED,3,0.0363192,39105
1701245227058148411,SUCCEEDED,3,0.033143,39173
1701245227091334608,SUCCEEDED,3,0.0351509,39181
1701245227125242975,SUCCEEDED,3,0.0338274,39233
1701245227158111360,SUCCEEDED,3,0.0316441,39294
1701245227191269901,SUCCEEDED,3,0.0335583,39302
1701245227225320366,SUCCEEDED,3,0.03255,39361
1701245227291791942,SUCCEEDED,2,0.0340282,39367
1701245227358144548,SUCCEEDED,3,0.0299359,39434
1701245227391346958,SUCCEEDED,3,0.0350122,39438
1701245227425104883,SUCCEEDED,3,0.0304378,39489
1701245227458097246,SUCCEEDED,3,0.0288929,39525
1701245227491249588,SUCCEEDED,3,0.0367646,39534
1701245227525303867,SUCCEEDED,3,0.0336997,39575
1701245227591789510,SUCCEEDED,3,0.034866,39582
1701245227658191231,SUCCEEDED,3,0.0280603,39639
1701245227691387203,SUCCEEDED,3,0.034743,39643
1701245227725091484,SUCCEEDED,3,0.034561,39702
1701245227758110550,SUCCEEDED,3,0.028642,39762
1701245227791296032,SUCCEEDED,3,0.0340756,39773
1701245227825433042,SUCCEEDED,3,0.0339272,39815
1701245227891799715,SUCCEEDED,2,0.0351207,39828
1701245227958193329,SUCCEEDED,3,0.0279371,39873
1701245227991370466,SUCCEEDED,3,0.0371351,39891
1701245228058128145,SUCCEEDED,3,0.0271422,39940
1701245228091261413,SUCCEEDED,3,0.0371255,39959
1701245228125388887,SUCCEEDED,3,0.0354557,39988
1701245228191797760,SUCCEEDED,3,0.0361816,39997
1701245228258164671,SUCCEEDED,3,0.0261669,40043
1701245228291323688,SUCCEEDED,3,0.0361477,40077
1701245228325108316,SUCCEEDED,3,0.0346659,40105
1701245228358088997,SUCCEEDED,3,0.0252991,40152
1701245228391293314,SUCCEEDED,2,0.0367596,40194
1701245228425307539,SUCCEEDED,3,0.0350541,40217
1701245228491780546,SUCCEEDED,3,0.0352972,40250
1701245228558146503,SUCCEEDED,3,0.0271501,40295
1701245228591339615,SUCCEEDED,3,0.0352201,40327
1701245228625094679,SUCCEEDED,3,0.035251,40339
1701245228691270855,SUCCEEDED,3,0.03637,40377
1701245228725434807,SUCCEEDED,3,0.0356187,40389
1701245228791820314,SUCCEEDED,3,0.0331171,40436
1701245228858161953,SUCCEEDED,3,0.0298804,40493
1701245228891319778,SUCCEEDED,3,0.0363678,40554
1701245228925068405,SUCCEEDED,3,0.0381155,40567
1701245228958083179,SUCCEEDED,3,0.0279414,40618
1701245228991238859,SUCCEEDED,3,0.034092,40669
1701245229025303867,SUCCEEDED,3,0.036012,40672
1701245229091769960,SUCCEEDED,3,0.0326354,40708
1701245229158153084,SUCCEEDED,3,0.0301547,40752
1701245229191331175,SUCCEEDED,3,0.0311427,40802
1701245229225084331,SUCCEEDED,3,0.0355973,40808
1701245229258113888,SUCCEEDED,3,0.0285332,40844
1701245229291246202,SUCCEEDED,3,0.0306413,40885
1701245229325214651,SUCCEEDED,3,0.0340002,40890
1701245229391811874,SUCCEEDED,3,0.0293414,40916
1701245229458133009,SUCCEEDED,3,0.0304674,40951
1701245229491320637,SUCCEEDED,3,0.0308406,40999
1701245229525106457,SUCCEEDED,3,0.0366692,41006
1701245229558090713,SUCCEEDED,3,0.0296381,41043
1701245229591296461,SUCCEEDED,2,0.0302044,41085
1701245229625373867,SUCCEEDED,3,0.033135,41087
1701245229691771057,SUCCEEDED,2,0.0294542,41122
1701245229758173254,SUCCEEDED,3,0.0311046,41149
1701245229791324880,SUCCEEDED,3,0.0293525,41196
1701245229858111408,SUCCEEDED,3,0.0312744,41236
1701245229891220835,SUCCEEDED,3,0.0290522,41293
1701245229925245073,SUCCEEDED,3,0.0325434,41302
1701245229991789129,SUCCEEDED,3,0.029627,41357
1701245230058131006,SUCCEEDED,3,0.0297122,41385
1701245230091382768,SUCCEEDED,3,0.0270008,41425
1701245230125078943,SUCCEEDED,3,0.0362363,41433
1701245230158116844,SUCCEEDED,3,0.0325232,41455
1701245230191276338,SUCCEEDED,3,0.0265544,41494
1701245230225323942,SUCCEEDED,2,0.0353206,41502
1701245230291778114,SUCCEEDED,3,0.0280317,41567
1701245230358139065,SUCCEEDED,3,0.0362967,41593
1701245230391312387,SUCCEEDED,3,0.0249038,41623
1701245230425075081,SUCCEEDED,3,0.0354107,41654
1701245230458101776,SUCCEEDED,3,0.0357374,41689
1701245230491241243,SUCCEEDED,3,0.0253768,41722
1701245230525290039,SUCCEEDED,3,0.0358264,41746
1701245230591776874,SUCCEEDED,3,0.0243155,41778
1701245230658176210,SUCCEEDED,3,0.0360767,41803
1701245230691313770,SUCCEEDED,3,0.0254726,41844
1701245230725087192,SUCCEEDED,3,0.0347563,41866
1701245230791223076,SUCCEEDED,3,0.0258121,41913
1701245230825346496,SUCCEEDED,3,0.0383058,41950
1701245230891790178,SUCCEEDED,3,0.0248896,41995
1701245230958124187,SUCCEEDED,3,0.0375612,42012
1701245230991329696,SUCCEEDED,2,0.028595,42072
1701245231058107164,SUCCEEDED,3,0.0347991,42083
1701245231091229942,SUCCEEDED,3,0.0254243,42115
1701245231125339773,SUCCEEDED,3,0.0359919,42172
1701245231191843059,SUCCEEDED,3,0.0262724,42208
1701245231258154180,SUCCEEDED,3,0.0365132,42218
1701245231291287925,SUCCEEDED,3,0.0278301,42259
1701245231325055626,SUCCEEDED,3,0.0320127,42287
1701245231358093288,SUCCEEDED,3,0.037269,42295
1701245231391275909,SUCCEEDED,3,0.0296732,42344
1701245231425425794,SUCCEEDED,3,0.0325395,42378
1701245231491770771,SUCCEEDED,3,0.0279433,42419
1701245231558117178,SUCCEEDED,3,0.035032,42425
1701245231591309574,SUCCEEDED,3,0.0293422,42465
1701245231658112076,SUCCEEDED,3,0.0357738,42470
1701245231691295650,SUCCEEDED,3,0.0279855,42506
1701245231725215223,SUCCEEDED,3,0.0295802,42543
1701245231791765955,SUCCEEDED,3,0.03012,42574
1701245231858145502,SUCCEEDED,3,0.0341873,42581
1701245231891297128,SUCCEEDED,3,0.0306096,42625
1701245231925085809,SUCCEEDED,3,0.030515,42666
1701245231958079841,SUCCEEDED,3,0.0335968,42671
1701245231991245058,SUCCEEDED,3,0.0308508,42713
1701245232025291946,SUCCEEDED,3,0.0283913,42761
1701245232091816690,SUCCEEDED,3,0.0297174,42800
1701245232158142116,SUCCEEDED,3,0.0372804,42810
1701245232191318062,SUCCEEDED,2,0.0336108,42847
1701245232225109127,SUCCEEDED,3,0.0281343,42877
1701245232258113649,SUCCEEDED,2,0.037053,42885
1701245232291226413,SUCCEEDED,3,0.0321727,42917
1701245232325192240,SUCCEEDED,3,0.0268271,42953
1701245232391776588,SUCCEEDED,3,0.034147,42990
1701245232458166626,SUCCEEDED,2,0.0372259,43003
1701245232491288688,SUCCEEDED,3,0.0356127,43043
1701245232525070694,SUCCEEDED,3,0.0277949,43084
1701245232558206823,SUCCEEDED,2,0.0361943,43101
1701245232591377523,SUCCEEDED,2,0.0344538,43139
1701245232625304010,SUCCEEDED,3,0.0249427,43171
1701245232691738394,SUCCEEDED,3,0.0360491,43211
1701245232758121040,SUCCEEDED,3,0.0354475,43230
1701245232791318681,SUCCEEDED,3,0.0371325,43262
1701245232858082798,SUCCEEDED,3,0.0362158,43280
1701245232891202238,SUCCEEDED,3,0.0340385,43308
1701245232925200489,SUCCEEDED,3,0.0256571,43343
1701245232991795805,SUCCEEDED,3,0.035186,43367
1701245233058156755,SUCCEEDED,3,0.0347386,43397
1701245233091284540,SUCCEEDED,3,0.0336517,43406
1701245233125067022,SUCCEEDED,3,0.0255568,43433
1701245233191269901,SUCCEEDED,3,0.0341007,43446
1701245233225277212,SUCCEEDED,3,0.0264957,43483
1701245233291751411,SUCCEEDED,3,0.0358435,43495
1701245233358109977,SUCCEEDED,3,0.0361356,43533
1701245233391407993,SUCCEEDED,3,0.035709,43545
1701245233458097723,SUCCEEDED,3,0.0323844,43585
1701245233491231945,SUCCEEDED,3,0.0343286,43590
1701245233525269058,SUCCEEDED,3,0.0290538,43639
1701245233591750648,SUCCEEDED,3,0.0338044,43645
1701245233658143308,SUCCEEDED,3,0.0328853,43680
1701245233691294697,SUCCEEDED,2,0.0352779,43684
1701245233725071695,SUCCEEDED,3,0.0275141,43713
1701245233758066442,SUCCEEDED,3,0.0308141,43752
1701245233791278389,SUCCEEDED,2,0.0340969,43758
1701245233825267818,SUCCEEDED,3,0.0298527,43792
1701245233891738680,SUCCEEDED,3,0.0335486,43798
1701245233958129909,SUCCEEDED,3,0.0286301,43842
1701245233991323259,SUCCEEDED,2,0.0358201,43854
1701245234058059719,SUCCEEDED,3,0.0299273,43887
1701245234091230181,SUCCEEDED,3,0.0325015,43890
1701245234125187423,SUCCEEDED,3,0.0291603,43920
1701245234191783932,SUCCEEDED,2,0.0323539,43924
1701245234258128431,SUCCEEDED,3,0.0279608,43966
1701245234291286495,SUCCEEDED,2,0.034401,43966
1701245234325023201,SUCCEEDED,3,0.0313064,43996
1701245234358083036,SUCCEEDED,3,0.0280887,44038
1701245234391253736,SUCCEEDED,3,0.034762,44045
1701245234425274875,SUCCEEDED,2,0.0297904,44078
1701245234491799381,SUCCEEDED,2,0.0342544,44083
1701245234558119562,SUCCEEDED,3,0.027058,44124
1701245234591355112,SUCCEEDED,2,0.0318693,44133
1701245234658068922,SUCCEEDED,3,0.0277186,44170
1701245234691255119,SUCCEEDED,3,0.0372299,44182
1701245234725186613,SUCCEEDED,3,0.0321887,44210
1701245234791788843,SUCCEEDED,3,0.0343695,44213
1701245234858044174,SUCCEEDED,3,0.0259748,44253
1701245234891287830,SUCCEEDED,3,0.0367847,44263
1701245234925090339,SUCCEEDED,3,0.0355205,44294
1701245234958052185,SUCCEEDED,3,0.0262431,44323
1701245234991254833,SUCCEEDED,3,0.0352228,44339
1701245235025350597,SUCCEEDED,3,0.0339553,44362
1701245235091777590,SUCCEEDED,3,0.0349321,44380
1701245235158119228,SUCCEEDED,3,0.0252854,44408
1701245235191294697,SUCCEEDED,2,0.036869,44430
1701245235258070972,SUCCEEDED,3,0.0260346,44455
1701245235291214493,SUCCEEDED,3,0.036552,44489
1701245235325191047,SUCCEEDED,3,0.0353504,44516
1701245235391766336,SUCCEEDED,3,0.0329354,44539
1701245235458116558,SUCCEEDED,3,0.0253757,44586
1701245235491319444,SUCCEEDED,3,0.0345309,44620
1701245235525067833,SUCCEEDED,3,0.0352305,44628
1701245235558066395,SUCCEEDED,3,0.0249424,44661
1701245235591254499,SUCCEEDED,3,0.0359165,44686
1701245235625252273,SUCCEEDED,3,0.0351257,44696
1701245235691737201,SUCCEEDED,3,0.0349836,44725
1701245235758119610,SUCCEEDED,3,0.0269572,44754
1701245235791302469,SUCCEEDED,3,0.0322352,44783
1701245235825036314,SUCCEEDED,3,0.0328443,44788
1701245235858072546,SUCCEEDED,3,0.0276826,44823
1701245235891244200,SUCCEEDED,3,0.0332228,44855
1701245235925188568,SUCCEEDED,3,0.0336074,44858
1701245235991763380,SUCCEEDED,2,0.0308286,44885
1701245236058125999,SUCCEEDED,3,0.0274546,44908
1701245236091306474,SUCCEEDED,3,0.0321894,44942
1701245236125037220,SUCCEEDED,3,0.0339206,44946
1701245236158060577,SUCCEEDED,3,0.0270067,44965
1701245236191243198,SUCCEEDED,2,0.0288091,45007
1701245236225258615,SUCCEEDED,3,0.0347433,45010
1701245236291743305,SUCCEEDED,3,0.0273887,45038
1701245236358092811,SUCCEEDED,3,0.0279737,45065
1701245236391293791,SUCCEEDED,3,0.0295956,45101
1701245236458065059,SUCCEEDED,2,0.0281334,45137
1701245236491220739,SUCCEEDED,3,0.0283752,45164
1701245236525336530,SUCCEEDED,3,0.0344749,45169
1701245236591746118,SUCCEEDED,2,0.0279227,45197
1701245236658139494,SUCCEEDED,3,0.0293392,45214
1701245236691276577,SUCCEEDED,3,0.0276779,45241
1701245236725082424,SUCCEEDED,3,0.029985,45242
1701245236758076694,SUCCEEDED,3,0.0308134,45275
1701245236791263845,SUCCEEDED,2,0.0282724,45304
1701245236825185564,SUCCEEDED,3,0.0338127,45307
1701245236891731766,SUCCEEDED,3,0.0284431,45336
1701245236958104875,SUCCEEDED,3,0.0302278,45364
1701245236991285112,SUCCEEDED,3,0.0245294,45391
1701245237057416704,SUCCEEDED,3,0.0326168,45425
1701245237091345098,SUCCEEDED,3,0.0254539,45454
1701245237125235822,SUCCEEDED,3,0.0333506,45462
1701245237191766289,SUCCEEDED,3,0.027645,45500
1701245237258085516,SUCCEEDED,3,0.0344089,45531
1701245237291266706,SUCCEEDED,3,0.0243894,45568
1701245237325093534,SUCCEEDED,3,0.0340722,45580
1701245237358044889,SUCCEEDED,3,0.0345258,45594
1701245237391281154,SUCCEEDED,3,0.0253029,45619
1701245237425285127,SUCCEEDED,3,0.033353,45634
1701245237491779592,SUCCEEDED,3,0.0249956,45673
1701245237558134105,SUCCEEDED,3,0.0348261,45697
1701245237591286686,SUCCEEDED,3,0.0225549,45729
1701245237625015047,SUCCEEDED,3,0.0345501,45747
1701245237691203144,SUCCEEDED,4,0.0245193,45765
1701245237725178268,SUCCEEDED,3,0.0344668,45778
1701245237791759756,SUCCEEDED,3,0.0227451,45802
1701245237858190563,SUCCEEDED,3,0.0335672,45810
1701245237891275194,SUCCEEDED,3,0.0247124,45835
1701245237925042656,SUCCEEDED,3,0.0328771,45854
1701245237958038357,SUCCEEDED,3,0.0338751,45864
1701245237991242912,SUCCEEDED,3,0.0254155,45890
1701245238025243786,SUCCEEDED,3,0.0353923,45931
1701245238091751840,SUCCEEDED,3,0.026045,45963
1701245238158095863,SUCCEEDED,3,0.0345807,45969
1701245238191286829,SUCCEEDED,3,0.0272095,45999
1701245238258031156,SUCCEEDED,3,0.0338116,46000
1701245238291246441,SUCCEEDED,3,0.0263821,46027
1701245238325344827,SUCCEEDED,3,0.0311494,46055
1701245238391724851,SUCCEEDED,3,0.0261957,46079
1701245238458112505,SUCCEEDED,3,0.0309268,46079
1701245238491278198,SUCCEEDED,3,0.02846,46115
1701245238525045660,SUCCEEDED,3,0.0296931,46139
1701245238558077839,SUCCEEDED,3,0.0356963,46140
1701245238591223982,SUCCEEDED,3,0.0264074,46167
1701245238625170973,SUCCEEDED,3,0.028242,46201
1701245238691727426,SUCCEEDED,3,0.0274449,46223
1701245238758255747,SUCCEEDED,3,0.032855,46225
1701245238791270044,SUCCEEDED,3,0.028791,46264
1701245238858036068,SUCCEEDED,3,0.0335628,46268
1701245238891198662,SUCCEEDED,3,0.0297143,46292
1701245238925185230,SUCCEEDED,2,0.0279058,46322
1701245238991770771,SUCCEEDED,2,0.0296216,46351
1701245239058098581,SUCCEEDED,3,0.0337562,46355
1701245239091304806,SUCCEEDED,3,0.032147,46385
1701245239158032444,SUCCEEDED,3,0.0347744,46396
1701245239191212442,SUCCEEDED,3,0.0298566,46407
1701245239225213554,SUCCEEDED,3,0.0259873,46428
1701245239291705396,SUCCEEDED,2,0.0315631,46448
1701245239358083275,SUCCEEDED,3,0.0344214,46457
1701245239391276148,SUCCEEDED,3,0.0312831,46477
1701245239458045509,SUCCEEDED,3,0.0352029,46487
1701245239491199043,SUCCEEDED,3,0.0348812,46513
1701245239525160339,SUCCEEDED,3,0.0242649,46538
1701245239591747549,SUCCEEDED,3,0.0364719,46563
1701245239658079651,SUCCEEDED,3,0.0329469,46568
1701245239691316154,SUCCEEDED,3,0.0344331,46589
1701245239725048330,SUCCEEDED,3,0.0253252,46617
1701245239758027580,SUCCEEDED,3,0.0339277,46627
1701245239791231182,SUCCEEDED,3,0.0330686,46648
1701245239825205829,SUCCEEDED,3,0.0244179,46676
1701245239891466882,SUCCEEDED,3,0.0340179,46689
1701245239958096292,SUCCEEDED,3,0.0340727,46710
1701245239991260078,SUCCEEDED,3,0.0333309,46722
1701245240025075224,SUCCEEDED,3,0.023255,46747
1701245240058020141,SUCCEEDED,3,0.0324922,46767
1701245240091328886,SUCCEEDED,3,0.0336704,46775
1701245240125174787,SUCCEEDED,3,0.0233528,46802
1701245240191729334,SUCCEEDED,3,0.0342344,46810
1701245240258083847,SUCCEEDED,3,0.0324095,46836
1701245240291237142,SUCCEEDED,3,0.0338355,46842
1701245240325037267,SUCCEEDED,3,0.0253385,46864
1701245240391221550,SUCCEEDED,3,0.0332628,46872
1701245240425245312,SUCCEEDED,3,0.0269796,46891
1701245240491730478,SUCCEEDED,3,0.034158,46895
1701245240558071640,SUCCEEDED,4,0.0321379,46916
1701245240591248539,SUCCEEDED,3,0.032946,46922
1701245240658009079,SUCCEEDED,3,0.0305056,46959
1701245240691204098,SUCCEEDED,3,0.0352581,46964
1701245240725159195,SUCCEEDED,3,0.028355,46985
1701245240791734722,SUCCEEDED,3,0.0334369,46987
1701245240858075884,SUCCEEDED,3,0.0296696,47018
1701245240891248729,SUCCEEDED,3,0.0365027,47018
1701245240925022867,SUCCEEDED,3,0.0298161,47054
1701245240958050993,SUCCEEDED,3,0.0287795,47089
1701245240991327551,SUCCEEDED,3,0.0332315,47093
1701245241025226858,SUCCEEDED,3,0.0290422,47116
1701245241091697004,SUCCEEDED,3,0.0324287,47119
1701245241158118751,SUCCEEDED,3,0.028248,47142
1701245241191272762,SUCCEEDED,3,0.0364022,47146
1701245241258051422,SUCCEEDED,3,0.0271101,47174
1701245241291229990,SUCCEEDED,3,0.0331461,47177
1701245241325196054,SUCCEEDED,3,0.0294166,47198
1701245241391573217,SUCCEEDED,3,0.0330991,47198
1701245241458089140,SUCCEEDED,3,0.0260004,47219
1701245241491362360,SUCCEEDED,3,0.0339092,47222
1701245241525022295,SUCCEEDED,3,0.0325793,47247
1701245241558050897,SUCCEEDED,3,0.0276245,47278
1701245241591226843,SUCCEEDED,2,0.0336939,47282
1701245241625170734,SUCCEEDED,3,0.030088,47305
1701245241691754368,SUCCEEDED,3,0.0344459,47313
1701245241758100775,SUCCEEDED,3,0.0261987,47337
1701245241791236427,SUCCEEDED,3,0.0319305,47346
1701245241858037021,SUCCEEDED,3,0.0269316,47375
1701245241891269949,SUCCEEDED,3,0.0345854,47382
1701245241925148037,SUCCEEDED,3,0.0318886,47401
1701245241991780308,SUCCEEDED,3,0.0322106,47411
1701245242058076170,SUCCEEDED,3,0.0237747,47440
1701245242091244962,SUCCEEDED,3,0.0347897,47452
1701245242125005033,SUCCEEDED,3,0.0340203,47468
1701245242158025530,SUCCEEDED,3,0.0238808,47488
1701245242191224125,SUCCEEDED,3,0.0333969,47509
1701245242225144174,SUCCEEDED,3,0.0341311,47520
1701245242291504410,SUCCEEDED,3,0.031445,47532
1701245242358102825,SUCCEEDED,3,0.0250476,47554
1701245242391253736,SUCCEEDED,3,0.0335592,47571
1701245242458172586,SUCCEEDED,3,0.0265047,47604
1701245242491215971,SUCCEEDED,3,0.0330276,47618
1701245242525137451,SUCCEEDED,3,0.0335054,47622
1701245242591765669,SUCCEEDED,3,0.032946,47643
1701245242658062246,SUCCEEDED,3,0.0261972,47672
1701245242691231516,SUCCEEDED,3,0.0307718,47691
1701245242724991110,SUCCEEDED,3,0.0307217,47696
1701245242758044985,SUCCEEDED,3,0.0251901,47714
1701245242791211870,SUCCEEDED,3,0.0308872,47750
1701245242825139311,SUCCEEDED,2,0.0357231,47757
1701245242891688373,SUCCEEDED,3,0.0337499,47784
1701245242958080318,SUCCEEDED,4,0.0356016,47860
1701245242991233137,SUCCEEDED,3,0.0337831,47907
1701245243058006552,SUCCEEDED,4,0.0404226,48086
1701245243091193941,SUCCEEDED,4,0.0344561,48157
1701245243125179556,SUCCEEDED,3,0.067434,48179
1701245243191706922,SUCCEEDED,3,0.032097,48271
1701245243258103397,SUCCEEDED,3,0.0381245,48508
1701245243291262415,SUCCEEDED,3,0.0292681,48599
1701245243324991491,SUCCEEDED,3,0.0436145,48610
1701245243358032015,SUCCEEDED,3,0.036251,48763
1701245243391430881,SUCCEEDED,3,0.0371757,48917
1701245243425144937,SUCCEEDED,3,0.0447413,48930
1701245243491669204,SUCCEEDED,3,0.0316346,49106
1701245243558051136,SUCCEEDED,3,0.0318463,49163
1701245243591249254,SUCCEEDED,3,0.029528,49294
1701245243658012417,SUCCEEDED,3,0.0335929,49351
1701245243691165474,SUCCEEDED,3,0.0309258,49458
1701245243725122240,SUCCEEDED,2,0.0353942,49463
1701245243791716602,SUCCEEDED,4,0.0283981,49589
1701245243858094242,SUCCEEDED,4,0.0362339,49652
1701245243891322162,SUCCEEDED,3,0.029647,49783
1701245243957417515,SUCCEEDED,3,0.0365612,49828
1701245243991212156,SUCCEEDED,3,0.0322244,50013
1701245244025378969,SUCCEEDED,2,0.0364802,50027
1701245244091676023,SUCCEEDED,3,0.033474,50244
1701245244158226278,SUCCEEDED,4,0.0399796,50292
1701245244191234854,SUCCEEDED,3,0.0327529,50539
1701245244258015898,SUCCEEDED,3,0.0383246,50582
1701245244291182068,SUCCEEDED,3,0.0349442,50877
1701245244325121668,SUCCEEDED,3,0.0377067,50898
1701245244391738680,SUCCEEDED,3,0.0374135,51207
1701245244458059099,SUCCEEDED,3,0.0386859,51237
1701245244491241005,SUCCEEDED,3,0.0379755,51556
1701245244558048513,SUCCEEDED,3,0.041028,51598
1701245244591212299,SUCCEEDED,3,0.0409583,52018
1701245244625160244,SUCCEEDED,3,0.0442051,52065
1701245244691767242,SUCCEEDED,3,0.0404204,52467
1701245244758046892,SUCCEEDED,3,0.0418871,52499
1701245244791259077,SUCCEEDED,3,0.0384066,52884
1701245244858015802,SUCCEEDED,3,0.0498854,52923
1701245244891180542,SUCCEEDED,3,0.0392806,53275
1701245244925159719,SUCCEEDED,3,0.0454512,53376
1701245244991783884,SUCCEEDED,3,0.0357509,53706
1701245245058043268,SUCCEEDED,3,0.042241,53725
1701245245091268327,SUCCEEDED,3,0.0392453,54053
1701245245124981430,SUCCEEDED,3,0.0417507,54180
1701245245157998588,SUCCEEDED,3,0.0411563,54192
1701245245191185501,SUCCEEDED,3,0.0421024,54527
1701245245225121286,SUCCEEDED,3,0.0433933,54675
1701245245291696337,SUCCEEDED,3,0.0398592,54988
1701245245358058479,SUCCEEDED,3,0.0361548,54996
1701245245391278532,SUCCEEDED,3,0.0389467,55269
1701245245425035503,SUCCEEDED,3,0.0433798,55456
1701245245491218355,SUCCEEDED,3,0.0406103,55687
1701245245525156286,SUCCEEDED,3,0.0445373,55893
1701245245591674831,SUCCEEDED,3,0.0375872,56104
1701245245658023622,SUCCEEDED,3,0.0398156,56112
1701245245691215303,SUCCEEDED,4,0.038865,56301
1701245245724967029,SUCCEEDED,3,0.0391748,56487
1701245245758003977,SUCCEEDED,3,0.0366588,56495
1701245245791193273,SUCCEEDED,3,0.041944,56665
1701245245825208452,SUCCEEDED,3,0.0372888,56881
1701245245891675737,SUCCEEDED,3,0.0385037,57013
1701245245958032635,SUCCEEDED,3,0.0368578,57021
1701245245991210010,SUCCEEDED,3,0.0400987,57157
1701245246057983663,SUCCEEDED,3,0.0374011,57162
1701245246091204193,SUCCEEDED,4,0.0403721,57279
1701245246125125911,SUCCEEDED,3,0.034621,57529
1701245246191701200,SUCCEEDED,3,0.0434004,57637
1701245246258056429,SUCCEEDED,3,0.039323,57650
1701245246291215208,SUCCEEDED,3,0.0432573,57732
1701245246325039890,SUCCEEDED,4,0.0353421,58001
1701245246357993629,SUCCEEDED,2,0.0422328,58012
1701245246391197708,SUCCEEDED,3,0.0402132,58068
1701245246425131347,SUCCEEDED,4,0.0362914,58350
1701245246491668012,SUCCEEDED,3,0.0438474,58427
1701245246558010128,SUCCEEDED,3,0.0414685,58443
1701245246591214206,SUCCEEDED,3,0.0419884,58482
1701245246625004795,SUCCEEDED,4,0.0356585,58751
1701245246658012178,SUCCEEDED,3,0.0385998,58781
1701245246691175964,SUCCEEDED,3,0.0398302,58829
1701245246725115087,SUCCEEDED,4,0.0343045,59083
1701245246791684416,SUCCEEDED,3,0.0370149,59103
1701245246858043936,SUCCEEDED,3,0.0406629,59127
1701245246891319778,SUCCEEDED,3,0.0389906,59151
1701245246958124664,SUCCEEDED,4,0.0395639,59195
1701245246991194752,SUCCEEDED,3,0.0392455,59217
1701245247025152710,SUCCEEDED,4,0.0343369,59468
1701245247091678884,SUCCEEDED,3,0.0401879,59486
1701245247158037689,SUCCEEDED,3,0.0412212,59534
1701245247191202429,SUCCEEDED,3,0.038175,59541
1701245247257982757,SUCCEEDED,4,0.0405327,59617
1701245247291170862,SUCCEEDED,3,0.0383403,59626
1701245247325121668,SUCCEEDED,4,0.0358678,59875
1701245247391669777,SUCCEEDED,3,0.0364901,59885
1701245247458018091,SUCCEEDED,3,0.0399421,59960
1701245247491229322,SUCCEEDED,3,0.0354745,59970
1701245247524958399,SUCCEEDED,4,0.0367982,60177
1701245247557993915,SUCCEEDED,3,0.0371668,60263
1701245247591181066,SUCCEEDED,3,0.0432663,60272
1701245247625132826,SUCCEEDED,4,0.0354363,60460
1701245247691721704,SUCCEEDED,3,0.0387203,60467
1701245247758044269,SUCCEEDED,4,0.0383241,60579
1701245247791294363,SUCCEEDED,3,0.0397443,60584
1701245247825003174,SUCCEEDED,4,0.0347773,60719
1701245247857970503,SUCCEEDED,4,0.0358825,60847
1701245247891196993,SUCCEEDED,3,0.0363843,60858
1701245247925113466,SUCCEEDED,3,0.0369733,60967
1701245247991701391,SUCCEEDED,3,0.0357055,60977
1701245248058027532,SUCCEEDED,4,0.0352115,61099
1701245248091214206,SUCCEEDED,3,0.0350749,61101
1701245248124971893,SUCCEEDED,4,0.0362951,61180
1701245248158023145,SUCCEEDED,3,0.0323935,61298
1701245248191178587,SUCCEEDED,2,0.0372462,61306
1701245248225144651,SUCCEEDED,3,0.0358432,61387
1701245248291670587,SUCCEEDED,3,0.035763,61395
1701245248358045128,SUCCEEDED,4,0.0329676,61501
1701245248391304996,SUCCEEDED,3,0.0333254,61509
1701245248457981136,SUCCEEDED,5,0.0359861,61626
1701245248491225984,SUCCEEDED,3,0.0381469,61637
1701245248525144365,SUCCEEDED,4,0.0366796,61717
1701245248591689852,SUCCEEDED,3,0.037599,61732
1701245248658059147,SUCCEEDED,4,0.0361051,61856
1701245248691180971,SUCCEEDED,4,0.0386861,61880
1701245248724981811,SUCCEEDED,3,0.042183,61958
1701245248758008268,SUCCEEDED,3,0.0321101,62069
1701245248791181591,SUCCEEDED,3,0.0422193,62105
1701245248825166490,SUCCEEDED,3,0.0418196,62179
1701245248891716268,SUCCEEDED,3,0.0451506,62222
1701245248958042887,SUCCEEDED,4,0.0343577,62346
1701245248991202381,SUCCEEDED,3,0.0461481,62414
1701245249057996538,SUCCEEDED,4,0.0355516,62526
1701245249091203478,SUCCEEDED,3,0.0511131,62618
1701245249125099685,SUCCEEDED,3,0.0456872,62678
1701245249191692856,SUCCEEDED,4,0.0473679,62756
1701245249258023765,SUCCEEDED,4,0.0400022,62906
1701245249291270759,SUCCEEDED,3,0.0466575,62993
1701245249324981954,SUCCEEDED,2,0.0456035,63037
1701245249357987907,SUCCEEDED,3,0.040206,63228
1701245249391227033,SUCCEEDED,3,0.0459645,63329
1701245249425136593,SUCCEEDED,3,0.0428796,63363
1701245249491819170,SUCCEEDED,3,0.0464817,63485
1701245249558019665,SUCCEEDED,3,0.0411484,63723
1701245249591200617,SUCCEEDED,3,0.0476795,63868
1701245249657977607,SUCCEEDED,3,0.0442454,64254
1701245249691141155,SUCCEEDED,3,0.046881,64422
1701245249725127962,SUCCEEDED,3,0.0491029,64449
1701245249791692522,SUCCEEDED,4,0.0421324,64623
1701245249858014610,SUCCEEDED,4,0.043327,65333
1701245249891196277,SUCCEEDED,3,0.0434037,65556
1701245249958021906,SUCCEEDED,4,0.0432349,66125
1701245249991288450,SUCCEEDED,3,0.0464756,66437
1701245250025119093,SUCCEEDED,3,0.0469255,66453
1701245250091650274,SUCCEEDED,4,0.0447895,66800
1701245250158028867,SUCCEEDED,4,0.042769,67196
1701245250191206959,SUCCEEDED,3,0.0435441,67567
1701245250258245256,SUCCEEDED,4,0.044742,67931
1701245250291186359,SUCCEEDED,3,0.041582,68253
1701245250325082805,SUCCEEDED,3,0.0534887,68271
1701245250391652611,SUCCEEDED,4,0.0413955,68614
1701245250458144930,SUCCEEDED,4,0.0446989,68903
1701245250491201904,SUCCEEDED,4,0.0384046,69232
1701245250558002975,SUCCEEDED,3,0.0449423,69467
1701245250591152933,SUCCEEDED,3,0.040043,69801
1701245250625129488,SUCCEEDED,3,0.0404614,69817
1701245250691692856,SUCCEEDED,3,0.0385818,70117
1701245250758009460,SUCCEEDED,4,0.0439906,70342
1701245250791188505,SUCCEEDED,4,0.0373768,70633
1701245250825025347,SUCCEEDED,3,0.0469172,70657
1701245250857962158,SUCCEEDED,3,0.0427912,70806
1701245250891159323,SUCCEEDED,4,0.0400298,71154
1701245250925116565,SUCCEEDED,3,0.0402359,71177
1701245250991642978,SUCCEEDED,3,0.0377281,71515
1701245251058040884,SUCCEEDED,3,0.0498995,71654
1701245251091177490,SUCCEEDED,3,0.0375295,72037
1701245251157314327,SUCCEEDED,3,0.0469721,72134
1701245251191156414,SUCCEEDED,3,0.0388171,72607
1701245251225122001,SUCCEEDED,3,0.0517186,72637
1701245251291622904,SUCCEEDED,4,0.0404372,73078
1701245251357998636,SUCCEEDED,3,0.0437836,73135
1701245251391217258,SUCCEEDED,4,0.0403068,73622
1701245251457971361,SUCCEEDED,3,0.0537272,73690
1701245251491147306,SUCCEEDED,4,0.0409658,74185
1701245251525126245,SUCCEEDED,3,0.0439448,74237
1701245251591656950,SUCCEEDED,3,0.0423486,74729
1701245251658021000,SUCCEEDED,3,0.0423649,74759
1701245251691204574,SUCCEEDED,3,0.0420079,75234
1701245251724988725,SUCCEEDED,3,0.0464139,75321
1701245251791175630,SUCCEEDED,4,0.044268,75793
1701245251825099495,SUCCEEDED,3,0.0449015,75876
1701245251891674783,SUCCEEDED,3,0.0431532,76275
1701245251957986143,SUCCEEDED,3,0.0456493,76296
1701245251991191652,SUCCEEDED,3,0.0402305,76606
1701245252057982233,SUCCEEDED,3,0.0464003,76619
1701245252091183927,SUCCEEDED,4,0.0432535,76915
1701245252125083950,SUCCEEDED,3,0.0459914,77073
1701245252191711214,SUCCEEDED,4,0.0410913,77324
1701245252258103159,SUCCEEDED,3,0.0489284,77345
1701245252291192796,SUCCEEDED,5,0.0450675,77606
1701245252325129297,SUCCEEDED,3,0.0432851,77777
1701245252357958820,SUCCEEDED,3,0.0461947,77795
1701245252391156223,SUCCEEDED,3,0.0437049,78020
1701245252425175216,SUCCEEDED,3,0.0455174,78214
1701245252491448667,SUCCEEDED,3,0.0428428,78400
1701245252557997968,SUCCEEDED,3,0.0476074,78438
1701245252591310766,SUCCEEDED,4,0.0421288,78594
1701245252657973316,SUCCEEDED,3,0.0635828,78626
1701245252691134479,SUCCEEDED,3,0.0449377,78812
1701245252725096252,SUCCEEDED,3,0.0421794,79041
1701245252791641023,SUCCEEDED,3,0.0481493,79218
1701245252858000067,SUCCEEDED,3,0.0635036,79276
1701245252891159323,SUCCEEDED,3,0.0463541,79436
1701245252925171640,SUCCEEDED,4,0.0399435,79640
1701245252957942035,SUCCEEDED,3,0.0583203,79688
1701245252991139200,SUCCEEDED,3,0.0459111,79865
1701245253025103834,SUCCEEDED,4,0.0384939,80055
1701245253091613081,SUCCEEDED,3,0.0463663,80207
1701245253157990244,SUCCEEDED,3,0.0526381,80259
1701245253191200998,SUCCEEDED,3,0.0467159,80421
1701245253257952955,SUCCEEDED,3,0.0499668,80481
1701245253291143205,SUCCEEDED,3,0.0491759,80624
1701245253325078037,SUCCEEDED,4,0.0402506,80826
1701245253391663816,SUCCEEDED,4,0.0504659,80957
1701245253458005216,SUCCEEDED,3,0.0547276,81044
1701245253491185215,SUCCEEDED,3,0.0500896,81170
1701245253524920013,SUCCEEDED,4,0.0356705,81345
1701245253557969597,SUCCEEDED,3,0.0479511,81442
1701245253591164139,SUCCEEDED,3,0.0507299,81539
1701245253625128534,SUCCEEDED,3,0.0368556,81710
1701245253691820171,SUCCEEDED,3,0.0453285,81810
1701245253758014944,SUCCEEDED,3,0.0497191,81932
1701245253791165855,SUCCEEDED,3,0.0483326,82017
1701245253857962635,SUCCEEDED,4,0.0452625,82118
1701245253891163137,SUCCEEDED,3,0.0465762,82193
1701245253925088671,SUCCEEDED,4,0.0386029,82373
1701245253991439369,SUCCEEDED,3,0.0439429,82417
1701245254057998207,SUCCEEDED,3,0.0445028,82536
1701245254091156986,SUCCEEDED,3,0.0406769,82560
1701245254124953058,SUCCEEDED,4,0.0395698,82744
1701245254157952574,SUCCEEDED,3,0.0393455,82857
1701245254191150692,SUCCEEDED,3,0.0448524,82891
1701245254225078371,SUCCEEDED,4,0.0399519,83070
1701245254291641262,SUCCEEDED,2,0.0462849,83095
1701245254358022001,SUCCEEDED,3,0.0458771,83222
1701245254391158846,SUCCEEDED,3,0.0390664,83235
1701245254457979706,SUCCEEDED,4,0.0446007,83374
1701245254491185930,SUCCEEDED,3,0.0430538,83392
1701245254525085476,SUCCEEDED,3,0.0390169,83586
1701245254591635015,SUCCEEDED,3,0.04318,83603
1701245254657979753,SUCCEEDED,3,0.0407419,83774
1701245254691162374,SUCCEEDED,3,0.0416624,83783
1701245254757949140,SUCCEEDED,4,0.042469,83962
1701245254791177538,SUCCEEDED,2,0.0399384,83967
1701245254825073030,SUCCEEDED,3,0.0416297,84166
1701245254891634729,SUCCEEDED,3,0.0443676,84177
1701245254958008077,SUCCEEDED,4,0.0386756,84370
1701245254991213110,SUCCEEDED,2,0.039526,84378
1701245255057956960,SUCCEEDED,5,0.0409937,84593
1701245255091199425,SUCCEEDED,3,0.0427587,84599
1701245255125050333,SUCCEEDED,3,0.0446202,84795
1701245255191702154,SUCCEEDED,3,0.0423828,84799
1701245255257988956,SUCCEEDED,4,0.0420182,85090
1701245255291214016,SUCCEEDED,3,0.0285385,85093
1701245255324972894,SUCCEEDED,3,0.0406488,85245
1701245255358089235,SUCCEEDED,3,0.0386441,85513
1701245255391106632,SUCCEEDED,3,0.040404,85524
1701245255425072220,SUCCEEDED,3,0.0419139,85661
1701245255491614845,SUCCEEDED,3,0.043932,85680
1701245255557987955,SUCCEEDED,5,0.0422332,85999
1701245255591194179,SUCCEEDED,3,0.0426758,86020
1701245255657936123,SUCCEEDED,3,0.0380252,86340
1701245255691156891,SUCCEEDED,3,0.047445,86375
1701245255725058344,SUCCEEDED,3,0.0438064,86487
1701245255791620043,SUCCEEDED,3,0.0429925,86523
1701245255858011034,SUCCEEDED,4,0.0371548,86849
1701245255891165760,SUCCEEDED,3,0.0415276,86886
1701245255957353380,SUCCEEDED,4,0.0358496,87221
1701245255991137054,SUCCEEDED,3,0.0412057,87260
1701245256025104549,SUCCEEDED,3,0.0411218,87295
1701245256091641929,SUCCEEDED,3,0.0378312,87333
1701245256158049610,SUCCEEDED,3,0.034993,87588
1701245256191169765,SUCCEEDED,3,0.0421852,87643
1701245256257940557,SUCCEEDED,4,0.034155,87846
1701245256291160372,SUCCEEDED,3,0.0401308,87907
1701245256325079944,SUCCEEDED,3,0.0434932,87933
1701245256391632583,SUCCEEDED,3,0.0378518,87999
1701245256457998302,SUCCEEDED,4,0.0322982,88172
1701245256491159227,SUCCEEDED,3,0.0369917,88252
1701245256524957445,SUCCEEDED,2,0.0345942,88268
1701245256557946947,SUCCEEDED,3,0.0355685,88456
1701245256591171530,SUCCEEDED,3,0.0397242,88551
1701245256625144031,SUCCEEDED,3,0.034592,88554
1701245256691641119,SUCCEEDED,4,0.0407206,88653
1701245256757986572,SUCCEEDED,3,0.0346091,88811
1701245256791209009,SUCCEEDED,3,0.037455,88935
1701245256857937601,SUCCEEDED,3,0.0337446,89096
1701245256891109255,SUCCEEDED,3,0.0361915,89211
1701245256925057438,SUCCEEDED,2,0.035371,89212
1701245256991625335,SUCCEEDED,3,0.0346736,89338
1701245257057999399,SUCCEEDED,3,0.0375256,89503
1701245257091338184,SUCCEEDED,3,0.0341634,89612
1701245257157924917,SUCCEEDED,4,0.0376149,89784
1701245257191164043,SUCCEEDED,3,0.0347069,89942
1701245257225080517,SUCCEEDED,2,0.0410761,89944
1701245257291610029,SUCCEEDED,4,0.0325985,90126
1701245257357990530,SUCCEEDED,4,0.039474,90256
1701245257391186025,SUCCEEDED,3,0.0359024,90461
1701245257457949426,SUCCEEDED,4,0.0386829,90548
1701245257491166141,SUCCEEDED,3,0.0361545,90758
1701245257525041607,SUCCEEDED,2,0.0322763,90761
1701245257591666487,SUCCEEDED,3,0.0353444,90983
1701245257657975223,SUCCEEDED,3,0.0383227,91063
1701245257691119459,SUCCEEDED,3,0.0355825,91280
1701245257724938181,SUCCEEDED,2,0.0342927,91287
1701245257757948663,SUCCEEDED,3,0.0400712,91343
1701245257791104343,SUCCEEDED,3,0.036594,91526
1701245257825077799,SUCCEEDED,3,0.035059,91531
1701245257891628530,SUCCEEDED,3,0.0336308,91688
1701245257957985666,SUCCEEDED,3,0.0401019,91734
1701245257991318014,SUCCEEDED,3,0.0348798,91873
1701245258057939079,SUCCEEDED,3,0.0392117,91919
1701245258091241863,SUCCEEDED,3,0.033637,92047
1701245258125069645,SUCCEEDED,3,0.0379355,92058
1701245258191607263,SUCCEEDED,3,0.0347537,92196
1701245258257970836,SUCCEEDED,3,0.0434222,92246
1701245258291166332,SUCCEEDED,4,0.0352333,92385
1701245258357916382,SUCCEEDED,3,0.0405966,92409
1701245258391168859,SUCCEEDED,3,0.0321778,92548
1701245258425069835,SUCCEEDED,3,0.0385426,92574
1701245258491638687,SUCCEEDED,3,0.0309946,92686
1701245258557985571,SUCCEEDED,3,0.0425312,92705
1701245258591148641,SUCCEEDED,4,0.0328732,92813
1701245258657918718,SUCCEEDED,3,0.0401903,92831
1701245258691184309,SUCCEEDED,4,0.0356673,92949
1701245258725040939,SUCCEEDED,3,0.0394393,93017
1701245258791602876,SUCCEEDED,3,0.0332647,93120
1701245258857970264,SUCCEEDED,2,0.0399581,93134
1701245258891188886,SUCCEEDED,3,0.0321728,93227
1701245258957932260,SUCCEEDED,2,0.0371873,93236
1701245258991109636,SUCCEEDED,3,0.0340032,93342
1701245259025067594,SUCCEEDED,2,0.0346018,93411
1701245259091605690,SUCCEEDED,4,0.0314338,93501
1701245259157970455,SUCCEEDED,2,0.04002,93522
1701245259191143062,SUCCEEDED,4,0.033254,93601
1701245259224958446,SUCCEEDED,3,0.0335193,93681
1701245259257913378,SUCCEEDED,2,0.0326596,93685
1701245259291104582,SUCCEEDED,4,0.0332834,93769
1701245259325018671,SUCCEEDED,4,0.033526,93839
1701245259391635921,SUCCEEDED,3,0.0323881,93930
1701245259457967785,SUCCEEDED,3,0.0373881,93946
1701245259491141823,SUCCEEDED,3,0.0311908,94028
1701245259524979856,SUCCEEDED,3,0.0318947,94094
1701245259557914284,SUCCEEDED,2,0.0398306,94103
1701245259591099050,SUCCEEDED,3,0.0330775,94170
1701245259625040796,SUCCEEDED,3,0.0306203,94235
1701245259691649225,SUCCEEDED,3,0.032741,94300
1701245259757961538,SUCCEEDED,3,0.0378664,94311
1701245259791160372,SUCCEEDED,4,0.0342722,94378
1701245259857939270,SUCCEEDED,3,0.0380829,94390
1701245259891091135,SUCCEEDED,3,0.0351392,94448
1701245259925037411,SUCCEEDED,3,0.0320094,94532
1701245259991630342,SUCCEEDED,3,0.0395909,94606
1701245260057967451,SUCCEEDED,3,0.0378413,94610
1701245260091131714,SUCCEEDED,3,0.035506,94667
1701245260124924209,SUCCEEDED,3,0.0323175,94758
1701245260157961157,SUCCEEDED,2,0.0360458,94764
1701245260191102054,SUCCEEDED,3,0.0378325,94812
1701245260225039270,SUCCEEDED,3,0.0313113,94901
1701245260291619089,SUCCEEDED,3,0.0397274,94948
1701245260357994106,SUCCEEDED,3,0.0387858,94958
1701245260384328573,SUCCEEDED,2,0.0396589,94970
