Site,Function,Trigger,Async?,Desired witness,Execution witness,Causal evidence,Mutates what,Classification,Repair
navigation_runtime_node.cpp:1186,NavigationRuntimeNode,world transaction version,yes,desired revision where relevant,exact owner or global scope,world transaction version,pending_goal_owner_.clearGoal();,EXACT_PENDING_OWNER,retain exact pending identity
navigation_runtime_node.cpp:1554,NavigationRuntimeNode,fatal worker,no,desired revision where relevant,exact owner or global scope,fatal worker,failClosedLocked();,GLOBAL_SAFETY_EVENT,retain synchronous global policy
navigation_runtime_node.cpp:1726,failClosedLocked,internal primitive,no,desired revision where relevant,exact owner or global scope,internal primitive,execution_authority_.failClosed();,EXACT_EXECUTION_OWNER,retain atomic exact-owner gate
navigation_runtime_node.cpp:1761,resetForLocalizationEpochLocked,localization reset,no,desired revision where relevant,exact owner or global scope,localization reset,execution_authority_.reset(localization_epoch);,LEGITIMATE_RESET,retain global epoch reset
navigation_runtime_node.cpp:1771,resetForLocalizationEpochLocked,localization reset,no,desired revision where relevant,exact owner or global scope,localization reset,pending_goal_owner_.clearGoal();,LEGITIMATE_RESET,retain global epoch reset
navigation_runtime_node.cpp:1780,resetForLocalizationEpochLocked,localization reset,no,desired revision where relevant,exact owner or global scope,localization reset,pending_goal_owner_.clearGoal();,LEGITIMATE_RESET,retain global epoch reset
navigation_runtime_node.cpp:1782,resetForLocalizationEpochLocked,localization reset,no,desired revision where relevant,exact owner or global scope,localization reset,execution_authority_.invalidate();,LEGITIMATE_RESET,retain global epoch reset
navigation_runtime_node.cpp:1796,resetForLocalizationEpochLocked,localization reset,no,desired revision where relevant,exact owner or global scope,localization reset,execution_authority_.clearRestartFromRest();,LEGITIMATE_RESET,retain global epoch reset
navigation_runtime_node.cpp:1806,resetForLocalizationEpochLocked,localization reset,no,desired revision where relevant,exact owner or global scope,localization reset,failClosedLocked();,LEGITIMATE_RESET,retain global epoch reset
navigation_runtime_node.cpp:2045,transitionForeignMissionLocked,foreign mission,no,desired revision where relevant,exact owner or global scope,foreign mission,pending_goal_owner_.clearGoal();,EXTERNAL_AUTHORITY_EVENT,retain ordered boundary status gate
navigation_runtime_node.cpp:2055,transitionForeignMissionLocked,foreign mission,no,desired revision where relevant,exact owner or global scope,foreign mission,pending_goal_owner_.clearGoal();,EXTERNAL_AUTHORITY_EVENT,retain ordered boundary status gate
navigation_runtime_node.cpp:2063,transitionForeignMissionLocked,foreign mission,no,desired revision where relevant,exact owner or global scope,foreign mission,execution_authority_.invalidate();,EXTERNAL_AUTHORITY_EVENT,retain ordered boundary status gate
navigation_runtime_node.cpp:2067,transitionForeignMissionLocked,foreign mission,no,desired revision where relevant,exact owner or global scope,foreign mission,execution_authority_.invalidate();,EXTERNAL_AUTHORITY_EVENT,retain ordered boundary status gate
navigation_runtime_node.cpp:2070,transitionForeignMissionLocked,foreign mission,no,desired revision where relevant,exact owner or global scope,foreign mission,execution_authority_.clearRestartFromRest();,EXTERNAL_AUTHORITY_EVENT,retain ordered boundary status gate
navigation_runtime_node.cpp:2071,transitionForeignMissionLocked,foreign mission,no,desired revision where relevant,exact owner or global scope,foreign mission,failClosedLocked();,EXTERNAL_AUTHORITY_EVENT,retain ordered boundary status gate
navigation_runtime_node.cpp:2208,applyValidatedGoalLocked,goal revision exhaustion/transition,no,desired revision where relevant,exact owner or global scope,goal revision exhaustion/transition,execution_authority_.invalidate();,GLOBAL_SAFETY_EVENT,retain synchronous global policy
navigation_runtime_node.cpp:2209,applyValidatedGoalLocked,goal revision exhaustion/transition,no,desired revision where relevant,exact owner or global scope,goal revision exhaustion/transition,pending_goal_owner_.clearGoal();,GLOBAL_SAFETY_EVENT,retain synchronous global policy
navigation_runtime_node.cpp:2213,applyValidatedGoalLocked,goal revision exhaustion/transition,no,desired revision where relevant,exact owner or global scope,goal revision exhaustion/transition,failClosedLocked();,GLOBAL_SAFETY_EVENT,retain synchronous global policy
navigation_runtime_node.cpp:2260,applyValidatedGoalLocked,goal revision exhaustion/transition,no,desired revision where relevant,exact owner or global scope,goal revision exhaustion/transition,execution_authority_.clearRestartFromRest();,GLOBAL_SAFETY_EVENT,retain synchronous global policy
navigation_runtime_node.cpp:2346,onModeStatus,matched terminal status,yes,desired revision where relevant,exact owner or global scope,matched terminal status,pending_goal_owner_.clearGoal();,EXACT_PENDING_OWNER,retain exact pending identity
navigation_runtime_node.cpp:2433,onModeStatus,terminal mode status,no,desired revision where relevant,exact owner or global scope,terminal mode status,execution_authority_.invalidate();,EXTERNAL_AUTHORITY_EVENT,retain ordered boundary status gate
navigation_runtime_node.cpp:2438,onModeStatus,terminal mode status,no,desired revision where relevant,exact owner or global scope,terminal mode status,pending_goal_owner_.clearGoal();,EXTERNAL_AUTHORITY_EVENT,retain ordered boundary status gate
navigation_runtime_node.cpp:2440,onModeStatus,terminal mode status,no,desired revision where relevant,exact owner or global scope,terminal mode status,execution_authority_.clearGoal(,EXTERNAL_AUTHORITY_EVENT,retain ordered boundary status gate
navigation_runtime_node.cpp:2445,onModeStatus,terminal mode status,no,desired revision where relevant,exact owner or global scope,terminal mode status,execution_authority_.clearRestartFromRest();,EXTERNAL_AUTHORITY_EVENT,retain ordered boundary status gate
navigation_runtime_node.cpp:2478,applyMissionDecisionLocked,Core mission invariant failure,no,desired revision where relevant,exact owner or global scope,Core mission invariant failure,execution_authority_.invalidate();,GLOBAL_SAFETY_EVENT,retain synchronous global policy
navigation_runtime_node.cpp:2479,applyMissionDecisionLocked,Core mission invariant failure,no,desired revision where relevant,exact owner or global scope,Core mission invariant failure,failClosedLocked();,GLOBAL_SAFETY_EVENT,retain synchronous global policy
navigation_runtime_node.cpp:2494,applyMissionDecisionLocked,Core mission invariant failure,no,desired revision where relevant,exact owner or global scope,Core mission invariant failure,execution_authority_.invalidate();,GLOBAL_SAFETY_EVENT,retain synchronous global policy
navigation_runtime_node.cpp:2495,applyMissionDecisionLocked,Core mission invariant failure,no,desired revision where relevant,exact owner or global scope,Core mission invariant failure,failClosedLocked();,GLOBAL_SAFETY_EVENT,retain synchronous global policy
navigation_runtime_node.cpp:3129,commitPlannerCandidate,transaction ID exhaustion,no,desired revision where relevant,exact owner or global scope,transaction ID exhaustion,execution_authority_.invalidate();,GLOBAL_SAFETY_EVENT,retain synchronous global policy
navigation_runtime_node.cpp:3130,commitPlannerCandidate,transaction ID exhaustion,no,desired revision where relevant,exact owner or global scope,transaction ID exhaustion,failClosedLocked();,GLOBAL_SAFETY_EVENT,retain synchronous global policy
navigation_runtime_node.cpp:3213,clearCommandForCurrentIdentity,exact candidate ACK failure,no,desired revision where relevant,exact owner or global scope,exact candidate ACK failure,if (!goal_current || !execution_authority_.invalidateIfCurrent(expected)) return false;,EXACT_EXECUTION_OWNER,retain atomic exact-owner gate
navigation_runtime_node.cpp:3214,clearCommandForCurrentIdentity,exact candidate ACK failure,no,desired revision where relevant,exact owner or global scope,exact candidate ACK failure,pending_goal_owner_.clearGoal();,EXACT_EXECUTION_OWNER,retain atomic exact-owner gate
navigation_runtime_node.cpp:3216,clearCommandForCurrentIdentity,exact candidate ACK failure,no,desired revision where relevant,exact owner or global scope,exact candidate ACK failure,failClosedLocked();,EXACT_EXECUTION_OWNER,retain atomic exact-owner gate
navigation_runtime_node.cpp:3235,suspendCommandForWorldFreshness,world freshness suspension,yes,desired revision where relevant,exact owner or global scope,world freshness suspension,execution_authority_.suspendCommand();,STALE_CALLBACK_RISK,exact current execution and causal witness before mutation; stale discard only
navigation_runtime_node.cpp:3372,schedulePlanningCycle,owner invariant failure,no,desired revision where relevant,exact owner or global scope,owner invariant failure,execution_authority_.invalidate();,GLOBAL_SAFETY_EVENT,retain synchronous global policy
navigation_runtime_node.cpp:4154,runCycle,deferred terminal status,no,desired revision where relevant,exact owner or global scope,deferred terminal status,pending_goal_owner_.clearGoal();,EXTERNAL_AUTHORITY_EVENT,retain ordered boundary status gate
navigation_runtime_node.cpp:4155,runCycle,deferred terminal status,no,desired revision where relevant,exact owner or global scope,deferred terminal status,execution_authority_.clearGoal(,EXTERNAL_AUTHORITY_EVENT,retain ordered boundary status gate
navigation_runtime_node.cpp:4158,runCycle,deferred terminal status,no,desired revision where relevant,exact owner or global scope,deferred terminal status,execution_authority_.invalidate();,EXTERNAL_AUTHORITY_EVENT,retain ordered boundary status gate
navigation_runtime_node.cpp:4160,runCycle,deferred terminal status,no,desired revision where relevant,exact owner or global scope,deferred terminal status,failClosedLocked();,EXTERNAL_AUTHORITY_EVENT,retain ordered boundary status gate
navigation_runtime_node.cpp:4279,runCycle,motion after certified stop,yes,desired revision where relevant,exact owner or global scope,motion after certified stop,execution_authority_.invalidate();,STALE_CALLBACK_RISK,exact current execution and causal witness before mutation; stale discard only
navigation_runtime_node.cpp:4281,runCycle,motion after certified stop,yes,desired revision where relevant,exact owner or global scope,motion after certified stop,failClosedLocked();,STALE_CALLBACK_RISK,exact current execution and causal witness before mutation; stale discard only
navigation_runtime_node.cpp:4335,runCycle,deferred terminal status,no,desired revision where relevant,exact owner or global scope,deferred terminal status,pending_goal_owner_.clearGoal();,EXTERNAL_AUTHORITY_EVENT,retain ordered boundary status gate
navigation_runtime_node.cpp:4336,runCycle,deferred terminal status,no,desired revision where relevant,exact owner or global scope,deferred terminal status,execution_authority_.clearGoal(,EXTERNAL_AUTHORITY_EVENT,retain ordered boundary status gate
navigation_runtime_node.cpp:4339,runCycle,deferred terminal status,no,desired revision where relevant,exact owner or global scope,deferred terminal status,execution_authority_.invalidate();,EXTERNAL_AUTHORITY_EVENT,retain ordered boundary status gate
navigation_runtime_node.cpp:4341,runCycle,deferred terminal status,no,desired revision where relevant,exact owner or global scope,deferred terminal status,failClosedLocked();,EXTERNAL_AUTHORITY_EVENT,retain ordered boundary status gate
navigation_runtime_node.cpp:4590,runCycle,completion/restart witness,no,desired revision where relevant,exact owner or global scope,completion/restart witness,execution_authority_.clearRestartFromRest();,EXACT_EXECUTION_OWNER,retain atomic exact-owner gate
navigation_runtime_node.cpp:4716,runCycle,completion/restart witness,no,desired revision where relevant,exact owner or global scope,completion/restart witness,execution_authority_.clearRestartFromRest();,EXACT_EXECUTION_OWNER,retain atomic exact-owner gate
navigation_runtime_node.cpp:4939,runCycle,non-retainable new mission intent,no,desired revision where relevant,exact owner or global scope,non-retainable new mission intent,execution_authority_.suspendCommand();,GLOBAL_SAFETY_EVENT,retain synchronous global policy
navigation_runtime_node.cpp:5574,runCycle,planner result fail-close,yes,desired revision where relevant,exact owner or global scope,planner result fail-close,execution_authority_.failClosedIfActiveSnapshot(expected_timeline_at_cycle)) {,STALE_CALLBACK_RISK,exact current execution and causal witness before mutation; stale discard only
navigation_runtime_node.cpp:5674,runCycle,stopped recovery timeout,yes,desired revision where relevant,exact owner or global scope,stopped recovery timeout,execution_authority_.failClosedIfActiveSnapshot(expected_timeline_at_cycle)) {,STALE_CALLBACK_RISK,exact current execution and causal witness before mutation; stale discard only
navigation_runtime_node.cpp:5874,runCycle,successor restart consumed,no,desired revision where relevant,exact owner or global scope,successor restart consumed,if (restart_from_rest) execution_authority_.clearRestartFromRest();,EXACT_EXECUTION_OWNER,retain atomic exact-owner gate
navigation_runtime_node.cpp:7772,validateRetainedCommand,retained command final validation,yes,desired revision where relevant,exact owner or global scope,retained command final validation,failClosedLocked();,EXACT_EXECUTION_OWNER,retain atomic exact-owner gate
navigation_runtime_node.cpp:7780,validateRetainedCommand,retained command final validation,yes,desired revision where relevant,exact owner or global scope,retained command final validation,failClosedLocked();,EXACT_EXECUTION_OWNER,retain atomic exact-owner gate
navigation_runtime_node.cpp:7783,validateRetainedCommand,retained command final validation,yes,desired revision where relevant,exact owner or global scope,retained command final validation,failClosedLocked();,EXACT_EXECUTION_OWNER,retain atomic exact-owner gate
navigation_runtime_node.cpp:7853,validateRetainedCommand,retained command final validation,yes,desired revision where relevant,exact owner or global scope,retained command final validation,failClosedLocked();,EXACT_EXECUTION_OWNER,retain atomic exact-owner gate
navigation_runtime_node.cpp:8124,publishCommand,planner watchdog timeout,yes,desired revision where relevant,exact owner or global scope,planner watchdog timeout,pending_goal_owner_.clearGoal();,STALE_CALLBACK_RISK,exact current execution and causal witness before mutation; stale discard only
navigation_runtime_node.cpp:8126,publishCommand,planner watchdog timeout,yes,desired revision where relevant,exact owner or global scope,planner watchdog timeout,failClosedLocked();,STALE_CALLBACK_RISK,exact current execution and causal witness before mutation; stale discard only
navigation_runtime_node.cpp:8221,publishCommand,localization readiness,yes,desired revision where relevant,exact owner or global scope,localization readiness,failClosedLocked();,LEGITIMATE_RESET,retain global epoch reset
navigation_runtime_node.cpp:8222,publishCommand,localization readiness,yes,desired revision where relevant,exact owner or global scope,localization readiness,pending_goal_owner_.clearGoal();,LEGITIMATE_RESET,retain global epoch reset
navigation_runtime_node.cpp:8238,publishCommand,callback-start state lease,yes,desired revision where relevant,exact owner or global scope,callback-start state lease,failClosedLocked();,STALE_CALLBACK_RISK,exact current execution and causal witness before mutation; stale discard only
navigation_runtime_node.cpp:8265,publishCommand,callback-start state lease,yes,desired revision where relevant,exact owner or global scope,callback-start state lease,failClosedLocked();,STALE_CALLBACK_RISK,exact current execution and causal witness before mutation; stale discard only
navigation_runtime_node.cpp:8266,publishCommand,callback-start state lease,yes,desired revision where relevant,exact owner or global scope,callback-start state lease,pending_goal_owner_.clearGoal();,STALE_CALLBACK_RISK,exact current execution and causal witness before mutation; stale discard only
navigation_runtime_node.cpp:8431,publishCommand,sample activation ACK failure,yes,desired revision where relevant,exact owner or global scope,sample activation ACK failure,execution_authority_.invalidate();,EXACT_EXECUTION_OWNER,retain atomic exact-owner gate
navigation_runtime_node.cpp:8433,publishCommand,sample activation ACK failure,yes,desired revision where relevant,exact owner or global scope,sample activation ACK failure,failClosedLocked();,EXACT_EXECUTION_OWNER,retain atomic exact-owner gate
navigation_runtime_node.cpp:8656,publishCommand,sample ID exhaustion,yes,desired revision where relevant,exact owner or global scope,sample ID exhaustion,execution_authority_.invalidate();,GLOBAL_SAFETY_EVENT,retain synchronous global policy
navigation_runtime_node.cpp:8658,publishCommand,sample ID exhaustion,yes,desired revision where relevant,exact owner or global scope,sample ID exhaustion,failClosedLocked();,GLOBAL_SAFETY_EVENT,retain synchronous global policy
navigation_runtime_node.cpp:9026,publishCommand,final publication state lease,yes,desired revision where relevant,exact owner or global scope,final publication state lease,failClosedLocked();,STALE_CALLBACK_RISK,exact current execution and causal witness before mutation; stale discard only
navigation_runtime_node.cpp:9027,publishCommand,final publication state lease,yes,desired revision where relevant,exact owner or global scope,final publication state lease,pending_goal_owner_.clearGoal();,STALE_CALLBACK_RISK,exact current execution and causal witness before mutation; stale discard only
navigation_runtime_node.cpp:9115,publishCommand,stale sampled publication,yes,desired revision where relevant,exact owner or global scope,stale sampled publication,failClosedLocked();,EXACT_EXECUTION_OWNER,retain atomic exact-owner gate
execution_authority.hpp:406,failClosedIfActiveSnapshot,conditional fail-close,yes,none,active pointer+goal+lineage,caller result,lifecycle failed,STALE_CALLBACK_RISK,reject empty expected/current active; typed outcome
execution_authority.hpp:666,invalidateIfCurrent,conditional revocation,yes,none,timeline version+active pointer,caller failure,active+staged cleared,EXACT_EXECUTION_OWNER,retain version fence
navigation_runtime_node.cpp:1156,world publication finalizer,world recertification/revocation,yes,none,timeline version+expected active/pending,world identity+publication result,conditional active/pending revocation,EXACT_EXECUTION_OWNER,retain atomic world/store transaction
