run,origin,kind,bag_observer_ns,ros_now_ns,px4_source_stamp_ns,diagnostic_sequence,attempt_generation,outcome,nav_state,executor_in_charge,flags,retry_deadline_steady_ns,raw_command,raw_result,source_file
C,PX4_RAW,RAW_MODE_COMPLETED,1790144836901798782,,70512000000,,,,26,,,,:,0,/home/letandat/Dev/uav-navigation-experiment-runtime-observability-20260923/.artifacts/experiment_runtime_observability/20260923T041656Z-7da3e97c/run-C-normalized/px4_protocol_raw.jsonl
C,PX4_RAW,RAW_HOLD_COMMAND,1790144836902991095,,0,,,,,,,,100001:4.0,,/home/letandat/Dev/uav-navigation-experiment-runtime-observability-20260923/.artifacts/experiment_runtime_observability/20260923T041656Z-7da3e97c/run-C-normalized/px4_protocol_raw.jsonl
C,PX4_RAW,RAW_MODE_COMMAND_ACK,1790144836926636378,,70532000000,,,,,,,,100001:,0,/home/letandat/Dev/uav-navigation-experiment-runtime-observability-20260923/.artifacts/experiment_runtime_observability/20260923T041656Z-7da3e97c/run-C-normalized/px4_protocol_raw.jsonl
C,AUDIT,HOLD_REQUEST,1790144836927703652,70512000000,0,5708,0,0,,,1,0,,,/home/letandat/Dev/uav-navigation-experiment-runtime-observability-20260923/.artifacts/experiment_runtime_observability/20260923T041656Z-7da3e97c/run-C-normalized/O3_HOLD_PROTOCOL_EVENTS.csv
C,AUDIT,SCHEDULE_ATTEMPT,1790144836927711165,70512000000,0,5709,1,0,,,3,0,,,/home/letandat/Dev/uav-navigation-experiment-runtime-observability-20260923/.artifacts/experiment_runtime_observability/20260923T041656Z-7da3e97c/run-C-normalized/O3_HOLD_PROTOCOL_EVENTS.csv
C,AUDIT,RETRY_TICK,1790144836957636605,70540000000,0,5713,1,0,,,3,0,,,/home/letandat/Dev/uav-navigation-experiment-runtime-observability-20260923/.artifacts/experiment_runtime_observability/20260923T041656Z-7da3e97c/run-C-normalized/O3_HOLD_PROTOCOL_EVENTS.csv
C,AUDIT,VEHICLE_STATUS,1790144836957642050,70544000000,70544000000,5714,1,1,4,1,4,0,,,/home/letandat/Dev/uav-navigation-experiment-runtime-observability-20260923/.artifacts/experiment_runtime_observability/20260923T041656Z-7da3e97c/run-C-normalized/O3_HOLD_PROTOCOL_EVENTS.csv
C,AUDIT,VEHICLE_STATUS,1790144837577598562,71048000000,71048000000,5747,1,1,4,1,4,0,,,/home/letandat/Dev/uav-navigation-experiment-runtime-observability-20260923/.artifacts/experiment_runtime_observability/20260923T041656Z-7da3e97c/run-C-normalized/O3_HOLD_PROTOCOL_EVENTS.csv
C,AUDIT,VEHICLE_STATUS,1790144838217649371,71552000000,71552000000,5780,1,1,4,1,4,0,,,/home/letandat/Dev/uav-navigation-experiment-runtime-observability-20260923/.artifacts/experiment_runtime_observability/20260923T041656Z-7da3e97c/run-C-normalized/O3_HOLD_PROTOCOL_EVENTS.csv
C,AUDIT,VEHICLE_STATUS,1790144838837676960,72056000000,72056000000,5813,1,1,4,1,4,0,,,/home/letandat/Dev/uav-navigation-experiment-runtime-observability-20260923/.artifacts/experiment_runtime_observability/20260923T041656Z-7da3e97c/run-C-normalized/O3_HOLD_PROTOCOL_EVENTS.csv
C,AUDIT,VEHICLE_STATUS,1790144839477642917,72560000000,72560000000,5847,1,1,4,1,4,0,,,/home/letandat/Dev/uav-navigation-experiment-runtime-observability-20260923/.artifacts/experiment_runtime_observability/20260923T041656Z-7da3e97c/run-C-normalized/O3_HOLD_PROTOCOL_EVENTS.csv
C,AUDIT,VEHICLE_STATUS,1790144840097624611,73064000000,73064000000,5879,1,1,4,1,4,0,,,/home/letandat/Dev/uav-navigation-experiment-runtime-observability-20260923/.artifacts/experiment_runtime_observability/20260923T041656Z-7da3e97c/run-C-normalized/O3_HOLD_PROTOCOL_EVENTS.csv
C,AUDIT,VEHICLE_STATUS,1790144840737569501,73568000000,73568000000,5913,1,1,4,1,4,0,,,/home/letandat/Dev/uav-navigation-experiment-runtime-observability-20260923/.artifacts/experiment_runtime_observability/20260923T041656Z-7da3e97c/run-C-normalized/O3_HOLD_PROTOCOL_EVENTS.csv
C,AUDIT,VEHICLE_STATUS,1790144841357603863,74072000000,74072000000,5945,1,1,4,1,4,0,,,/home/letandat/Dev/uav-navigation-experiment-runtime-observability-20260923/.artifacts/experiment_runtime_observability/20260923T041656Z-7da3e97c/run-C-normalized/O3_HOLD_PROTOCOL_EVENTS.csv
C,AUDIT,VEHICLE_STATUS,1790144841997612201,74576000000,74576000000,5979,1,1,4,1,4,0,,,/home/letandat/Dev/uav-navigation-experiment-runtime-observability-20260923/.artifacts/experiment_runtime_observability/20260923T041656Z-7da3e97c/run-C-normalized/O3_HOLD_PROTOCOL_EVENTS.csv
C,AUDIT,VEHICLE_STATUS,1790144842617667821,75080000000,75080000000,6012,1,1,4,1,4,0,,,/home/letandat/Dev/uav-navigation-experiment-runtime-observability-20260923/.artifacts/experiment_runtime_observability/20260923T041656Z-7da3e97c/run-C-normalized/O3_HOLD_PROTOCOL_EVENTS.csv
C,AUDIT,VEHICLE_STATUS,1790144843257641292,75584000000,75584000000,6045,1,1,4,1,4,0,,,/home/letandat/Dev/uav-navigation-experiment-runtime-observability-20260923/.artifacts/experiment_runtime_observability/20260923T041656Z-7da3e97c/run-C-normalized/O3_HOLD_PROTOCOL_EVENTS.csv
W1-fixed,AUDIT,VEHICLE_STATUS,1790145328902316524,7180000000,7180000000,43,0,1,4,0,4,0,,,/home/letandat/Dev/uav-navigation-experiment-runtime-observability-20260923/.artifacts/experiment_runtime_observability/20260923T041656Z-7da3e97c/run-W1-fixed-normalized/O3_HOLD_PROTOCOL_EVENTS.csv
W1-fixed,AUDIT,VEHICLE_STATUS,1790145328922391140,7204000000,7204000000,44,0,1,4,0,4,0,,,/home/letandat/Dev/uav-navigation-experiment-runtime-observability-20260923/.artifacts/experiment_runtime_observability/20260923T041656Z-7da3e97c/run-W1-fixed-normalized/O3_HOLD_PROTOCOL_EVENTS.csv
W1-fixed,AUDIT,VEHICLE_STATUS,1790145329402297201,7580000000,7468000000,57,0,1,4,0,4,0,,,/home/letandat/Dev/uav-navigation-experiment-runtime-observability-20260923/.artifacts/experiment_runtime_observability/20260923T041656Z-7da3e97c/run-W1-fixed-normalized/O3_HOLD_PROTOCOL_EVENTS.csv
W1-fixed,AUDIT,VEHICLE_STATUS,1790145329882319583,7972000000,7972000000,67,0,1,4,0,4,0,,,/home/letandat/Dev/uav-navigation-experiment-runtime-observability-20260923/.artifacts/experiment_runtime_observability/20260923T041656Z-7da3e97c/run-W1-fixed-normalized/O3_HOLD_PROTOCOL_EVENTS.csv
W1-fixed,AUDIT,VEHICLE_STATUS,1790145330482333548,8452000000,8452000000,81,0,1,4,0,4,0,,,/home/letandat/Dev/uav-navigation-experiment-runtime-observability-20260923/.artifacts/experiment_runtime_observability/20260923T041656Z-7da3e97c/run-W1-fixed-normalized/O3_HOLD_PROTOCOL_EVENTS.csv
W1-fixed,PX4_RAW,RAW_MODE_COMPLETED,1790145338943233546,,15228000000,,,,17,,,,:,0,/home/letandat/Dev/uav-navigation-experiment-runtime-observability-20260923/.artifacts/experiment_runtime_observability/20260923T041656Z-7da3e97c/run-W1-fixed-normalized/px4_protocol_raw.jsonl
W1-fixed,AUDIT,VEHICLE_STATUS,1790145338962344810,15232000000,15232000000,274,0,1,4,0,4,0,,,/home/letandat/Dev/uav-navigation-experiment-runtime-observability-20260923/.artifacts/experiment_runtime_observability/20260923T041656Z-7da3e97c/run-W1-fixed-normalized/O3_HOLD_PROTOCOL_EVENTS.csv
W1-fixed,AUDIT,VEHICLE_STATUS,1790145339582442983,15736000000,15736000000,289,0,1,4,0,4,0,,,/home/letandat/Dev/uav-navigation-experiment-runtime-observability-20260923/.artifacts/experiment_runtime_observability/20260923T041656Z-7da3e97c/run-W1-fixed-normalized/O3_HOLD_PROTOCOL_EVENTS.csv
W1-fixed,AUDIT,VEHICLE_STATUS,1790145340222326644,16240000000,16240000000,302,0,1,4,0,4,0,,,/home/letandat/Dev/uav-navigation-experiment-runtime-observability-20260923/.artifacts/experiment_runtime_observability/20260923T041656Z-7da3e97c/run-W1-fixed-normalized/O3_HOLD_PROTOCOL_EVENTS.csv
W1-fixed,AUDIT,VEHICLE_STATUS,1790145340842319172,16744000000,16744000000,317,0,1,4,0,4,0,,,/home/letandat/Dev/uav-navigation-experiment-runtime-observability-20260923/.artifacts/experiment_runtime_observability/20260923T041656Z-7da3e97c/run-W1-fixed-normalized/O3_HOLD_PROTOCOL_EVENTS.csv
W1-fixed,AUDIT,VEHICLE_STATUS,1790145341482314671,17248000000,17248000000,331,0,1,4,0,4,0,,,/home/letandat/Dev/uav-navigation-experiment-runtime-observability-20260923/.artifacts/experiment_runtime_observability/20260923T041656Z-7da3e97c/run-W1-fixed-normalized/O3_HOLD_PROTOCOL_EVENTS.csv
W1-fixed,AUDIT,VEHICLE_STATUS,1790145342102267010,17752000000,17752000000,345,0,1,4,0,4,0,,,/home/letandat/Dev/uav-navigation-experiment-runtime-observability-20260923/.artifacts/experiment_runtime_observability/20260923T041656Z-7da3e97c/run-W1-fixed-normalized/O3_HOLD_PROTOCOL_EVENTS.csv
W1-fixed,AUDIT,VEHICLE_STATUS,1790145342742304185,18256000000,18256000000,360,0,1,4,0,4,0,,,/home/letandat/Dev/uav-navigation-experiment-runtime-observability-20260923/.artifacts/experiment_runtime_observability/20260923T041656Z-7da3e97c/run-W1-fixed-normalized/O3_HOLD_PROTOCOL_EVENTS.csv
W1-fixed,AUDIT,VEHICLE_STATUS,1790145343362304630,18760000000,18760000000,373,0,1,4,0,4,0,,,/home/letandat/Dev/uav-navigation-experiment-runtime-observability-20260923/.artifacts/experiment_runtime_observability/20260923T041656Z-7da3e97c/run-W1-fixed-normalized/O3_HOLD_PROTOCOL_EVENTS.csv
W1-fixed,AUDIT,VEHICLE_STATUS,1790145344002438778,19264000000,19264000000,388,0,1,4,0,4,0,,,/home/letandat/Dev/uav-navigation-experiment-runtime-observability-20260923/.artifacts/experiment_runtime_observability/20260923T041656Z-7da3e97c/run-W1-fixed-normalized/O3_HOLD_PROTOCOL_EVENTS.csv
W1-fixed,PX4_RAW,RAW_MODE_COMMAND_ACK,1790145344107844292,,19360000000,,,,,,,,100001:,0,/home/letandat/Dev/uav-navigation-experiment-runtime-observability-20260923/.artifacts/experiment_runtime_observability/20260923T041656Z-7da3e97c/run-W1-fixed-normalized/px4_protocol_raw.jsonl
W1-fixed,AUDIT,VEHICLE_STATUS,1790145344122286081,19360000000,19360000000,391,0,1,4,0,4,0,,,/home/letandat/Dev/uav-navigation-experiment-runtime-observability-20260923/.artifacts/experiment_runtime_observability/20260923T041656Z-7da3e97c/run-W1-fixed-normalized/O3_HOLD_PROTOCOL_EVENTS.csv
W1-fixed,PX4_RAW,RAW_MODE_COMMAND_ACK,1790145344257588502,,19480000000,,,,,,,,100001:,0,/home/letandat/Dev/uav-navigation-experiment-runtime-observability-20260923/.artifacts/experiment_runtime_observability/20260923T041656Z-7da3e97c/run-W1-fixed-normalized/px4_protocol_raw.jsonl
W1-fixed,AUDIT,EXECUTOR_ACTIVATE,1790145344258443954,19464000000,0,395,0,0,,,0,0,,,/home/letandat/Dev/uav-navigation-experiment-runtime-observability-20260923/.artifacts/experiment_runtime_observability/20260923T041656Z-7da3e97c/run-W1-fixed-normalized/O3_HOLD_PROTOCOL_EVENTS.csv
W1-fixed,PX4_RAW,RAW_MODE_COMPLETED,1790145407578083499,,70136000000,,,,26,,,,:,0,/home/letandat/Dev/uav-navigation-experiment-runtime-observability-20260923/.artifacts/experiment_runtime_observability/20260923T041656Z-7da3e97c/run-W1-fixed-normalized/px4_protocol_raw.jsonl
W1-fixed,PX4_RAW,RAW_HOLD_COMMAND,1790145407579276102,,0,,,,,,,,100001:4.0,,/home/letandat/Dev/uav-navigation-experiment-runtime-observability-20260923/.artifacts/experiment_runtime_observability/20260923T041656Z-7da3e97c/run-W1-fixed-normalized/px4_protocol_raw.jsonl
W1-fixed,PX4_RAW,RAW_MODE_COMMAND_ACK,1790145407587515541,,70144000000,,,,,,,,100001:,0,/home/letandat/Dev/uav-navigation-experiment-runtime-observability-20260923/.artifacts/experiment_runtime_observability/20260923T041656Z-7da3e97c/run-W1-fixed-normalized/px4_protocol_raw.jsonl
W1-fixed,AUDIT,HOLD_REQUEST,1790145407588156435,70136000000,0,6010,0,0,,,1,0,,,/home/letandat/Dev/uav-navigation-experiment-runtime-observability-20260923/.artifacts/experiment_runtime_observability/20260923T041656Z-7da3e97c/run-W1-fixed-normalized/O3_HOLD_PROTOCOL_EVENTS.csv
W1-fixed,AUDIT,SCHEDULE_ATTEMPT,1790145407588163809,70136000000,0,6011,1,0,,,3,0,,,/home/letandat/Dev/uav-navigation-experiment-runtime-observability-20260923/.artifacts/experiment_runtime_observability/20260923T041656Z-7da3e97c/run-W1-fixed-normalized/O3_HOLD_PROTOCOL_EVENTS.csv
W1-fixed,AUDIT,VEHICLE_STATUS,1790145407622369827,70156000000,70156000000,6014,1,1,4,1,4,0,,,/home/letandat/Dev/uav-navigation-experiment-runtime-observability-20260923/.artifacts/experiment_runtime_observability/20260923T041656Z-7da3e97c/run-W1-fixed-normalized/O3_HOLD_PROTOCOL_EVENTS.csv
W1-fixed,AUDIT,VEHICLE_STATUS,1790145408242334807,70660000000,70660000000,6048,1,1,4,1,4,0,,,/home/letandat/Dev/uav-navigation-experiment-runtime-observability-20260923/.artifacts/experiment_runtime_observability/20260923T041656Z-7da3e97c/run-W1-fixed-normalized/O3_HOLD_PROTOCOL_EVENTS.csv
W1-fixed,AUDIT,VEHICLE_STATUS,1790145408882414598,71164000000,71164000000,6080,1,1,4,1,4,0,,,/home/letandat/Dev/uav-navigation-experiment-runtime-observability-20260923/.artifacts/experiment_runtime_observability/20260923T041656Z-7da3e97c/run-W1-fixed-normalized/O3_HOLD_PROTOCOL_EVENTS.csv
W1-fixed,AUDIT,VEHICLE_STATUS,1790145409502335592,71668000000,71668000000,6114,1,1,4,1,4,0,,,/home/letandat/Dev/uav-navigation-experiment-runtime-observability-20260923/.artifacts/experiment_runtime_observability/20260923T041656Z-7da3e97c/run-W1-fixed-normalized/O3_HOLD_PROTOCOL_EVENTS.csv
W1-fixed,AUDIT,VEHICLE_STATUS,1790145410142359238,72172000000,72172000000,6147,1,1,4,1,4,0,,,/home/letandat/Dev/uav-navigation-experiment-runtime-observability-20260923/.artifacts/experiment_runtime_observability/20260923T041656Z-7da3e97c/run-W1-fixed-normalized/O3_HOLD_PROTOCOL_EVENTS.csv
W1-fixed,AUDIT,VEHICLE_STATUS,1790145410762363964,72676000000,72676000000,6180,1,1,4,1,4,0,,,/home/letandat/Dev/uav-navigation-experiment-runtime-observability-20260923/.artifacts/experiment_runtime_observability/20260923T041656Z-7da3e97c/run-W1-fixed-normalized/O3_HOLD_PROTOCOL_EVENTS.csv
W1-fixed,AUDIT,VEHICLE_STATUS,1790145411402323782,73180000000,73180000000,6213,1,1,4,1,4,0,,,/home/letandat/Dev/uav-navigation-experiment-runtime-observability-20260923/.artifacts/experiment_runtime_observability/20260923T041656Z-7da3e97c/run-W1-fixed-normalized/O3_HOLD_PROTOCOL_EVENTS.csv
W1-fixed,AUDIT,VEHICLE_STATUS,1790145412022388567,73684000000,73684000000,6246,1,1,4,1,4,0,,,/home/letandat/Dev/uav-navigation-experiment-runtime-observability-20260923/.artifacts/experiment_runtime_observability/20260923T041656Z-7da3e97c/run-W1-fixed-normalized/O3_HOLD_PROTOCOL_EVENTS.csv
W1-fixed,AUDIT,VEHICLE_STATUS,1790145412662501409,74188000000,74188000000,6279,1,1,4,1,4,0,,,/home/letandat/Dev/uav-navigation-experiment-runtime-observability-20260923/.artifacts/experiment_runtime_observability/20260923T041656Z-7da3e97c/run-W1-fixed-normalized/O3_HOLD_PROTOCOL_EVENTS.csv
W1-fixed,AUDIT,VEHICLE_STATUS,1790145413282298467,74692000000,74692000000,6313,1,1,4,1,4,0,,,/home/letandat/Dev/uav-navigation-experiment-runtime-observability-20260923/.artifacts/experiment_runtime_observability/20260923T041656Z-7da3e97c/run-W1-fixed-normalized/O3_HOLD_PROTOCOL_EVENTS.csv
W1-fixed,AUDIT,VEHICLE_STATUS,1790145413922369840,75196000000,75196000000,6345,1,1,4,1,4,0,,,/home/letandat/Dev/uav-navigation-experiment-runtime-observability-20260923/.artifacts/experiment_runtime_observability/20260923T041656Z-7da3e97c/run-W1-fixed-normalized/O3_HOLD_PROTOCOL_EVENTS.csv
W1-fixed,AUDIT,VEHICLE_STATUS,1790145414542363576,75700000000,75700000000,6379,1,1,4,1,4,0,,,/home/letandat/Dev/uav-navigation-experiment-runtime-observability-20260923/.artifacts/experiment_runtime_observability/20260923T041656Z-7da3e97c/run-W1-fixed-normalized/O3_HOLD_PROTOCOL_EVENTS.csv
W2,AUDIT,VEHICLE_STATUS,1790145499466706876,5816000000,5320000000,3,0,1,4,0,4,0,,,/home/letandat/Dev/uav-navigation-experiment-runtime-observability-20260923/.artifacts/experiment_runtime_observability/20260923T041656Z-7da3e97c/run-W2-normalized/O3_HOLD_PROTOCOL_EVENTS.csv
W2,AUDIT,VEHICLE_STATUS,1790145499486695609,5824000000,5824000000,4,0,1,4,0,4,0,,,/home/letandat/Dev/uav-navigation-experiment-runtime-observability-20260923/.artifacts/experiment_runtime_observability/20260923T041656Z-7da3e97c/run-W2-normalized/O3_HOLD_PROTOCOL_EVENTS.csv
W2,AUDIT,VEHICLE_STATUS,1790145500351820009,6328000000,6328000000,18,0,1,4,0,4,0,,,/home/letandat/Dev/uav-navigation-experiment-runtime-observability-20260923/.artifacts/experiment_runtime_observability/20260923T041656Z-7da3e97c/run-W2-normalized/O3_HOLD_PROTOCOL_EVENTS.csv
W2,AUDIT,VEHICLE_STATUS,1790145500566693661,6688000000,6688000000,29,0,1,4,0,4,0,,,/home/letandat/Dev/uav-navigation-experiment-runtime-observability-20260923/.artifacts/experiment_runtime_observability/20260923T041656Z-7da3e97c/run-W2-normalized/O3_HOLD_PROTOCOL_EVENTS.csv
W2,AUDIT,VEHICLE_STATUS,1790145501186707770,7192000000,7192000000,43,0,1,4,0,4,0,,,/home/letandat/Dev/uav-navigation-experiment-runtime-observability-20260923/.artifacts/experiment_runtime_observability/20260923T041656Z-7da3e97c/run-W2-normalized/O3_HOLD_PROTOCOL_EVENTS.csv
W2,AUDIT,VEHICLE_STATUS,1790145501826724404,7696000000,7696000000,57,0,1,4,0,4,0,,,/home/letandat/Dev/uav-navigation-experiment-runtime-observability-20260923/.artifacts/experiment_runtime_observability/20260923T041656Z-7da3e97c/run-W2-normalized/O3_HOLD_PROTOCOL_EVENTS.csv
W2,PX4_RAW,RAW_MODE_COMMAND_ACK,1790145501928931624,,7792000000,,,,,,,,100001:,0,/home/letandat/Dev/uav-navigation-experiment-runtime-observability-20260923/.artifacts/experiment_runtime_observability/20260923T041656Z-7da3e97c/run-W2-normalized/px4_protocol_raw.jsonl
W2,AUDIT,VEHICLE_STATUS,1790145501946693265,7792000000,7792000000,61,0,1,4,0,4,0,,,/home/letandat/Dev/uav-navigation-experiment-runtime-observability-20260923/.artifacts/experiment_runtime_observability/20260923T041656Z-7da3e97c/run-W2-normalized/O3_HOLD_PROTOCOL_EVENTS.csv
W2,PX4_RAW,RAW_MODE_COMMAND_ACK,1790145502138925572,,7960000000,,,,,,,,100001:,0,/home/letandat/Dev/uav-navigation-experiment-runtime-observability-20260923/.artifacts/experiment_runtime_observability/20260923T041656Z-7da3e97c/run-W2-normalized/px4_protocol_raw.jsonl
W2,AUDIT,VEHICLE_STATUS,1790145502326685888,8100000000,7972000000,70,0,1,4,0,4,0,,,/home/letandat/Dev/uav-navigation-experiment-runtime-observability-20260923/.artifacts/experiment_runtime_observability/20260923T041656Z-7da3e97c/run-W2-normalized/O3_HOLD_PROTOCOL_EVENTS.csv
W2,AUDIT,VEHICLE_STATUS,1790145502786688885,8476000000,8476000000,82,0,1,4,0,4,0,,,/home/letandat/Dev/uav-navigation-experiment-runtime-observability-20260923/.artifacts/experiment_runtime_observability/20260923T041656Z-7da3e97c/run-W2-normalized/O3_HOLD_PROTOCOL_EVENTS.csv
W2,AUDIT,VEHICLE_STATUS,1790145503386723832,8956000000,8956000000,95,0,1,4,0,4,0,,,/home/letandat/Dev/uav-navigation-experiment-runtime-observability-20260923/.artifacts/experiment_runtime_observability/20260923T041656Z-7da3e97c/run-W2-normalized/O3_HOLD_PROTOCOL_EVENTS.csv
W2,PX4_RAW,RAW_MODE_COMPLETED,1790145511849712360,,15728000000,,,,17,,,,:,0,/home/letandat/Dev/uav-navigation-experiment-runtime-observability-20260923/.artifacts/experiment_runtime_observability/20260923T041656Z-7da3e97c/run-W2-normalized/px4_protocol_raw.jsonl
W2,AUDIT,VEHICLE_STATUS,1790145511866732193,15736000000,15736000000,288,0,1,4,0,4,0,,,/home/letandat/Dev/uav-navigation-experiment-runtime-observability-20260923/.artifacts/experiment_runtime_observability/20260923T041656Z-7da3e97c/run-W2-normalized/O3_HOLD_PROTOCOL_EVENTS.csv
W2,AUDIT,VEHICLE_STATUS,1790145512506660099,16240000000,16240000000,302,0,1,4,0,4,0,,,/home/letandat/Dev/uav-navigation-experiment-runtime-observability-20260923/.artifacts/experiment_runtime_observability/20260923T041656Z-7da3e97c/run-W2-normalized/O3_HOLD_PROTOCOL_EVENTS.csv
W2,AUDIT,VEHICLE_STATUS,1790145513126693466,16744000000,16744000000,316,0,1,4,0,4,0,,,/home/letandat/Dev/uav-navigation-experiment-runtime-observability-20260923/.artifacts/experiment_runtime_observability/20260923T041656Z-7da3e97c/run-W2-normalized/O3_HOLD_PROTOCOL_EVENTS.csv
W2,AUDIT,VEHICLE_STATUS,1790145513766718983,17248000000,17248000000,331,0,1,4,0,4,0,,,/home/letandat/Dev/uav-navigation-experiment-runtime-observability-20260923/.artifacts/experiment_runtime_observability/20260923T041656Z-7da3e97c/run-W2-normalized/O3_HOLD_PROTOCOL_EVENTS.csv
W2,AUDIT,VEHICLE_STATUS,1790145514386651715,17752000000,17752000000,345,0,1,4,0,4,0,,,/home/letandat/Dev/uav-navigation-experiment-runtime-observability-20260923/.artifacts/experiment_runtime_observability/20260923T041656Z-7da3e97c/run-W2-normalized/O3_HOLD_PROTOCOL_EVENTS.csv
W2,AUDIT,VEHICLE_STATUS,1790145515026714199,18256000000,18256000000,359,0,1,4,0,4,0,,,/home/letandat/Dev/uav-navigation-experiment-runtime-observability-20260923/.artifacts/experiment_runtime_observability/20260923T041656Z-7da3e97c/run-W2-normalized/O3_HOLD_PROTOCOL_EVENTS.csv
W2,AUDIT,VEHICLE_STATUS,1790145515646636775,18760000000,18760000000,374,0,1,4,0,4,0,,,/home/letandat/Dev/uav-navigation-experiment-runtime-observability-20260923/.artifacts/experiment_runtime_observability/20260923T041656Z-7da3e97c/run-W2-normalized/O3_HOLD_PROTOCOL_EVENTS.csv
W2,AUDIT,VEHICLE_STATUS,1790145516286753392,19264000000,19264000000,387,0,1,4,0,4,0,,,/home/letandat/Dev/uav-navigation-experiment-runtime-observability-20260923/.artifacts/experiment_runtime_observability/20260923T041656Z-7da3e97c/run-W2-normalized/O3_HOLD_PROTOCOL_EVENTS.csv
W2,AUDIT,VEHICLE_STATUS,1790145516906669445,19768000000,19768000000,402,0,1,4,0,4,0,,,/home/letandat/Dev/uav-navigation-experiment-runtime-observability-20260923/.artifacts/experiment_runtime_observability/20260923T041656Z-7da3e97c/run-W2-normalized/O3_HOLD_PROTOCOL_EVENTS.csv
W2,PX4_RAW,RAW_MODE_COMMAND_ACK,1790145516989077219,,19840000000,,,,,,,,100001:,0,/home/letandat/Dev/uav-navigation-experiment-runtime-observability-20260923/.artifacts/experiment_runtime_observability/20260923T041656Z-7da3e97c/run-W2-normalized/px4_protocol_raw.jsonl
W2,AUDIT,VEHICLE_STATUS,1790145517006723714,19840000000,19840000000,405,0,1,4,0,4,0,,,/home/letandat/Dev/uav-navigation-experiment-runtime-observability-20260923/.artifacts/experiment_runtime_observability/20260923T041656Z-7da3e97c/run-W2-normalized/O3_HOLD_PROTOCOL_EVENTS.csv
W2,PX4_RAW,RAW_MODE_COMMAND_ACK,1790145517168980400,,19984000000,,,,,,,,100001:,0,/home/letandat/Dev/uav-navigation-experiment-runtime-observability-20260923/.artifacts/experiment_runtime_observability/20260923T041656Z-7da3e97c/run-W2-normalized/px4_protocol_raw.jsonl
W2,AUDIT,EXECUTOR_ACTIVATE,1790145517169781538,19968000000,0,409,0,0,,,0,0,,,/home/letandat/Dev/uav-navigation-experiment-runtime-observability-20260923/.artifacts/experiment_runtime_observability/20260923T041656Z-7da3e97c/run-W2-normalized/O3_HOLD_PROTOCOL_EVENTS.csv
W2,PX4_RAW,RAW_HOLD_COMMAND,1790145518310452344,,0,,,,,,,,100001:4.0,,/home/letandat/Dev/uav-navigation-experiment-runtime-observability-20260923/.artifacts/experiment_runtime_observability/20260923T041656Z-7da3e97c/run-W2-normalized/px4_protocol_raw.jsonl
W2,PX4_RAW,RAW_MODE_COMMAND_ACK,1790145518324019551,,20908000000,,,,,,,,100001:,0,/home/letandat/Dev/uav-navigation-experiment-runtime-observability-20260923/.artifacts/experiment_runtime_observability/20260923T041656Z-7da3e97c/run-W2-normalized/px4_protocol_raw.jsonl
W2,AUDIT,HOLD_REQUEST,1790145518326769989,20896000000,0,532,0,0,,,9,0,,,/home/letandat/Dev/uav-navigation-experiment-runtime-observability-20260923/.artifacts/experiment_runtime_observability/20260923T041656Z-7da3e97c/run-W2-normalized/O3_HOLD_PROTOCOL_EVENTS.csv
W2,AUDIT,SCHEDULE_ATTEMPT,1790145518326779198,20896000000,0,533,1,0,,,11,0,,,/home/letandat/Dev/uav-navigation-experiment-runtime-observability-20260923/.artifacts/experiment_runtime_observability/20260923T041656Z-7da3e97c/run-W2-normalized/O3_HOLD_PROTOCOL_EVENTS.csv
W2,AUDIT,RETRY_TICK,1790145518326785607,20908000000,0,535,1,0,,,11,0,,,/home/letandat/Dev/uav-navigation-experiment-runtime-observability-20260923/.artifacts/experiment_runtime_observability/20260923T041656Z-7da3e97c/run-W2-normalized/O3_HOLD_PROTOCOL_EVENTS.csv
W2,AUDIT,VEHICLE_STATUS,1790145518346749513,20920000000,20920000000,537,1,1,4,1,12,0,,,/home/letandat/Dev/uav-navigation-experiment-runtime-observability-20260923/.artifacts/experiment_runtime_observability/20260923T041656Z-7da3e97c/run-W2-normalized/O3_HOLD_PROTOCOL_EVENTS.csv
W2,AUDIT,VEHICLE_STATUS,1790145518986680961,21424000000,21424000000,539,1,1,4,1,12,0,,,/home/letandat/Dev/uav-navigation-experiment-runtime-observability-20260923/.artifacts/experiment_runtime_observability/20260923T041656Z-7da3e97c/run-W2-normalized/O3_HOLD_PROTOCOL_EVENTS.csv
W2,AUDIT,VEHICLE_STATUS,1790145519606724130,21928000000,21928000000,540,1,1,4,1,12,0,,,/home/letandat/Dev/uav-navigation-experiment-runtime-observability-20260923/.artifacts/experiment_runtime_observability/20260923T041656Z-7da3e97c/run-W2-normalized/O3_HOLD_PROTOCOL_EVENTS.csv
W2,AUDIT,VEHICLE_STATUS,1790145520246698798,22432000000,22432000000,542,1,1,4,1,12,0,,,/home/letandat/Dev/uav-navigation-experiment-runtime-observability-20260923/.artifacts/experiment_runtime_observability/20260923T041656Z-7da3e97c/run-W2-normalized/O3_HOLD_PROTOCOL_EVENTS.csv
W2,AUDIT,VEHICLE_STATUS,1790145520866721493,22936000000,22936000000,544,1,1,4,1,12,0,,,/home/letandat/Dev/uav-navigation-experiment-runtime-observability-20260923/.artifacts/experiment_runtime_observability/20260923T041656Z-7da3e97c/run-W2-normalized/O3_HOLD_PROTOCOL_EVENTS.csv
W2,AUDIT,VEHICLE_STATUS,1790145521506702228,23440000000,23440000000,545,1,1,4,1,12,0,,,/home/letandat/Dev/uav-navigation-experiment-runtime-observability-20260923/.artifacts/experiment_runtime_observability/20260923T041656Z-7da3e97c/run-W2-normalized/O3_HOLD_PROTOCOL_EVENTS.csv
W2,AUDIT,VEHICLE_STATUS,1790145522126749788,23944000000,23944000000,547,1,1,4,1,12,0,,,/home/letandat/Dev/uav-navigation-experiment-runtime-observability-20260923/.artifacts/experiment_runtime_observability/20260923T041656Z-7da3e97c/run-W2-normalized/O3_HOLD_PROTOCOL_EVENTS.csv
W2,AUDIT,VEHICLE_STATUS,1790145522766690655,24448000000,24448000000,549,1,1,4,1,12,0,,,/home/letandat/Dev/uav-navigation-experiment-runtime-observability-20260923/.artifacts/experiment_runtime_observability/20260923T041656Z-7da3e97c/run-W2-normalized/O3_HOLD_PROTOCOL_EVENTS.csv
W2,AUDIT,VEHICLE_STATUS,1790145523386685044,24952000000,24952000000,550,1,1,4,1,12,0,,,/home/letandat/Dev/uav-navigation-experiment-runtime-observability-20260923/.artifacts/experiment_runtime_observability/20260923T041656Z-7da3e97c/run-W2-normalized/O3_HOLD_PROTOCOL_EVENTS.csv
W3,AUDIT,VEHICLE_STATUS,1790145641246361438,6172000000,6172000000,17,0,1,4,0,4,0,,,/home/letandat/Dev/uav-navigation-experiment-runtime-observability-20260923/.artifacts/experiment_runtime_observability/20260923T041656Z-7da3e97c/run-W3-normalized/O3_HOLD_PROTOCOL_EVENTS.csv
W3,AUDIT,VEHICLE_STATUS,1790145641886206376,6676000000,6676000000,32,0,1,4,0,4,0,,,/home/letandat/Dev/uav-navigation-experiment-runtime-observability-20260923/.artifacts/experiment_runtime_observability/20260923T041656Z-7da3e97c/run-W3-normalized/O3_HOLD_PROTOCOL_EVENTS.csv
W3,PX4_RAW,RAW_MODE_COMMAND_ACK,1790145641896905303,,6700000000,,,,,,,,100001:,0,/home/letandat/Dev/uav-navigation-experiment-runtime-observability-20260923/.artifacts/experiment_runtime_observability/20260923T041656Z-7da3e97c/run-W3-normalized/px4_protocol_raw.jsonl
W3,AUDIT,VEHICLE_STATUS,1790145641906281324,6700000000,6700000000,34,0,1,4,0,4,0,,,/home/letandat/Dev/uav-navigation-experiment-runtime-observability-20260923/.artifacts/experiment_runtime_observability/20260923T041656Z-7da3e97c/run-W3-normalized/O3_HOLD_PROTOCOL_EVENTS.csv
W3,PX4_RAW,RAW_MODE_COMMAND_ACK,1790145648406856270,,11908000000,,,,,,,,100001:,0,/home/letandat/Dev/uav-navigation-experiment-runtime-observability-20260923/.artifacts/experiment_runtime_observability/20260923T041656Z-7da3e97c/run-W3-normalized/px4_protocol_raw.jsonl
W3,AUDIT,EXECUTOR_ACTIVATE,1790145648408014767,11896000000,0,184,0,0,,,0,0,,,/home/letandat/Dev/uav-navigation-experiment-runtime-observability-20260923/.artifacts/experiment_runtime_observability/20260923T041656Z-7da3e97c/run-W3-normalized/O3_HOLD_PROTOCOL_EVENTS.csv
W3,PX4_RAW,RAW_MODE_COMMAND_ACK,1790145648466859477,,11956000000,,,,,,,,100001:,0,/home/letandat/Dev/uav-navigation-experiment-runtime-observability-20260923/.artifacts/experiment_runtime_observability/20260923T041656Z-7da3e97c/run-W3-normalized/px4_protocol_raw.jsonl
W3,AUDIT,EXECUTOR_DEACTIVATE,1790145648486231728,11968000000,0,188,0,2,,,0,0,,,/home/letandat/Dev/uav-navigation-experiment-runtime-observability-20260923/.artifacts/experiment_runtime_observability/20260923T041656Z-7da3e97c/run-W3-normalized/O3_HOLD_PROTOCOL_EVENTS.csv
W3,AUDIT,VEHICLE_STATUS,1790145648486237206,11968000000,11968000000,189,0,1,4,0,4,0,,,/home/letandat/Dev/uav-navigation-experiment-runtime-observability-20260923/.artifacts/experiment_runtime_observability/20260923T041656Z-7da3e97c/run-W3-normalized/O3_HOLD_PROTOCOL_EVENTS.csv
W3,AUDIT,VEHICLE_STATUS,1790145649126233106,12472000000,12472000000,191,0,1,4,0,4,0,,,/home/letandat/Dev/uav-navigation-experiment-runtime-observability-20260923/.artifacts/experiment_runtime_observability/20260923T041656Z-7da3e97c/run-W3-normalized/O3_HOLD_PROTOCOL_EVENTS.csv
W3,AUDIT,VEHICLE_STATUS,1790145649726246099,12952000000,12952000000,193,0,1,4,0,4,0,,,/home/letandat/Dev/uav-navigation-experiment-runtime-observability-20260923/.artifacts/experiment_runtime_observability/20260923T041656Z-7da3e97c/run-W3-normalized/O3_HOLD_PROTOCOL_EVENTS.csv
W3,PX4_RAW,RAW_MODE_COMPLETED,1790145658172552897,,19720000000,,,,17,,,,:,0,/home/letandat/Dev/uav-navigation-experiment-runtime-observability-20260923/.artifacts/experiment_runtime_observability/20260923T041656Z-7da3e97c/run-W3-normalized/px4_protocol_raw.jsonl
W3,AUDIT,VEHICLE_STATUS,1790145658206332810,19732000000,19732000000,216,0,1,4,0,4,0,,,/home/letandat/Dev/uav-navigation-experiment-runtime-observability-20260923/.artifacts/experiment_runtime_observability/20260923T041656Z-7da3e97c/run-W3-normalized/O3_HOLD_PROTOCOL_EVENTS.csv
W3,AUDIT,VEHICLE_STATUS,1790145658826238934,20236000000,20236000000,218,0,1,4,0,4,0,,,/home/letandat/Dev/uav-navigation-experiment-runtime-observability-20260923/.artifacts/experiment_runtime_observability/20260923T041656Z-7da3e97c/run-W3-normalized/O3_HOLD_PROTOCOL_EVENTS.csv
W3,AUDIT,VEHICLE_STATUS,1790145659466214410,20740000000,20740000000,219,0,1,4,0,4,0,,,/home/letandat/Dev/uav-navigation-experiment-runtime-observability-20260923/.artifacts/experiment_runtime_observability/20260923T041656Z-7da3e97c/run-W3-normalized/O3_HOLD_PROTOCOL_EVENTS.csv
W3,AUDIT,VEHICLE_STATUS,1790145660086262228,21244000000,21244000000,221,0,1,4,0,4,0,,,/home/letandat/Dev/uav-navigation-experiment-runtime-observability-20260923/.artifacts/experiment_runtime_observability/20260923T041656Z-7da3e97c/run-W3-normalized/O3_HOLD_PROTOCOL_EVENTS.csv
W3,AUDIT,VEHICLE_STATUS,1790145660726250868,21748000000,21748000000,222,0,1,4,0,4,0,,,/home/letandat/Dev/uav-navigation-experiment-runtime-observability-20260923/.artifacts/experiment_runtime_observability/20260923T041656Z-7da3e97c/run-W3-normalized/O3_HOLD_PROTOCOL_EVENTS.csv
W3,AUDIT,VEHICLE_STATUS,1790145661346253941,22252000000,22252000000,224,0,1,4,0,4,0,,,/home/letandat/Dev/uav-navigation-experiment-runtime-observability-20260923/.artifacts/experiment_runtime_observability/20260923T041656Z-7da3e97c/run-W3-normalized/O3_HOLD_PROTOCOL_EVENTS.csv
W3,AUDIT,VEHICLE_STATUS,1790145661986231326,22756000000,22756000000,226,0,1,4,0,4,0,,,/home/letandat/Dev/uav-navigation-experiment-runtime-observability-20260923/.artifacts/experiment_runtime_observability/20260923T041656Z-7da3e97c/run-W3-normalized/O3_HOLD_PROTOCOL_EVENTS.csv
W3,AUDIT,VEHICLE_STATUS,1790145662606234340,23260000000,23260000000,227,0,1,4,0,4,0,,,/home/letandat/Dev/uav-navigation-experiment-runtime-observability-20260923/.artifacts/experiment_runtime_observability/20260923T041656Z-7da3e97c/run-W3-normalized/O3_HOLD_PROTOCOL_EVENTS.csv
W3,AUDIT,VEHICLE_STATUS,1790145663246252721,23764000000,23764000000,229,0,1,4,0,4,0,,,/home/letandat/Dev/uav-navigation-experiment-runtime-observability-20260923/.artifacts/experiment_runtime_observability/20260923T041656Z-7da3e97c/run-W3-normalized/O3_HOLD_PROTOCOL_EVENTS.csv
W3,PX4_RAW,RAW_MODE_COMMAND_ACK,1790145663391784667,,23896000000,,,,,,,,100001:,0,/home/letandat/Dev/uav-navigation-experiment-runtime-observability-20260923/.artifacts/experiment_runtime_observability/20260923T041656Z-7da3e97c/run-W3-normalized/px4_protocol_raw.jsonl
W3,AUDIT,VEHICLE_STATUS,1790145663406277172,23896000000,23896000000,230,0,1,4,0,4,0,,,/home/letandat/Dev/uav-navigation-experiment-runtime-observability-20260923/.artifacts/experiment_runtime_observability/20260923T041656Z-7da3e97c/run-W3-normalized/O3_HOLD_PROTOCOL_EVENTS.csv
W3,PX4_RAW,RAW_MODE_COMMAND_ACK,1790145663496825921,,23980000000,,,,,,,,100001:,0,/home/letandat/Dev/uav-navigation-experiment-runtime-observability-20260923/.artifacts/experiment_runtime_observability/20260923T041656Z-7da3e97c/run-W3-normalized/px4_protocol_raw.jsonl
W3,AUDIT,EXECUTOR_ACTIVATE,1790145663497635941,23968000000,0,231,0,0,,,0,0,,,/home/letandat/Dev/uav-navigation-experiment-runtime-observability-20260923/.artifacts/experiment_runtime_observability/20260923T041656Z-7da3e97c/run-W3-normalized/O3_HOLD_PROTOCOL_EVENTS.csv
W3,PX4_RAW,RAW_HOLD_COMMAND,1790145664778593476,,0,,,,,,,,100001:4.0,,/home/letandat/Dev/uav-navigation-experiment-runtime-observability-20260923/.artifacts/experiment_runtime_observability/20260923T041656Z-7da3e97c/run-W3-normalized/px4_protocol_raw.jsonl
W3,PX4_RAW,RAW_MODE_COMMAND_ACK,1790145664786846868,,25012000000,,,,,,,,100001:,0,/home/letandat/Dev/uav-navigation-experiment-runtime-observability-20260923/.artifacts/experiment_runtime_observability/20260923T041656Z-7da3e97c/run-W3-normalized/px4_protocol_raw.jsonl
W3,AUDIT,HOLD_REQUEST,1790145664787458897,25004000000,0,354,0,0,,,9,0,,,/home/letandat/Dev/uav-navigation-experiment-runtime-observability-20260923/.artifacts/experiment_runtime_observability/20260923T041656Z-7da3e97c/run-W3-normalized/O3_HOLD_PROTOCOL_EVENTS.csv
W3,AUDIT,SCHEDULE_ATTEMPT,1790145664787465789,25004000000,0,355,1,0,,,11,0,,,/home/letandat/Dev/uav-navigation-experiment-runtime-observability-20260923/.artifacts/experiment_runtime_observability/20260923T041656Z-7da3e97c/run-W3-normalized/O3_HOLD_PROTOCOL_EVENTS.csv
W3,AUDIT,RETRY_TICK,1790145664806226480,25012000000,0,358,1,0,,,11,0,,,/home/letandat/Dev/uav-navigation-experiment-runtime-observability-20260923/.artifacts/experiment_runtime_observability/20260923T041656Z-7da3e97c/run-W3-normalized/O3_HOLD_PROTOCOL_EVENTS.csv
W3,AUDIT,RETRY_TICK,1790145664846226660,25052000000,0,359,1,0,,,11,0,,,/home/letandat/Dev/uav-navigation-experiment-runtime-observability-20260923/.artifacts/experiment_runtime_observability/20260923T041656Z-7da3e97c/run-W3-normalized/O3_HOLD_PROTOCOL_EVENTS.csv
W3,AUDIT,RETRY_TICK,1790145664906292757,25092000000,0,361,1,0,,,11,0,,,/home/letandat/Dev/uav-navigation-experiment-runtime-observability-20260923/.artifacts/experiment_runtime_observability/20260923T041656Z-7da3e97c/run-W3-normalized/O3_HOLD_PROTOCOL_EVENTS.csv
W3,AUDIT,RETRY_TICK,1790145664946263816,25132000000,0,362,1,0,,,11,0,,,/home/letandat/Dev/uav-navigation-experiment-runtime-observability-20260923/.artifacts/experiment_runtime_observability/20260923T041656Z-7da3e97c/run-W3-normalized/O3_HOLD_PROTOCOL_EVENTS.csv
W3,AUDIT,RETRY_TICK,1790145665006201688,25172000000,0,363,1,0,,,11,0,,,/home/letandat/Dev/uav-navigation-experiment-runtime-observability-20260923/.artifacts/experiment_runtime_observability/20260923T041656Z-7da3e97c/run-W3-normalized/O3_HOLD_PROTOCOL_EVENTS.csv
W3,AUDIT,VEHICLE_STATUS,1790145665026313510,25188000000,25024000000,364,1,1,4,1,12,0,,,/home/letandat/Dev/uav-navigation-experiment-runtime-observability-20260923/.artifacts/experiment_runtime_observability/20260923T041656Z-7da3e97c/run-W3-normalized/O3_HOLD_PROTOCOL_EVENTS.csv
W3,AUDIT,VEHICLE_STATUS,1790145665446260309,25528000000,25528000000,365,1,1,4,1,12,0,,,/home/letandat/Dev/uav-navigation-experiment-runtime-observability-20260923/.artifacts/experiment_runtime_observability/20260923T041656Z-7da3e97c/run-W3-normalized/O3_HOLD_PROTOCOL_EVENTS.csv
W3,AUDIT,VEHICLE_STATUS,1790145666066234020,26032000000,26032000000,367,1,1,4,1,12,0,,,/home/letandat/Dev/uav-navigation-experiment-runtime-observability-20260923/.artifacts/experiment_runtime_observability/20260923T041656Z-7da3e97c/run-W3-normalized/O3_HOLD_PROTOCOL_EVENTS.csv
W3,AUDIT,VEHICLE_STATUS,1790145666706235391,26536000000,26536000000,368,1,1,4,1,12,0,,,/home/letandat/Dev/uav-navigation-experiment-runtime-observability-20260923/.artifacts/experiment_runtime_observability/20260923T041656Z-7da3e97c/run-W3-normalized/O3_HOLD_PROTOCOL_EVENTS.csv
W3,AUDIT,VEHICLE_STATUS,1790145667326212648,27040000000,27040000000,370,1,1,4,1,12,0,,,/home/letandat/Dev/uav-navigation-experiment-runtime-observability-20260923/.artifacts/experiment_runtime_observability/20260923T041656Z-7da3e97c/run-W3-normalized/O3_HOLD_PROTOCOL_EVENTS.csv
W3,AUDIT,VEHICLE_STATUS,1790145667966244095,27544000000,27544000000,372,1,1,4,1,12,0,,,/home/letandat/Dev/uav-navigation-experiment-runtime-observability-20260923/.artifacts/experiment_runtime_observability/20260923T041656Z-7da3e97c/run-W3-normalized/O3_HOLD_PROTOCOL_EVENTS.csv
W3,AUDIT,VEHICLE_STATUS,1790145668586220559,28048000000,28048000000,373,1,1,4,1,12,0,,,/home/letandat/Dev/uav-navigation-experiment-runtime-observability-20260923/.artifacts/experiment_runtime_observability/20260923T041656Z-7da3e97c/run-W3-normalized/O3_HOLD_PROTOCOL_EVENTS.csv
W3,AUDIT,VEHICLE_STATUS,1790145669226244681,28552000000,28552000000,375,1,1,4,1,12,0,,,/home/letandat/Dev/uav-navigation-experiment-runtime-observability-20260923/.artifacts/experiment_runtime_observability/20260923T041656Z-7da3e97c/run-W3-normalized/O3_HOLD_PROTOCOL_EVENTS.csv
W3,AUDIT,VEHICLE_STATUS,1790145669846246294,29056000000,29056000000,376,1,1,4,1,12,0,,,/home/letandat/Dev/uav-navigation-experiment-runtime-observability-20260923/.artifacts/experiment_runtime_observability/20260923T041656Z-7da3e97c/run-W3-normalized/O3_HOLD_PROTOCOL_EVENTS.csv
W3,AUDIT,VEHICLE_STATUS,1790145670486227288,29556000000,29560000000,378,1,1,4,1,12,0,,,/home/letandat/Dev/uav-navigation-experiment-runtime-observability-20260923/.artifacts/experiment_runtime_observability/20260923T041656Z-7da3e97c/run-W3-normalized/O3_HOLD_PROTOCOL_EVENTS.csv
W3,AUDIT,VEHICLE_STATUS,1790145671106252641,30064000000,30064000000,380,1,1,4,1,12,0,,,/home/letandat/Dev/uav-navigation-experiment-runtime-observability-20260923/.artifacts/experiment_runtime_observability/20260923T041656Z-7da3e97c/run-W3-normalized/O3_HOLD_PROTOCOL_EVENTS.csv
W3,AUDIT,VEHICLE_STATUS,1790145671746211989,30568000000,30568000000,381,1,1,4,1,12,0,,,/home/letandat/Dev/uav-navigation-experiment-runtime-observability-20260923/.artifacts/experiment_runtime_observability/20260923T041656Z-7da3e97c/run-W3-normalized/O3_HOLD_PROTOCOL_EVENTS.csv
W3,AUDIT,VEHICLE_STATUS,1790145672366217245,31072000000,31072000000,383,1,1,4,1,12,0,,,/home/letandat/Dev/uav-navigation-experiment-runtime-observability-20260923/.artifacts/experiment_runtime_observability/20260923T041656Z-7da3e97c/run-W3-normalized/O3_HOLD_PROTOCOL_EVENTS.csv
W3,AUDIT,VEHICLE_STATUS,1790145673006245058,31576000000,31576000000,385,1,1,4,1,12,0,,,/home/letandat/Dev/uav-navigation-experiment-runtime-observability-20260923/.artifacts/experiment_runtime_observability/20260923T041656Z-7da3e97c/run-W3-normalized/O3_HOLD_PROTOCOL_EVENTS.csv
W4,PX4_RAW,RAW_MODE_COMPLETED,1790145787065800725,,15496000000,,,,17,,,,:,0,/home/letandat/Dev/uav-navigation-experiment-runtime-observability-20260923/.artifacts/experiment_runtime_observability/20260923T041656Z-7da3e97c/run-W4-normalized/px4_protocol_raw.jsonl
W4,AUDIT,VEHICLE_STATUS,1790145787088624043,15508000000,15508000000,272,0,1,4,0,4,0,,,/home/letandat/Dev/uav-navigation-experiment-runtime-observability-20260923/.artifacts/experiment_runtime_observability/20260923T041656Z-7da3e97c/run-W4-normalized/O3_HOLD_PROTOCOL_EVENTS.csv
W4,AUDIT,VEHICLE_STATUS,1790145787728589013,16012000000,16012000000,287,0,1,4,0,4,0,,,/home/letandat/Dev/uav-navigation-experiment-runtime-observability-20260923/.artifacts/experiment_runtime_observability/20260923T041656Z-7da3e97c/run-W4-normalized/O3_HOLD_PROTOCOL_EVENTS.csv
W4,AUDIT,VEHICLE_STATUS,1790145788348568894,16516000000,16516000000,300,0,1,4,0,4,0,,,/home/letandat/Dev/uav-navigation-experiment-runtime-observability-20260923/.artifacts/experiment_runtime_observability/20260923T041656Z-7da3e97c/run-W4-normalized/O3_HOLD_PROTOCOL_EVENTS.csv
W4,AUDIT,VEHICLE_STATUS,1790145788988627231,17020000000,17020000000,315,0,1,4,0,4,0,,,/home/letandat/Dev/uav-navigation-experiment-runtime-observability-20260923/.artifacts/experiment_runtime_observability/20260923T041656Z-7da3e97c/run-W4-normalized/O3_HOLD_PROTOCOL_EVENTS.csv
W4,AUDIT,VEHICLE_STATUS,1790145789648643948,17524000000,17524000000,330,0,1,4,0,4,0,,,/home/letandat/Dev/uav-navigation-experiment-runtime-observability-20260923/.artifacts/experiment_runtime_observability/20260923T041656Z-7da3e97c/run-W4-normalized/O3_HOLD_PROTOCOL_EVENTS.csv
W4,AUDIT,VEHICLE_STATUS,1790145790268601114,18028000000,18028000000,344,0,1,4,0,4,0,,,/home/letandat/Dev/uav-navigation-experiment-runtime-observability-20260923/.artifacts/experiment_runtime_observability/20260923T041656Z-7da3e97c/run-W4-normalized/O3_HOLD_PROTOCOL_EVENTS.csv
W4,AUDIT,VEHICLE_STATUS,1790145790908723669,18532000000,18532000000,358,0,1,4,0,4,0,,,/home/letandat/Dev/uav-navigation-experiment-runtime-observability-20260923/.artifacts/experiment_runtime_observability/20260923T041656Z-7da3e97c/run-W4-normalized/O3_HOLD_PROTOCOL_EVENTS.csv
W4,AUDIT,VEHICLE_STATUS,1790145791528685594,19036000000,19036000000,372,0,1,4,0,4,0,,,/home/letandat/Dev/uav-navigation-experiment-runtime-observability-20260923/.artifacts/experiment_runtime_observability/20260923T041656Z-7da3e97c/run-W4-normalized/O3_HOLD_PROTOCOL_EVENTS.csv
W4,AUDIT,VEHICLE_STATUS,1790145792168575600,19540000000,19540000000,387,0,1,4,0,4,0,,,/home/letandat/Dev/uav-navigation-experiment-runtime-observability-20260923/.artifacts/experiment_runtime_observability/20260923T041656Z-7da3e97c/run-W4-normalized/O3_HOLD_PROTOCOL_EVENTS.csv
W4,PX4_RAW,RAW_MODE_COMMAND_ACK,1790145792288584491,,19648000000,,,,,,,,100001:,0,/home/letandat/Dev/uav-navigation-experiment-runtime-observability-20260923/.artifacts/experiment_runtime_observability/20260923T041656Z-7da3e97c/run-W4-normalized/px4_protocol_raw.jsonl
W4,AUDIT,VEHICLE_STATUS,1790145792308564124,19648000000,19648000000,390,0,1,4,0,4,0,,,/home/letandat/Dev/uav-navigation-experiment-runtime-observability-20260923/.artifacts/experiment_runtime_observability/20260923T041656Z-7da3e97c/run-W4-normalized/O3_HOLD_PROTOCOL_EVENTS.csv
W4,PX4_RAW,RAW_MODE_COMMAND_ACK,1790145792423687316,,19756000000,,,,,,,,100001:,0,/home/letandat/Dev/uav-navigation-experiment-runtime-observability-20260923/.artifacts/experiment_runtime_observability/20260923T041656Z-7da3e97c/run-W4-normalized/px4_protocol_raw.jsonl
W4,AUDIT,EXECUTOR_ACTIVATE,1790145792428579478,19744000000,0,394,0,0,,,0,0,,,/home/letandat/Dev/uav-navigation-experiment-runtime-observability-20260923/.artifacts/experiment_runtime_observability/20260923T041656Z-7da3e97c/run-W4-normalized/O3_HOLD_PROTOCOL_EVENTS.csv
W4,PX4_RAW,RAW_HOLD_COMMAND,1790145793605532314,,0,,,,,,,,100001:4.0,,/home/letandat/Dev/uav-navigation-experiment-runtime-observability-20260923/.artifacts/experiment_runtime_observability/20260923T041656Z-7da3e97c/run-W4-normalized/px4_protocol_raw.jsonl
W4,PX4_RAW,RAW_MODE_COMMAND_ACK,1790145793623754988,,20716000000,,,,,,,,100001:,0,/home/letandat/Dev/uav-navigation-experiment-runtime-observability-20260923/.artifacts/experiment_runtime_observability/20260923T041656Z-7da3e97c/run-W4-normalized/px4_protocol_raw.jsonl
W4,AUDIT,HOLD_REQUEST,1790145793624757454,20700000000,0,520,0,0,,,9,0,,,/home/letandat/Dev/uav-navigation-experiment-runtime-observability-20260923/.artifacts/experiment_runtime_observability/20260923T041656Z-7da3e97c/run-W4-normalized/O3_HOLD_PROTOCOL_EVENTS.csv
W4,AUDIT,SCHEDULE_ATTEMPT,1790145793624758541,20700000000,0,521,1,0,,,11,0,,,/home/letandat/Dev/uav-navigation-experiment-runtime-observability-20260923/.artifacts/experiment_runtime_observability/20260923T041656Z-7da3e97c/run-W4-normalized/O3_HOLD_PROTOCOL_EVENTS.csv
W4,AUDIT,VEHICLE_STATUS,1790145793648587195,20728000000,20728000000,525,1,1,4,1,12,0,,,/home/letandat/Dev/uav-navigation-experiment-runtime-observability-20260923/.artifacts/experiment_runtime_observability/20260923T041656Z-7da3e97c/run-W4-normalized/O3_HOLD_PROTOCOL_EVENTS.csv
W4,AUDIT,VEHICLE_STATUS,1790145794288649481,21232000000,21232000000,526,1,1,4,1,12,0,,,/home/letandat/Dev/uav-navigation-experiment-runtime-observability-20260923/.artifacts/experiment_runtime_observability/20260923T041656Z-7da3e97c/run-W4-normalized/O3_HOLD_PROTOCOL_EVENTS.csv
W4,AUDIT,VEHICLE_STATUS,1790145794908578924,21736000000,21736000000,528,1,1,4,1,12,0,,,/home/letandat/Dev/uav-navigation-experiment-runtime-observability-20260923/.artifacts/experiment_runtime_observability/20260923T041656Z-7da3e97c/run-W4-normalized/O3_HOLD_PROTOCOL_EVENTS.csv
W4,AUDIT,VEHICLE_STATUS,1790145795548577505,22240000000,22240000000,529,1,1,4,1,12,0,,,/home/letandat/Dev/uav-navigation-experiment-runtime-observability-20260923/.artifacts/experiment_runtime_observability/20260923T041656Z-7da3e97c/run-W4-normalized/O3_HOLD_PROTOCOL_EVENTS.csv
W4,AUDIT,VEHICLE_STATUS,1790145796168561825,22744000000,22744000000,531,1,1,4,1,12,0,,,/home/letandat/Dev/uav-navigation-experiment-runtime-observability-20260923/.artifacts/experiment_runtime_observability/20260923T041656Z-7da3e97c/run-W4-normalized/O3_HOLD_PROTOCOL_EVENTS.csv
W4,AUDIT,VEHICLE_STATUS,1790145796808642658,23248000000,23248000000,533,1,1,4,1,12,0,,,/home/letandat/Dev/uav-navigation-experiment-runtime-observability-20260923/.artifacts/experiment_runtime_observability/20260923T041656Z-7da3e97c/run-W4-normalized/O3_HOLD_PROTOCOL_EVENTS.csv
W4,AUDIT,VEHICLE_STATUS,1790145797428588115,23752000000,23752000000,534,1,1,4,1,12,0,,,/home/letandat/Dev/uav-navigation-experiment-runtime-observability-20260923/.artifacts/experiment_runtime_observability/20260923T041656Z-7da3e97c/run-W4-normalized/O3_HOLD_PROTOCOL_EVENTS.csv
W4,AUDIT,VEHICLE_STATUS,1790145798068576552,24256000000,24256000000,536,1,1,4,1,12,0,,,/home/letandat/Dev/uav-navigation-experiment-runtime-observability-20260923/.artifacts/experiment_runtime_observability/20260923T041656Z-7da3e97c/run-W4-normalized/O3_HOLD_PROTOCOL_EVENTS.csv
W4,AUDIT,VEHICLE_STATUS,1790145798688628898,24760000000,24760000000,537,1,1,4,1,12,0,,,/home/letandat/Dev/uav-navigation-experiment-runtime-observability-20260923/.artifacts/experiment_runtime_observability/20260923T041656Z-7da3e97c/run-W4-normalized/O3_HOLD_PROTOCOL_EVENTS.csv
W4,AUDIT,VEHICLE_STATUS,1790145799328674622,25264000000,25264000000,539,1,1,4,1,12,0,,,/home/letandat/Dev/uav-navigation-experiment-runtime-observability-20260923/.artifacts/experiment_runtime_observability/20260923T041656Z-7da3e97c/run-W4-normalized/O3_HOLD_PROTOCOL_EVENTS.csv
W4,AUDIT,VEHICLE_STATUS,1790145799948579949,25768000000,25768000000,541,1,1,4,1,12,0,,,/home/letandat/Dev/uav-navigation-experiment-runtime-observability-20260923/.artifacts/experiment_runtime_observability/20260923T041656Z-7da3e97c/run-W4-normalized/O3_HOLD_PROTOCOL_EVENTS.csv
W4,AUDIT,VEHICLE_STATUS,1790145800588699914,26272000000,26272000000,542,1,1,4,1,12,0,,,/home/letandat/Dev/uav-navigation-experiment-runtime-observability-20260923/.artifacts/experiment_runtime_observability/20260923T041656Z-7da3e97c/run-W4-normalized/O3_HOLD_PROTOCOL_EVENTS.csv
W4,AUDIT,VEHICLE_STATUS,1790145801208575253,26776000000,26776000000,544,1,1,4,1,12,0,,,/home/letandat/Dev/uav-navigation-experiment-runtime-observability-20260923/.artifacts/experiment_runtime_observability/20260923T041656Z-7da3e97c/run-W4-normalized/O3_HOLD_PROTOCOL_EVENTS.csv
W4,AUDIT,VEHICLE_STATUS,1790145801848600253,27280000000,27280000000,546,1,1,4,1,12,0,,,/home/letandat/Dev/uav-navigation-experiment-runtime-observability-20260923/.artifacts/experiment_runtime_observability/20260923T041656Z-7da3e97c/run-W4-normalized/O3_HOLD_PROTOCOL_EVENTS.csv
W5,AUDIT,VEHICLE_STATUS,1790145897294746029,6812000000,6812000000,33,0,1,4,0,4,0,,,/home/letandat/Dev/uav-navigation-experiment-runtime-observability-20260923/.artifacts/experiment_runtime_observability/20260923T041656Z-7da3e97c/run-W5-normalized/O3_HOLD_PROTOCOL_EVENTS.csv
W5,AUDIT,VEHICLE_STATUS,1790145897914723394,7316000000,7316000000,46,0,1,4,0,4,0,,,/home/letandat/Dev/uav-navigation-experiment-runtime-observability-20260923/.artifacts/experiment_runtime_observability/20260923T041656Z-7da3e97c/run-W5-normalized/O3_HOLD_PROTOCOL_EVENTS.csv
W5,AUDIT,VEHICLE_STATUS,1790145898554834626,7820000000,7820000000,61,0,1,4,0,4,0,,,/home/letandat/Dev/uav-navigation-experiment-runtime-observability-20260923/.artifacts/experiment_runtime_observability/20260923T041656Z-7da3e97c/run-W5-normalized/O3_HOLD_PROTOCOL_EVENTS.csv
W5,PX4_RAW,RAW_MODE_COMMAND_ACK,1790145898630027759,,7892000000,,,,,,,,100001:,0,/home/letandat/Dev/uav-navigation-experiment-runtime-observability-20260923/.artifacts/experiment_runtime_observability/20260923T041656Z-7da3e97c/run-W5-normalized/px4_protocol_raw.jsonl
W5,AUDIT,VEHICLE_STATUS,1790145898634848694,7892000000,7892000000,64,0,1,4,0,4,0,,,/home/letandat/Dev/uav-navigation-experiment-runtime-observability-20260923/.artifacts/experiment_runtime_observability/20260923T041656Z-7da3e97c/run-W5-normalized/O3_HOLD_PROTOCOL_EVENTS.csv
W5,PX4_RAW,RAW_MODE_COMMAND_ACK,1790145905139918690,,13100000000,,,,,,,,100001:,0,/home/letandat/Dev/uav-navigation-experiment-runtime-observability-20260923/.artifacts/experiment_runtime_observability/20260923T041656Z-7da3e97c/run-W5-normalized/px4_protocol_raw.jsonl
W5,AUDIT,EXECUTOR_ACTIVATE,1790145905141221883,13088000000,0,214,0,0,,,0,0,,,/home/letandat/Dev/uav-navigation-experiment-runtime-observability-20260923/.artifacts/experiment_runtime_observability/20260923T041656Z-7da3e97c/run-W5-normalized/O3_HOLD_PROTOCOL_EVENTS.csv
W5,PX4_RAW,RAW_MODE_COMMAND_ACK,1790145905170124821,,13124000000,,,,,,,,100001:,0,/home/letandat/Dev/uav-navigation-experiment-runtime-observability-20260923/.artifacts/experiment_runtime_observability/20260923T041656Z-7da3e97c/run-W5-normalized/px4_protocol_raw.jsonl
W5,AUDIT,EXECUTOR_DEACTIVATE,1790145905394822958,13288000000,0,223,0,2,,,0,0,,,/home/letandat/Dev/uav-navigation-experiment-runtime-observability-20260923/.artifacts/experiment_runtime_observability/20260923T041656Z-7da3e97c/run-W5-normalized/O3_HOLD_PROTOCOL_EVENTS.csv
W5,AUDIT,VEHICLE_STATUS,1790145905394842069,13288000000,13136000000,224,0,1,4,0,4,0,,,/home/letandat/Dev/uav-navigation-experiment-runtime-observability-20260923/.artifacts/experiment_runtime_observability/20260923T041656Z-7da3e97c/run-W5-normalized/O3_HOLD_PROTOCOL_EVENTS.csv
W5,AUDIT,VEHICLE_STATUS,1790145905834744059,13640000000,13640000000,225,0,1,4,0,4,0,,,/home/letandat/Dev/uav-navigation-experiment-runtime-observability-20260923/.artifacts/experiment_runtime_observability/20260923T041656Z-7da3e97c/run-W5-normalized/O3_HOLD_PROTOCOL_EVENTS.csv
W5,AUDIT,VEHICLE_STATUS,1790145906454734332,14144000000,14144000000,227,0,1,4,0,4,0,,,/home/letandat/Dev/uav-navigation-experiment-runtime-observability-20260923/.artifacts/experiment_runtime_observability/20260923T041656Z-7da3e97c/run-W5-normalized/O3_HOLD_PROTOCOL_EVENTS.csv
W5,PX4_RAW,RAW_MODE_COMPLETED,1790145914965440846,,20960000000,,,,17,,,,:,0,/home/letandat/Dev/uav-navigation-experiment-runtime-observability-20260923/.artifacts/experiment_runtime_observability/20260923T041656Z-7da3e97c/run-W5-normalized/px4_protocol_raw.jsonl
W5,AUDIT,VEHICLE_STATUS,1790145914994784575,20972000000,20972000000,250,0,1,4,0,4,0,,,/home/letandat/Dev/uav-navigation-experiment-runtime-observability-20260923/.artifacts/experiment_runtime_observability/20260923T041656Z-7da3e97c/run-W5-normalized/O3_HOLD_PROTOCOL_EVENTS.csv
W5,AUDIT,VEHICLE_STATUS,1790145915614805229,21476000000,21476000000,252,0,1,4,0,4,0,,,/home/letandat/Dev/uav-navigation-experiment-runtime-observability-20260923/.artifacts/experiment_runtime_observability/20260923T041656Z-7da3e97c/run-W5-normalized/O3_HOLD_PROTOCOL_EVENTS.csv
W5,AUDIT,VEHICLE_STATUS,1790145916254838219,21980000000,21980000000,254,0,1,4,0,4,0,,,/home/letandat/Dev/uav-navigation-experiment-runtime-observability-20260923/.artifacts/experiment_runtime_observability/20260923T041656Z-7da3e97c/run-W5-normalized/O3_HOLD_PROTOCOL_EVENTS.csv
W5,AUDIT,VEHICLE_STATUS,1790145916874746887,22484000000,22484000000,255,0,1,4,0,4,0,,,/home/letandat/Dev/uav-navigation-experiment-runtime-observability-20260923/.artifacts/experiment_runtime_observability/20260923T041656Z-7da3e97c/run-W5-normalized/O3_HOLD_PROTOCOL_EVENTS.csv
W5,AUDIT,VEHICLE_STATUS,1790145917514838462,22988000000,22988000000,257,0,1,4,0,4,0,,,/home/letandat/Dev/uav-navigation-experiment-runtime-observability-20260923/.artifacts/experiment_runtime_observability/20260923T041656Z-7da3e97c/run-W5-normalized/O3_HOLD_PROTOCOL_EVENTS.csv
W5,AUDIT,VEHICLE_STATUS,1790145918134763891,23492000000,23492000000,258,0,1,4,0,4,0,,,/home/letandat/Dev/uav-navigation-experiment-runtime-observability-20260923/.artifacts/experiment_runtime_observability/20260923T041656Z-7da3e97c/run-W5-normalized/O3_HOLD_PROTOCOL_EVENTS.csv
W5,AUDIT,VEHICLE_STATUS,1790145918774782089,23996000000,23996000000,260,0,1,4,0,4,0,,,/home/letandat/Dev/uav-navigation-experiment-runtime-observability-20260923/.artifacts/experiment_runtime_observability/20260923T041656Z-7da3e97c/run-W5-normalized/O3_HOLD_PROTOCOL_EVENTS.csv
W5,AUDIT,VEHICLE_STATUS,1790145919394822374,24500000000,24500000000,262,0,1,4,0,4,0,,,/home/letandat/Dev/uav-navigation-experiment-runtime-observability-20260923/.artifacts/experiment_runtime_observability/20260923T041656Z-7da3e97c/run-W5-normalized/O3_HOLD_PROTOCOL_EVENTS.csv
W5,AUDIT,VEHICLE_STATUS,1790145920034784258,25004000000,25004000000,263,0,1,4,0,4,0,,,/home/letandat/Dev/uav-navigation-experiment-runtime-observability-20260923/.artifacts/experiment_runtime_observability/20260923T041656Z-7da3e97c/run-W5-normalized/O3_HOLD_PROTOCOL_EVENTS.csv
W5,PX4_RAW,RAW_MODE_COMMAND_ACK,1790145920230033351,,25172000000,,,,,,,,100001:,0,/home/letandat/Dev/uav-navigation-experiment-runtime-observability-20260923/.artifacts/experiment_runtime_observability/20260923T041656Z-7da3e97c/run-W5-normalized/px4_protocol_raw.jsonl
W5,AUDIT,VEHICLE_STATUS,1790145920234718927,25168000000,25172000000,264,0,1,4,0,4,0,,,/home/letandat/Dev/uav-navigation-experiment-runtime-observability-20260923/.artifacts/experiment_runtime_observability/20260923T041656Z-7da3e97c/run-W5-normalized/O3_HOLD_PROTOCOL_EVENTS.csv
W5,PX4_RAW,RAW_MODE_COMMAND_ACK,1790145920290099856,,25220000000,,,,,,,,100001:,0,/home/letandat/Dev/uav-navigation-experiment-runtime-observability-20260923/.artifacts/experiment_runtime_observability/20260923T041656Z-7da3e97c/run-W5-normalized/px4_protocol_raw.jsonl
W5,AUDIT,EXECUTOR_ACTIVATE,1790145920294659964,25208000000,0,266,0,0,,,0,0,,,/home/letandat/Dev/uav-navigation-experiment-runtime-observability-20260923/.artifacts/experiment_runtime_observability/20260923T041656Z-7da3e97c/run-W5-normalized/O3_HOLD_PROTOCOL_EVENTS.csv
W5,PX4_RAW,RAW_HOLD_COMMAND,1790145921412798775,,0,,,,,,,,100001:4.0,,/home/letandat/Dev/uav-navigation-experiment-runtime-observability-20260923/.artifacts/experiment_runtime_observability/20260923T041656Z-7da3e97c/run-W5-normalized/px4_protocol_raw.jsonl
W5,PX4_RAW,RAW_MODE_COMMAND_ACK,1790145921430004791,,26132000000,,,,,,,,100001:,0,/home/letandat/Dev/uav-navigation-experiment-runtime-observability-20260923/.artifacts/experiment_runtime_observability/20260923T041656Z-7da3e97c/run-W5-normalized/px4_protocol_raw.jsonl
W5,AUDIT,HOLD_REQUEST,1790145921430866016,26116000000,0,391,0,0,,,9,0,,,/home/letandat/Dev/uav-navigation-experiment-runtime-observability-20260923/.artifacts/experiment_runtime_observability/20260923T041656Z-7da3e97c/run-W5-normalized/O3_HOLD_PROTOCOL_EVENTS.csv
W5,AUDIT,SCHEDULE_ATTEMPT,1790145921430870441,26116000000,0,392,1,0,,,11,0,,,/home/letandat/Dev/uav-navigation-experiment-runtime-observability-20260923/.artifacts/experiment_runtime_observability/20260923T041656Z-7da3e97c/run-W5-normalized/O3_HOLD_PROTOCOL_EVENTS.csv
W5,AUDIT,RETRY_TICK,1790145921430879074,26132000000,0,394,1,0,,,11,0,,,/home/letandat/Dev/uav-navigation-experiment-runtime-observability-20260923/.artifacts/experiment_runtime_observability/20260923T041656Z-7da3e97c/run-W5-normalized/O3_HOLD_PROTOCOL_EVENTS.csv
W5,AUDIT,VEHICLE_STATUS,1790145921454796793,26144000000,26144000000,396,1,1,4,1,12,0,,,/home/letandat/Dev/uav-navigation-experiment-runtime-observability-20260923/.artifacts/experiment_runtime_observability/20260923T041656Z-7da3e97c/run-W5-normalized/O3_HOLD_PROTOCOL_EVENTS.csv
W5,AUDIT,VEHICLE_STATUS,1790145922094790132,26648000000,26648000000,397,1,1,4,1,12,0,,,/home/letandat/Dev/uav-navigation-experiment-runtime-observability-20260923/.artifacts/experiment_runtime_observability/20260923T041656Z-7da3e97c/run-W5-normalized/O3_HOLD_PROTOCOL_EVENTS.csv
W5,AUDIT,VEHICLE_STATUS,1790145922714744085,27152000000,27152000000,399,1,1,4,1,12,0,,,/home/letandat/Dev/uav-navigation-experiment-runtime-observability-20260923/.artifacts/experiment_runtime_observability/20260923T041656Z-7da3e97c/run-W5-normalized/O3_HOLD_PROTOCOL_EVENTS.csv
W5,AUDIT,VEHICLE_STATUS,1790145923354777544,27656000000,27656000000,401,1,1,4,1,12,0,,,/home/letandat/Dev/uav-navigation-experiment-runtime-observability-20260923/.artifacts/experiment_runtime_observability/20260923T041656Z-7da3e97c/run-W5-normalized/O3_HOLD_PROTOCOL_EVENTS.csv
W5,AUDIT,VEHICLE_STATUS,1790145923974776606,28160000000,28160000000,402,1,1,4,1,12,0,,,/home/letandat/Dev/uav-navigation-experiment-runtime-observability-20260923/.artifacts/experiment_runtime_observability/20260923T041656Z-7da3e97c/run-W5-normalized/O3_HOLD_PROTOCOL_EVENTS.csv
W5,AUDIT,VEHICLE_STATUS,1790145924614911918,28664000000,28664000000,404,1,1,4,1,12,0,,,/home/letandat/Dev/uav-navigation-experiment-runtime-observability-20260923/.artifacts/experiment_runtime_observability/20260923T041656Z-7da3e97c/run-W5-normalized/O3_HOLD_PROTOCOL_EVENTS.csv
W5,AUDIT,VEHICLE_STATUS,1790145925234778888,29168000000,29168000000,405,1,1,4,1,12,0,,,/home/letandat/Dev/uav-navigation-experiment-runtime-observability-20260923/.artifacts/experiment_runtime_observability/20260923T041656Z-7da3e97c/run-W5-normalized/O3_HOLD_PROTOCOL_EVENTS.csv
W5,AUDIT,VEHICLE_STATUS,1790145925874765234,29672000000,29672000000,407,1,1,4,1,12,0,,,/home/letandat/Dev/uav-navigation-experiment-runtime-observability-20260923/.artifacts/experiment_runtime_observability/20260923T041656Z-7da3e97c/run-W5-normalized/O3_HOLD_PROTOCOL_EVENTS.csv
W5,AUDIT,VEHICLE_STATUS,1790145926494752299,30176000000,30176000000,409,1,1,4,1,12,0,,,/home/letandat/Dev/uav-navigation-experiment-runtime-observability-20260923/.artifacts/experiment_runtime_observability/20260923T041656Z-7da3e97c/run-W5-normalized/O3_HOLD_PROTOCOL_EVENTS.csv
W5,AUDIT,VEHICLE_STATUS,1790145927134841824,30680000000,30680000000,410,1,1,4,1,12,0,,,/home/letandat/Dev/uav-navigation-experiment-runtime-observability-20260923/.artifacts/experiment_runtime_observability/20260923T041656Z-7da3e97c/run-W5-normalized/O3_HOLD_PROTOCOL_EVENTS.csv
W5,AUDIT,VEHICLE_STATUS,1790145927754767060,31184000000,31184000000,412,1,1,4,1,12,0,,,/home/letandat/Dev/uav-navigation-experiment-runtime-observability-20260923/.artifacts/experiment_runtime_observability/20260923T041656Z-7da3e97c/run-W5-normalized/O3_HOLD_PROTOCOL_EVENTS.csv
W5,AUDIT,VEHICLE_STATUS,1790145928394830777,31688000000,31688000000,413,1,1,4,1,12,0,,,/home/letandat/Dev/uav-navigation-experiment-runtime-observability-20260923/.artifacts/experiment_runtime_observability/20260923T041656Z-7da3e97c/run-W5-normalized/O3_HOLD_PROTOCOL_EVENTS.csv
W5,AUDIT,VEHICLE_STATUS,1790145929014792934,32192000000,32192000000,415,1,1,4,1,12,0,,,/home/letandat/Dev/uav-navigation-experiment-runtime-observability-20260923/.artifacts/experiment_runtime_observability/20260923T041656Z-7da3e97c/run-W5-normalized/O3_HOLD_PROTOCOL_EVENTS.csv
W5,AUDIT,VEHICLE_STATUS,1790145929654812360,32696000000,32696000000,417,1,1,4,1,12,0,,,/home/letandat/Dev/uav-navigation-experiment-runtime-observability-20260923/.artifacts/experiment_runtime_observability/20260923T041656Z-7da3e97c/run-W5-normalized/O3_HOLD_PROTOCOL_EVENTS.csv
