run,kind,ros_now_ns,source_stamp_ns,bag_observer_ns,diagnostic_sequence,world_generation,world_revision,active_bundle_generation,outcome,flags,reason,dropped_input_count,source_file
W1-fixed,FAULT_START,19916000000,19900000000,,,,,,,,,0,/home/letandat/Dev/uav-navigation/.artifacts/runtime/external-mode-check-20260923T063510-38964/audit_world_fault.jsonl
W1-fixed,FAULT_END,20116000000,,,,,,,,,,2,/home/letandat/Dev/uav-navigation/.artifacts/runtime/external-mode-check-20260923T063510-38964/audit_world_fault.jsonl
W1-fixed,FIRST_FRESH_WORLD_AFTER_FAULT,20152000000,20100000000,1790145345107036045,964,2,167,0,1,0,0,,/home/letandat/Dev/uav-navigation-experiment-runtime-observability-20260923/.artifacts/experiment_runtime_observability/20260923T041656Z-7da3e97c/run-W1-fixed-normalized/O4_WORLD_EVENTS.csv
W1-fixed,RECERT_START_AFTER_FAULT,20152000000,20100000000,1790145345107037234,965,2,167,2,0,0,0,,/home/letandat/Dev/uav-navigation-experiment-runtime-observability-20260923/.artifacts/experiment_runtime_observability/20260923T041656Z-7da3e97c/run-W1-fixed-normalized/O4_WORLD_EVENTS.csv
W1-fixed,RECERT_END_AFTER_FAULT,20156000000,20100000000,1790145345107038407,966,2,167,2,1,4,0,,/home/letandat/Dev/uav-navigation-experiment-runtime-observability-20260923/.artifacts/experiment_runtime_observability/20260923T041656Z-7da3e97c/run-W1-fixed-normalized/O4_WORLD_EVENTS.csv
W1-fixed,WORLD_COMMIT_AFTER_FAULT,20156000000,20100000000,1790145345107039435,967,2,167,2,1,1,0,,/home/letandat/Dev/uav-navigation-experiment-runtime-observability-20260923/.artifacts/experiment_runtime_observability/20260923T041656Z-7da3e97c/run-W1-fixed-normalized/O4_WORLD_EVENTS.csv
W1-fixed,HOLD_REQUEST,70136000000,0,1790145407588156435,6010,,,,0,1,0,,/home/letandat/Dev/uav-navigation-experiment-runtime-observability-20260923/.artifacts/experiment_runtime_observability/20260923T041656Z-7da3e97c/run-W1-fixed-normalized/O3_HOLD_PROTOCOL_EVENTS.csv
W1-fixed,HOLD_SCHEDULE_ATTEMPT,70136000000,0,1790145407588163809,6011,,,,0,3,0,,/home/letandat/Dev/uav-navigation-experiment-runtime-observability-20260923/.artifacts/experiment_runtime_observability/20260923T041656Z-7da3e97c/run-W1-fixed-normalized/O3_HOLD_PROTOCOL_EVENTS.csv
W2,FAULT_START,20420000000,20400000000,,,,,,,,,0,/home/letandat/Dev/uav-navigation/.artifacts/runtime/external-mode-check-20260923T063803-42512/audit_world_fault.jsonl
W2,WORLD_STALE_REJECT,20808000000,20300000000,1790145518202505976,982,2,165,0,2,0,0,,/home/letandat/Dev/uav-navigation-experiment-runtime-observability-20260923/.artifacts/experiment_runtime_observability/20260923T041656Z-7da3e97c/run-W2-normalized/O4_WORLD_EVENTS.csv
W2,COMMAND_SUSPEND,20808000000,20300000000,1790145518202507217,983,2,165,2,0,0,0,,/home/letandat/Dev/uav-navigation-experiment-runtime-observability-20260923/.artifacts/experiment_runtime_observability/20260923T041656Z-7da3e97c/run-W2-normalized/O4_WORLD_EVENTS.csv
W2,ADAPTER_LEASE_DISPOSITION,20896000000,20788000000,1790145518326782653,534,,,2,0,1,1,,/home/letandat/Dev/uav-navigation-experiment-runtime-observability-20260923/.artifacts/experiment_runtime_observability/20260923T041656Z-7da3e97c/run-W2-normalized/audit_events.jsonl
W2,HOLD_REQUEST,20896000000,0,1790145518326769989,532,,,,0,9,0,,/home/letandat/Dev/uav-navigation-experiment-runtime-observability-20260923/.artifacts/experiment_runtime_observability/20260923T041656Z-7da3e97c/run-W2-normalized/O3_HOLD_PROTOCOL_EVENTS.csv
W2,HOLD_SCHEDULE_ATTEMPT,20896000000,0,1790145518326779198,533,,,,0,11,0,,/home/letandat/Dev/uav-navigation-experiment-runtime-observability-20260923/.artifacts/experiment_runtime_observability/20260923T041656Z-7da3e97c/run-W2-normalized/O3_HOLD_PROTOCOL_EVENTS.csv
W2,HOLD_AUTO_LOITER_STATUS,20920000000,20920000000,1790145518346749513,537,,,,1,12,4,,/home/letandat/Dev/uav-navigation-experiment-runtime-observability-20260923/.artifacts/experiment_runtime_observability/20260923T041656Z-7da3e97c/run-W2-normalized/O3_HOLD_PROTOCOL_EVENTS.csv
W2,FAULT_END,21220000000,,,,,,,,,,8,/home/letandat/Dev/uav-navigation/.artifacts/runtime/external-mode-check-20260923T063803-42512/audit_world_fault.jsonl
W2,WORLD_STALE_REJECT,21240000000,20300000000,1790145518742575752,1038,2,165,0,2,0,0,,/home/letandat/Dev/uav-navigation-experiment-runtime-observability-20260923/.artifacts/experiment_runtime_observability/20260923T041656Z-7da3e97c/run-W2-normalized/O4_WORLD_EVENTS.csv
W2,COMMAND_SUSPEND,21240000000,20300000000,1790145518742577046,1039,2,165,2,0,0,0,,/home/letandat/Dev/uav-navigation-experiment-runtime-observability-20260923/.artifacts/experiment_runtime_observability/20260923T041656Z-7da3e97c/run-W2-normalized/O4_WORLD_EVENTS.csv
W2,FIRST_FRESH_WORLD_AFTER_FAULT,21252000000,21200000000,1790145518762602465,1040,2,166,0,1,0,0,,/home/letandat/Dev/uav-navigation-experiment-runtime-observability-20260923/.artifacts/experiment_runtime_observability/20260923T041656Z-7da3e97c/run-W2-normalized/O4_WORLD_EVENTS.csv
W2,RECERT_START_AFTER_FAULT,21252000000,21200000000,1790145518762608543,1041,2,166,0,0,0,0,,/home/letandat/Dev/uav-navigation-experiment-runtime-observability-20260923/.artifacts/experiment_runtime_observability/20260923T041656Z-7da3e97c/run-W2-normalized/O4_WORLD_EVENTS.csv
W2,RECERT_END_AFTER_FAULT,21252000000,21200000000,1790145518762609739,1042,2,166,0,2,0,0,,/home/letandat/Dev/uav-navigation-experiment-runtime-observability-20260923/.artifacts/experiment_runtime_observability/20260923T041656Z-7da3e97c/run-W2-normalized/O4_WORLD_EVENTS.csv
W2,WORLD_COMMIT_AFTER_FAULT,21252000000,21200000000,1790145518762610811,1043,2,166,0,1,0,0,,/home/letandat/Dev/uav-navigation-experiment-runtime-observability-20260923/.artifacts/experiment_runtime_observability/20260923T041656Z-7da3e97c/run-W2-normalized/O4_WORLD_EVENTS.csv
W2,HOLD_AUTO_LOITER_STATUS,21424000000,21424000000,1790145518986680961,539,,,,1,12,4,,/home/letandat/Dev/uav-navigation-experiment-runtime-observability-20260923/.artifacts/experiment_runtime_observability/20260923T041656Z-7da3e97c/run-W2-normalized/O3_HOLD_PROTOCOL_EVENTS.csv
W2,HOLD_AUTO_LOITER_STATUS,21928000000,21928000000,1790145519606724130,540,,,,1,12,4,,/home/letandat/Dev/uav-navigation-experiment-runtime-observability-20260923/.artifacts/experiment_runtime_observability/20260923T041656Z-7da3e97c/run-W2-normalized/O3_HOLD_PROTOCOL_EVENTS.csv
W2,HOLD_AUTO_LOITER_STATUS,22432000000,22432000000,1790145520246698798,542,,,,1,12,4,,/home/letandat/Dev/uav-navigation-experiment-runtime-observability-20260923/.artifacts/experiment_runtime_observability/20260923T041656Z-7da3e97c/run-W2-normalized/O3_HOLD_PROTOCOL_EVENTS.csv
W2,HOLD_AUTO_LOITER_STATUS,22936000000,22936000000,1790145520866721493,544,,,,1,12,4,,/home/letandat/Dev/uav-navigation-experiment-runtime-observability-20260923/.artifacts/experiment_runtime_observability/20260923T041656Z-7da3e97c/run-W2-normalized/O3_HOLD_PROTOCOL_EVENTS.csv
W2,HOLD_AUTO_LOITER_STATUS,23440000000,23440000000,1790145521506702228,545,,,,1,12,4,,/home/letandat/Dev/uav-navigation-experiment-runtime-observability-20260923/.artifacts/experiment_runtime_observability/20260923T041656Z-7da3e97c/run-W2-normalized/O3_HOLD_PROTOCOL_EVENTS.csv
W2,HOLD_AUTO_LOITER_STATUS,23944000000,23944000000,1790145522126749788,547,,,,1,12,4,,/home/letandat/Dev/uav-navigation-experiment-runtime-observability-20260923/.artifacts/experiment_runtime_observability/20260923T041656Z-7da3e97c/run-W2-normalized/O3_HOLD_PROTOCOL_EVENTS.csv
W2,HOLD_AUTO_LOITER_STATUS,24448000000,24448000000,1790145522766690655,549,,,,1,12,4,,/home/letandat/Dev/uav-navigation-experiment-runtime-observability-20260923/.artifacts/experiment_runtime_observability/20260923T041656Z-7da3e97c/run-W2-normalized/O3_HOLD_PROTOCOL_EVENTS.csv
W2,HOLD_AUTO_LOITER_STATUS,24952000000,24952000000,1790145523386685044,550,,,,1,12,4,,/home/letandat/Dev/uav-navigation-experiment-runtime-observability-20260923/.artifacts/experiment_runtime_observability/20260923T041656Z-7da3e97c/run-W2-normalized/O3_HOLD_PROTOCOL_EVENTS.csv
W3,FAULT_START,24616000000,24600000000,,,,,,,,,0,/home/letandat/Dev/uav-navigation/.artifacts/runtime/external-mode-check-20260923T064024-45983/audit_world_fault.jsonl
W3,WORLD_STALE_REJECT,24912000000,24400000000,1790145664666636808,1251,2,211,0,2,0,0,,/home/letandat/Dev/uav-navigation-experiment-runtime-observability-20260923/.artifacts/experiment_runtime_observability/20260923T041656Z-7da3e97c/run-W3-normalized/O4_WORLD_EVENTS.csv
W3,COMMAND_SUSPEND,24912000000,24400000000,1790145664666646226,1252,2,211,2,0,0,0,,/home/letandat/Dev/uav-navigation-experiment-runtime-observability-20260923/.artifacts/experiment_runtime_observability/20260923T041656Z-7da3e97c/run-W3-normalized/O4_WORLD_EVENTS.csv
W3,ADAPTER_LEASE_DISPOSITION,25004000000,24892000000,1790145664787469023,356,,,2,0,1,1,,/home/letandat/Dev/uav-navigation-experiment-runtime-observability-20260923/.artifacts/experiment_runtime_observability/20260923T041656Z-7da3e97c/run-W3-normalized/audit_events.jsonl
W3,HOLD_REQUEST,25004000000,0,1790145664787458897,354,,,,0,9,0,,/home/letandat/Dev/uav-navigation-experiment-runtime-observability-20260923/.artifacts/experiment_runtime_observability/20260923T041656Z-7da3e97c/run-W3-normalized/O3_HOLD_PROTOCOL_EVENTS.csv
W3,HOLD_SCHEDULE_ATTEMPT,25004000000,0,1790145664787465789,355,,,,0,11,0,,/home/letandat/Dev/uav-navigation-experiment-runtime-observability-20260923/.artifacts/experiment_runtime_observability/20260923T041656Z-7da3e97c/run-W3-normalized/O3_HOLD_PROTOCOL_EVENTS.csv
W3,FAULT_END,25180000000,,,,,,,,,,6,/home/letandat/Dev/uav-navigation/.artifacts/runtime/external-mode-check-20260923T064024-45983/audit_world_fault.jsonl
W3,HOLD_AUTO_LOITER_STATUS,25188000000,25024000000,1790145665026313510,364,,,,1,12,4,,/home/letandat/Dev/uav-navigation-experiment-runtime-observability-20260923/.artifacts/experiment_runtime_observability/20260923T041656Z-7da3e97c/run-W3-normalized/O3_HOLD_PROTOCOL_EVENTS.csv
W3,WORLD_STALE_REJECT,25232000000,24400000000,1790145665066768550,1293,2,211,0,2,0,0,,/home/letandat/Dev/uav-navigation-experiment-runtime-observability-20260923/.artifacts/experiment_runtime_observability/20260923T041656Z-7da3e97c/run-W3-normalized/O4_WORLD_EVENTS.csv
W3,COMMAND_SUSPEND,25232000000,24400000000,1790145665066771862,1294,2,211,2,0,0,0,,/home/letandat/Dev/uav-navigation-experiment-runtime-observability-20260923/.artifacts/experiment_runtime_observability/20260923T041656Z-7da3e97c/run-W3-normalized/O4_WORLD_EVENTS.csv
W3,FIRST_FRESH_WORLD_AFTER_FAULT,25248000000,25200000000,1790145665086642227,1295,2,212,0,1,0,0,,/home/letandat/Dev/uav-navigation-experiment-runtime-observability-20260923/.artifacts/experiment_runtime_observability/20260923T041656Z-7da3e97c/run-W3-normalized/O4_WORLD_EVENTS.csv
W3,RECERT_START_AFTER_FAULT,25248000000,25200000000,1790145665086649894,1296,2,212,0,0,0,0,,/home/letandat/Dev/uav-navigation-experiment-runtime-observability-20260923/.artifacts/experiment_runtime_observability/20260923T041656Z-7da3e97c/run-W3-normalized/O4_WORLD_EVENTS.csv
W3,RECERT_END_AFTER_FAULT,25248000000,25200000000,1790145665086652959,1297,2,212,0,2,0,0,,/home/letandat/Dev/uav-navigation-experiment-runtime-observability-20260923/.artifacts/experiment_runtime_observability/20260923T041656Z-7da3e97c/run-W3-normalized/O4_WORLD_EVENTS.csv
W3,WORLD_COMMIT_AFTER_FAULT,25248000000,25200000000,1790145665086656784,1298,2,212,0,1,0,0,,/home/letandat/Dev/uav-navigation-experiment-runtime-observability-20260923/.artifacts/experiment_runtime_observability/20260923T041656Z-7da3e97c/run-W3-normalized/O4_WORLD_EVENTS.csv
W3,HOLD_AUTO_LOITER_STATUS,25528000000,25528000000,1790145665446260309,365,,,,1,12,4,,/home/letandat/Dev/uav-navigation-experiment-runtime-observability-20260923/.artifacts/experiment_runtime_observability/20260923T041656Z-7da3e97c/run-W3-normalized/O3_HOLD_PROTOCOL_EVENTS.csv
W3,HOLD_AUTO_LOITER_STATUS,26032000000,26032000000,1790145666066234020,367,,,,1,12,4,,/home/letandat/Dev/uav-navigation-experiment-runtime-observability-20260923/.artifacts/experiment_runtime_observability/20260923T041656Z-7da3e97c/run-W3-normalized/O3_HOLD_PROTOCOL_EVENTS.csv
W3,HOLD_AUTO_LOITER_STATUS,26536000000,26536000000,1790145666706235391,368,,,,1,12,4,,/home/letandat/Dev/uav-navigation-experiment-runtime-observability-20260923/.artifacts/experiment_runtime_observability/20260923T041656Z-7da3e97c/run-W3-normalized/O3_HOLD_PROTOCOL_EVENTS.csv
W3,HOLD_AUTO_LOITER_STATUS,27040000000,27040000000,1790145667326212648,370,,,,1,12,4,,/home/letandat/Dev/uav-navigation-experiment-runtime-observability-20260923/.artifacts/experiment_runtime_observability/20260923T041656Z-7da3e97c/run-W3-normalized/O3_HOLD_PROTOCOL_EVENTS.csv
W3,HOLD_AUTO_LOITER_STATUS,27544000000,27544000000,1790145667966244095,372,,,,1,12,4,,/home/letandat/Dev/uav-navigation-experiment-runtime-observability-20260923/.artifacts/experiment_runtime_observability/20260923T041656Z-7da3e97c/run-W3-normalized/O3_HOLD_PROTOCOL_EVENTS.csv
W3,HOLD_AUTO_LOITER_STATUS,28048000000,28048000000,1790145668586220559,373,,,,1,12,4,,/home/letandat/Dev/uav-navigation-experiment-runtime-observability-20260923/.artifacts/experiment_runtime_observability/20260923T041656Z-7da3e97c/run-W3-normalized/O3_HOLD_PROTOCOL_EVENTS.csv
W3,HOLD_AUTO_LOITER_STATUS,28552000000,28552000000,1790145669226244681,375,,,,1,12,4,,/home/letandat/Dev/uav-navigation-experiment-runtime-observability-20260923/.artifacts/experiment_runtime_observability/20260923T041656Z-7da3e97c/run-W3-normalized/O3_HOLD_PROTOCOL_EVENTS.csv
W3,HOLD_AUTO_LOITER_STATUS,29056000000,29056000000,1790145669846246294,376,,,,1,12,4,,/home/letandat/Dev/uav-navigation-experiment-runtime-observability-20260923/.artifacts/experiment_runtime_observability/20260923T041656Z-7da3e97c/run-W3-normalized/O3_HOLD_PROTOCOL_EVENTS.csv
W3,HOLD_AUTO_LOITER_STATUS,29556000000,29560000000,1790145670486227288,378,,,,1,12,4,,/home/letandat/Dev/uav-navigation-experiment-runtime-observability-20260923/.artifacts/experiment_runtime_observability/20260923T041656Z-7da3e97c/run-W3-normalized/O3_HOLD_PROTOCOL_EVENTS.csv
W3,HOLD_AUTO_LOITER_STATUS,30064000000,30064000000,1790145671106252641,380,,,,1,12,4,,/home/letandat/Dev/uav-navigation-experiment-runtime-observability-20260923/.artifacts/experiment_runtime_observability/20260923T041656Z-7da3e97c/run-W3-normalized/O3_HOLD_PROTOCOL_EVENTS.csv
W3,HOLD_AUTO_LOITER_STATUS,30568000000,30568000000,1790145671746211989,381,,,,1,12,4,,/home/letandat/Dev/uav-navigation-experiment-runtime-observability-20260923/.artifacts/experiment_runtime_observability/20260923T041656Z-7da3e97c/run-W3-normalized/O3_HOLD_PROTOCOL_EVENTS.csv
W3,HOLD_AUTO_LOITER_STATUS,31072000000,31072000000,1790145672366217245,383,,,,1,12,4,,/home/letandat/Dev/uav-navigation-experiment-runtime-observability-20260923/.artifacts/experiment_runtime_observability/20260923T041656Z-7da3e97c/run-W3-normalized/O3_HOLD_PROTOCOL_EVENTS.csv
W3,HOLD_AUTO_LOITER_STATUS,31576000000,31576000000,1790145673006245058,385,,,,1,12,4,,/home/letandat/Dev/uav-navigation-experiment-runtime-observability-20260923/.artifacts/experiment_runtime_observability/20260923T041656Z-7da3e97c/run-W3-normalized/O3_HOLD_PROTOCOL_EVENTS.csv
W4,FAULT_START,20216000000,20200000000,,,,,,,,,0,/home/letandat/Dev/uav-navigation/.artifacts/runtime/external-mode-check-20260923T064238-49492/audit_world_fault.jsonl
W4,WORLD_STALE_REJECT,20604000000,20100000000,1790145793486305431,1014,2,172,0,2,0,0,,/home/letandat/Dev/uav-navigation-experiment-runtime-observability-20260923/.artifacts/experiment_runtime_observability/20260923T041656Z-7da3e97c/run-W4-normalized/O4_WORLD_EVENTS.csv
W4,COMMAND_SUSPEND,20604000000,20100000000,1790145793486308429,1015,2,172,2,0,0,0,,/home/letandat/Dev/uav-navigation-experiment-runtime-observability-20260923/.artifacts/experiment_runtime_observability/20260923T041656Z-7da3e97c/run-W4-normalized/O4_WORLD_EVENTS.csv
W4,ADAPTER_LEASE_DISPOSITION,20700000000,20572000000,1790145793624767301,522,,,2,0,1,1,,/home/letandat/Dev/uav-navigation-experiment-runtime-observability-20260923/.artifacts/experiment_runtime_observability/20260923T041656Z-7da3e97c/run-W4-normalized/audit_events.jsonl
W4,HOLD_REQUEST,20700000000,0,1790145793624757454,520,,,,0,9,0,,/home/letandat/Dev/uav-navigation-experiment-runtime-observability-20260923/.artifacts/experiment_runtime_observability/20260923T041656Z-7da3e97c/run-W4-normalized/O3_HOLD_PROTOCOL_EVENTS.csv
W4,HOLD_SCHEDULE_ATTEMPT,20700000000,0,1790145793624758541,521,,,,0,11,0,,/home/letandat/Dev/uav-navigation-experiment-runtime-observability-20260923/.artifacts/experiment_runtime_observability/20260923T041656Z-7da3e97c/run-W4-normalized/O3_HOLD_PROTOCOL_EVENTS.csv
W4,HOLD_AUTO_LOITER_STATUS,20728000000,20728000000,1790145793648587195,525,,,,1,12,4,,/home/letandat/Dev/uav-navigation-experiment-runtime-observability-20260923/.artifacts/experiment_runtime_observability/20260923T041656Z-7da3e97c/run-W4-normalized/O3_HOLD_PROTOCOL_EVENTS.csv
W4,HOLD_AUTO_LOITER_STATUS,21232000000,21232000000,1790145794288649481,526,,,,1,12,4,,/home/letandat/Dev/uav-navigation-experiment-runtime-observability-20260923/.artifacts/experiment_runtime_observability/20260923T041656Z-7da3e97c/run-W4-normalized/O3_HOLD_PROTOCOL_EVENTS.csv
W4,HOLD_AUTO_LOITER_STATUS,21736000000,21736000000,1790145794908578924,528,,,,1,12,4,,/home/letandat/Dev/uav-navigation-experiment-runtime-observability-20260923/.artifacts/experiment_runtime_observability/20260923T041656Z-7da3e97c/run-W4-normalized/O3_HOLD_PROTOCOL_EVENTS.csv
W4,HOLD_AUTO_LOITER_STATUS,22240000000,22240000000,1790145795548577505,529,,,,1,12,4,,/home/letandat/Dev/uav-navigation-experiment-runtime-observability-20260923/.artifacts/experiment_runtime_observability/20260923T041656Z-7da3e97c/run-W4-normalized/O3_HOLD_PROTOCOL_EVENTS.csv
W4,HOLD_AUTO_LOITER_STATUS,22744000000,22744000000,1790145796168561825,531,,,,1,12,4,,/home/letandat/Dev/uav-navigation-experiment-runtime-observability-20260923/.artifacts/experiment_runtime_observability/20260923T041656Z-7da3e97c/run-W4-normalized/O3_HOLD_PROTOCOL_EVENTS.csv
W4,FAULT_END,23220000000,,,,,,,,,,30,/home/letandat/Dev/uav-navigation/.artifacts/runtime/external-mode-check-20260923T064238-49492/audit_world_fault.jsonl
W4,HOLD_AUTO_LOITER_STATUS,23248000000,23248000000,1790145796808642658,533,,,,1,12,4,,/home/letandat/Dev/uav-navigation-experiment-runtime-observability-20260923/.artifacts/experiment_runtime_observability/20260923T041656Z-7da3e97c/run-W4-normalized/O3_HOLD_PROTOCOL_EVENTS.csv
W4,WORLD_STALE_REJECT,23340000000,20100000000,1790145796906300746,1360,2,172,0,2,0,0,,/home/letandat/Dev/uav-navigation-experiment-runtime-observability-20260923/.artifacts/experiment_runtime_observability/20260923T041656Z-7da3e97c/run-W4-normalized/O4_WORLD_EVENTS.csv
W4,COMMAND_SUSPEND,23340000000,20100000000,1790145796906310978,1361,2,172,2,0,0,0,,/home/letandat/Dev/uav-navigation-experiment-runtime-observability-20260923/.artifacts/experiment_runtime_observability/20260923T041656Z-7da3e97c/run-W4-normalized/O4_WORLD_EVENTS.csv
W4,FIRST_FRESH_WORLD_AFTER_FAULT,23356000000,23300000000,1790145796926258861,1362,2,173,0,1,0,0,,/home/letandat/Dev/uav-navigation-experiment-runtime-observability-20260923/.artifacts/experiment_runtime_observability/20260923T041656Z-7da3e97c/run-W4-normalized/O4_WORLD_EVENTS.csv
W4,RECERT_START_AFTER_FAULT,23356000000,23300000000,1790145796926265818,1363,2,173,0,0,0,0,,/home/letandat/Dev/uav-navigation-experiment-runtime-observability-20260923/.artifacts/experiment_runtime_observability/20260923T041656Z-7da3e97c/run-W4-normalized/O4_WORLD_EVENTS.csv
W4,RECERT_END_AFTER_FAULT,23356000000,23300000000,1790145796926269043,1364,2,173,0,2,0,0,,/home/letandat/Dev/uav-navigation-experiment-runtime-observability-20260923/.artifacts/experiment_runtime_observability/20260923T041656Z-7da3e97c/run-W4-normalized/O4_WORLD_EVENTS.csv
W4,WORLD_COMMIT_AFTER_FAULT,23356000000,23300000000,1790145796926272110,1365,2,173,0,1,0,0,,/home/letandat/Dev/uav-navigation-experiment-runtime-observability-20260923/.artifacts/experiment_runtime_observability/20260923T041656Z-7da3e97c/run-W4-normalized/O4_WORLD_EVENTS.csv
W4,HOLD_AUTO_LOITER_STATUS,23752000000,23752000000,1790145797428588115,534,,,,1,12,4,,/home/letandat/Dev/uav-navigation-experiment-runtime-observability-20260923/.artifacts/experiment_runtime_observability/20260923T041656Z-7da3e97c/run-W4-normalized/O3_HOLD_PROTOCOL_EVENTS.csv
W4,HOLD_AUTO_LOITER_STATUS,24256000000,24256000000,1790145798068576552,536,,,,1,12,4,,/home/letandat/Dev/uav-navigation-experiment-runtime-observability-20260923/.artifacts/experiment_runtime_observability/20260923T041656Z-7da3e97c/run-W4-normalized/O3_HOLD_PROTOCOL_EVENTS.csv
W4,HOLD_AUTO_LOITER_STATUS,24760000000,24760000000,1790145798688628898,537,,,,1,12,4,,/home/letandat/Dev/uav-navigation-experiment-runtime-observability-20260923/.artifacts/experiment_runtime_observability/20260923T041656Z-7da3e97c/run-W4-normalized/O3_HOLD_PROTOCOL_EVENTS.csv
W4,HOLD_AUTO_LOITER_STATUS,25264000000,25264000000,1790145799328674622,539,,,,1,12,4,,/home/letandat/Dev/uav-navigation-experiment-runtime-observability-20260923/.artifacts/experiment_runtime_observability/20260923T041656Z-7da3e97c/run-W4-normalized/O3_HOLD_PROTOCOL_EVENTS.csv
W4,HOLD_AUTO_LOITER_STATUS,25768000000,25768000000,1790145799948579949,541,,,,1,12,4,,/home/letandat/Dev/uav-navigation-experiment-runtime-observability-20260923/.artifacts/experiment_runtime_observability/20260923T041656Z-7da3e97c/run-W4-normalized/O3_HOLD_PROTOCOL_EVENTS.csv
W4,HOLD_AUTO_LOITER_STATUS,26272000000,26272000000,1790145800588699914,542,,,,1,12,4,,/home/letandat/Dev/uav-navigation-experiment-runtime-observability-20260923/.artifacts/experiment_runtime_observability/20260923T041656Z-7da3e97c/run-W4-normalized/O3_HOLD_PROTOCOL_EVENTS.csv
W4,HOLD_AUTO_LOITER_STATUS,26776000000,26776000000,1790145801208575253,544,,,,1,12,4,,/home/letandat/Dev/uav-navigation-experiment-runtime-observability-20260923/.artifacts/experiment_runtime_observability/20260923T041656Z-7da3e97c/run-W4-normalized/O3_HOLD_PROTOCOL_EVENTS.csv
W4,HOLD_AUTO_LOITER_STATUS,27280000000,27280000000,1790145801848600253,546,,,,1,12,4,,/home/letandat/Dev/uav-navigation-experiment-runtime-observability-20260923/.artifacts/experiment_runtime_observability/20260923T041656Z-7da3e97c/run-W4-normalized/O3_HOLD_PROTOCOL_EVENTS.csv
W5,FAULT_START,25620000000,25600000000,,,,,,,,,0,/home/letandat/Dev/uav-navigation/.artifacts/runtime/external-mode-check-20260923T064439-52901/audit_world_fault.jsonl
W5,WORLD_STALE_REJECT,26016000000,25500000000,1790145921285922841,1224,2,215,0,2,0,0,,/home/letandat/Dev/uav-navigation-experiment-runtime-observability-20260923/.artifacts/experiment_runtime_observability/20260923T041656Z-7da3e97c/run-W5-normalized/O4_WORLD_EVENTS.csv
W5,COMMAND_SUSPEND,26016000000,25500000000,1790145921285925751,1225,2,215,2,0,0,0,,/home/letandat/Dev/uav-navigation-experiment-runtime-observability-20260923/.artifacts/experiment_runtime_observability/20260923T041656Z-7da3e97c/run-W5-normalized/O4_WORLD_EVENTS.csv
W5,ADAPTER_LEASE_DISPOSITION,26116000000,25996000000,1790145921430871744,393,,,2,0,1,1,,/home/letandat/Dev/uav-navigation-experiment-runtime-observability-20260923/.artifacts/experiment_runtime_observability/20260923T041656Z-7da3e97c/run-W5-normalized/audit_events.jsonl
W5,HOLD_REQUEST,26116000000,0,1790145921430866016,391,,,,0,9,0,,/home/letandat/Dev/uav-navigation-experiment-runtime-observability-20260923/.artifacts/experiment_runtime_observability/20260923T041656Z-7da3e97c/run-W5-normalized/O3_HOLD_PROTOCOL_EVENTS.csv
W5,HOLD_SCHEDULE_ATTEMPT,26116000000,0,1790145921430870441,392,,,,0,11,0,,/home/letandat/Dev/uav-navigation-experiment-runtime-observability-20260923/.artifacts/experiment_runtime_observability/20260923T041656Z-7da3e97c/run-W5-normalized/O3_HOLD_PROTOCOL_EVENTS.csv
W5,HOLD_AUTO_LOITER_STATUS,26144000000,26144000000,1790145921454796793,396,,,,1,12,4,,/home/letandat/Dev/uav-navigation-experiment-runtime-observability-20260923/.artifacts/experiment_runtime_observability/20260923T041656Z-7da3e97c/run-W5-normalized/O3_HOLD_PROTOCOL_EVENTS.csv
W5,HOLD_AUTO_LOITER_STATUS,26648000000,26648000000,1790145922094790132,397,,,,1,12,4,,/home/letandat/Dev/uav-navigation-experiment-runtime-observability-20260923/.artifacts/experiment_runtime_observability/20260923T041656Z-7da3e97c/run-W5-normalized/O3_HOLD_PROTOCOL_EVENTS.csv
W5,HOLD_AUTO_LOITER_STATUS,27152000000,27152000000,1790145922714744085,399,,,,1,12,4,,/home/letandat/Dev/uav-navigation-experiment-runtime-observability-20260923/.artifacts/experiment_runtime_observability/20260923T041656Z-7da3e97c/run-W5-normalized/O3_HOLD_PROTOCOL_EVENTS.csv
W5,HOLD_AUTO_LOITER_STATUS,27656000000,27656000000,1790145923354777544,401,,,,1,12,4,,/home/letandat/Dev/uav-navigation-experiment-runtime-observability-20260923/.artifacts/experiment_runtime_observability/20260923T041656Z-7da3e97c/run-W5-normalized/O3_HOLD_PROTOCOL_EVENTS.csv
W5,HOLD_AUTO_LOITER_STATUS,28160000000,28160000000,1790145923974776606,402,,,,1,12,4,,/home/letandat/Dev/uav-navigation-experiment-runtime-observability-20260923/.artifacts/experiment_runtime_observability/20260923T041656Z-7da3e97c/run-W5-normalized/O3_HOLD_PROTOCOL_EVENTS.csv
W5,HOLD_AUTO_LOITER_STATUS,28664000000,28664000000,1790145924614911918,404,,,,1,12,4,,/home/letandat/Dev/uav-navigation-experiment-runtime-observability-20260923/.artifacts/experiment_runtime_observability/20260923T041656Z-7da3e97c/run-W5-normalized/O3_HOLD_PROTOCOL_EVENTS.csv
W5,HOLD_AUTO_LOITER_STATUS,29168000000,29168000000,1790145925234778888,405,,,,1,12,4,,/home/letandat/Dev/uav-navigation-experiment-runtime-observability-20260923/.artifacts/experiment_runtime_observability/20260923T041656Z-7da3e97c/run-W5-normalized/O3_HOLD_PROTOCOL_EVENTS.csv
W5,HOLD_AUTO_LOITER_STATUS,29672000000,29672000000,1790145925874765234,407,,,,1,12,4,,/home/letandat/Dev/uav-navigation-experiment-runtime-observability-20260923/.artifacts/experiment_runtime_observability/20260923T041656Z-7da3e97c/run-W5-normalized/O3_HOLD_PROTOCOL_EVENTS.csv
W5,HOLD_AUTO_LOITER_STATUS,30176000000,30176000000,1790145926494752299,409,,,,1,12,4,,/home/letandat/Dev/uav-navigation-experiment-runtime-observability-20260923/.artifacts/experiment_runtime_observability/20260923T041656Z-7da3e97c/run-W5-normalized/O3_HOLD_PROTOCOL_EVENTS.csv
W5,FAULT_END,30620000000,,,,,,,,,,49,/home/letandat/Dev/uav-navigation/.artifacts/runtime/external-mode-check-20260923T064439-52901/audit_world_fault.jsonl
W5,WORLD_STALE_REJECT,30640000000,25500000000,1790145927065944049,1808,2,215,0,2,0,0,,/home/letandat/Dev/uav-navigation-experiment-runtime-observability-20260923/.artifacts/experiment_runtime_observability/20260923T041656Z-7da3e97c/run-W5-normalized/O4_WORLD_EVENTS.csv
W5,COMMAND_SUSPEND,30640000000,25500000000,1790145927065952763,1809,2,215,2,0,0,0,,/home/letandat/Dev/uav-navigation-experiment-runtime-observability-20260923/.artifacts/experiment_runtime_observability/20260923T041656Z-7da3e97c/run-W5-normalized/O4_WORLD_EVENTS.csv
W5,FIRST_FRESH_WORLD_AFTER_FAULT,30652000000,30600000000,1790145927085867661,1810,2,216,0,1,0,0,,/home/letandat/Dev/uav-navigation-experiment-runtime-observability-20260923/.artifacts/experiment_runtime_observability/20260923T041656Z-7da3e97c/run-W5-normalized/O4_WORLD_EVENTS.csv
W5,RECERT_START_AFTER_FAULT,30652000000,30600000000,1790145927085875856,1811,2,216,0,0,0,0,,/home/letandat/Dev/uav-navigation-experiment-runtime-observability-20260923/.artifacts/experiment_runtime_observability/20260923T041656Z-7da3e97c/run-W5-normalized/O4_WORLD_EVENTS.csv
W5,RECERT_END_AFTER_FAULT,30652000000,30600000000,1790145927085877002,1812,2,216,0,2,0,0,,/home/letandat/Dev/uav-navigation-experiment-runtime-observability-20260923/.artifacts/experiment_runtime_observability/20260923T041656Z-7da3e97c/run-W5-normalized/O4_WORLD_EVENTS.csv
W5,WORLD_COMMIT_AFTER_FAULT,30652000000,30600000000,1790145927085878415,1813,2,216,0,1,0,0,,/home/letandat/Dev/uav-navigation-experiment-runtime-observability-20260923/.artifacts/experiment_runtime_observability/20260923T041656Z-7da3e97c/run-W5-normalized/O4_WORLD_EVENTS.csv
W5,HOLD_AUTO_LOITER_STATUS,30680000000,30680000000,1790145927134841824,410,,,,1,12,4,,/home/letandat/Dev/uav-navigation-experiment-runtime-observability-20260923/.artifacts/experiment_runtime_observability/20260923T041656Z-7da3e97c/run-W5-normalized/O3_HOLD_PROTOCOL_EVENTS.csv
W5,HOLD_AUTO_LOITER_STATUS,31184000000,31184000000,1790145927754767060,412,,,,1,12,4,,/home/letandat/Dev/uav-navigation-experiment-runtime-observability-20260923/.artifacts/experiment_runtime_observability/20260923T041656Z-7da3e97c/run-W5-normalized/O3_HOLD_PROTOCOL_EVENTS.csv
W5,HOLD_AUTO_LOITER_STATUS,31688000000,31688000000,1790145928394830777,413,,,,1,12,4,,/home/letandat/Dev/uav-navigation-experiment-runtime-observability-20260923/.artifacts/experiment_runtime_observability/20260923T041656Z-7da3e97c/run-W5-normalized/O3_HOLD_PROTOCOL_EVENTS.csv
W5,HOLD_AUTO_LOITER_STATUS,32192000000,32192000000,1790145929014792934,415,,,,1,12,4,,/home/letandat/Dev/uav-navigation-experiment-runtime-observability-20260923/.artifacts/experiment_runtime_observability/20260923T041656Z-7da3e97c/run-W5-normalized/O3_HOLD_PROTOCOL_EVENTS.csv
W5,HOLD_AUTO_LOITER_STATUS,32696000000,32696000000,1790145929654812360,417,,,,1,12,4,,/home/letandat/Dev/uav-navigation-experiment-runtime-observability-20260923/.artifacts/experiment_runtime_observability/20260923T041656Z-7da3e97c/run-W5-normalized/O3_HOLD_PROTOCOL_EVENTS.csv
