run,crossing_data_source,classification,waypoint,request,epoch,odom_sequence,odom_prev_source_ns,odom_current_source_ns,crossing_observer_wall_ns,crossing_error_m,inside_ball,speed_mps,source_gap_s,latest_compatible_command_bag_ns,latest_command_source_ns,latest_command_sample,latest_command_bundle,latest_command_continuation,latest_command_valid_until_ns,first_future_continuation_bag_ns,first_future_continuation_source_ns,first_future_continuation_sample,mission_accept_bag_ns,mission_accept_source_ns,next_goal_bag_ns,next_goal_source_ns,adapter_receive_ns,mission_callback_ns,successor_activation_ns,warning
external-mode-gui-20260922T013029-201643,runner_monitor_wall_arrival,CONTINUATION_PUBLISHED_BEFORE_CROSSING,0,1,89513068443633,1069,25780000000,25800000000,1790040673219330306,0.788817,1,1.43913,0.02,1790040673201287669,25783999999,278,2,1,25884000000,1790040673221128811,25800000000,279,1790040673220717648,25800000000,1790040673220663845,25800000000,UNOBSERVABLE_WITH_CURRENT_TARGET,UNOBSERVABLE_WITH_CURRENT_TARGET,UNOBSERVABLE_WITH_CURRENT_TARGET,ODOMETRY_SAMPLE_OPPORTUNITY_NOT_MISSION_CALLBACK;OBSERVER_WALL_NOT_ADAPTER_RECEIVE
external-mode-gui-20260922T013029-201643,runner_monitor_wall_arrival,CONTINUATION_PUBLISHED_BEFORE_CROSSING,1,2,89513068443633,1479,33980000000,34000000000,1790040683470741336,0.774945,1,1.51618,0.02,1790040683461240636,33991999999,791,5,1,34092000000,1790040683481171830,34008000000,792,1790040683470836272,34000000000,1790040683470749788,34000000000,UNOBSERVABLE_WITH_CURRENT_TARGET,UNOBSERVABLE_WITH_CURRENT_TARGET,UNOBSERVABLE_WITH_CURRENT_TARGET,ODOMETRY_SAMPLE_OPPORTUNITY_NOT_MISSION_CALLBACK;OBSERVER_WALL_NOT_ADAPTER_RECEIVE
external-mode-gui-20260922T013029-201643,runner_monitor_wall_arrival,CONTINUATION_PUBLISHED_BEFORE_CROSSING,2,3,89513068443633,1821,40820000000,40840000000,1790040692019443373,0.779627,1,1.46855,0.02,1790040692001158044,40823999999,1218,7,1,40924000000,1790040692021173249,40840000000,1219,1790040692020552075,40840000000,1790040692020521552,40840000000,UNOBSERVABLE_WITH_CURRENT_TARGET,UNOBSERVABLE_WITH_CURRENT_TARGET,UNOBSERVABLE_WITH_CURRENT_TARGET,ODOMETRY_SAMPLE_OPPORTUNITY_NOT_MISSION_CALLBACK;OBSERVER_WALL_NOT_ADAPTER_RECEIVE
external-mode-gui-20260922T013317-205860,runner_monitor_wall_arrival,CONTINUATION_PUBLISHED_BEFORE_CROSSING,0,1,89681429117739,1118,26368000000,26388000000,1790040842288884992,0.793267,1,1.43995,0.02,1790040842276378326,26376000000,277,2,1,26476000000,1790040842296516816,26391999999,278,1790040842296727853,26392000000,1790040842296704483,26392000000,UNOBSERVABLE_WITH_CURRENT_TARGET,UNOBSERVABLE_WITH_CURRENT_TARGET,UNOBSERVABLE_WITH_CURRENT_TARGET,ODOMETRY_SAMPLE_OPPORTUNITY_NOT_MISSION_CALLBACK;OBSERVER_WALL_NOT_ADAPTER_RECEIVE
external-mode-gui-20260922T013317-205860,runner_monitor_wall_arrival,CONTINUATION_PUBLISHED_BEFORE_CROSSING,1,2,89681429117739,1574,35488000000,35508000000,1790040853689564502,0.798907,1,0.82499,0.02,1790040853676551546,35496000000,847,5,1,35596000000,1790040853696370398,35512000000,848,1790040853696590136,35512000000,1790040853696564541,35512000000,UNOBSERVABLE_WITH_CURRENT_TARGET,UNOBSERVABLE_WITH_CURRENT_TARGET,UNOBSERVABLE_WITH_CURRENT_TARGET,ODOMETRY_SAMPLE_OPPORTUNITY_NOT_MISSION_CALLBACK;OBSERVER_WALL_NOT_ADAPTER_RECEIVE
external-mode-gui-20260922T013317-205860,runner_monitor_wall_arrival,CONTINUATION_PUBLISHED_BEFORE_CROSSING,2,3,89681429117739,1956,43128000000,43148000000,1790040863240201256,0.767897,1,1.63416,0.02,1790040863236581518,43143999999,1325,8,1,43244000000,1790040863256500226,43159999999,1326,1790040863257060565,43160000000,1790040863257027197,43160000000,UNOBSERVABLE_WITH_CURRENT_TARGET,UNOBSERVABLE_WITH_CURRENT_TARGET,UNOBSERVABLE_WITH_CURRENT_TARGET,ODOMETRY_SAMPLE_OPPORTUNITY_NOT_MISSION_CALLBACK;OBSERVER_WALL_NOT_ADAPTER_RECEIVE
external-mode-gui-20260922T013317-205860,runner_monitor_wall_arrival,CONTINUATION_PUBLISHED_BEFORE_CROSSING,3,4,89681429117739,2469,53388000000,53408000000,1790040876065772144,0.790352,1,1.3063,0.02,1790040876056574158,53399999999,1966,11,1,53500000000,1790040876076464449,53415999999,1967,1790040876076767326,53416000000,1790040876076747458,53416000000,UNOBSERVABLE_WITH_CURRENT_TARGET,UNOBSERVABLE_WITH_CURRENT_TARGET,UNOBSERVABLE_WITH_CURRENT_TARGET,ODOMETRY_SAMPLE_OPPORTUNITY_NOT_MISSION_CALLBACK;OBSERVER_WALL_NOT_ADAPTER_RECEIVE
external-mode-gui-20260922T014008-217087,runner_monitor_wall_arrival,CONTINUATION_PUBLISHED_BEFORE_CROSSING,0,1,90093700581918,1444,33000000000,33020000000,1790041262849497848,0.798414,1,0.998223,0.02,1790041262832546247,33008000000,581,2,1,33108000000,1790041262852633662,33024000000,582,1790041262852926068,33024000000,1790041262852907298,33024000000,UNOBSERVABLE_WITH_CURRENT_TARGET,UNOBSERVABLE_WITH_CURRENT_TARGET,UNOBSERVABLE_WITH_CURRENT_TARGET,ODOMETRY_SAMPLE_OPPORTUNITY_NOT_MISSION_CALLBACK;OBSERVER_WALL_NOT_ADAPTER_RECEIVE
external-mode-gui-20260922T014008-217087,runner_monitor_wall_arrival,CONTINUATION_PUBLISHED_BEFORE_CROSSING,1,2,90093700581918,2108,46280000000,46300000000,1790041279450563446,0.785954,1,0.954626,0.02,1790041279432593267,46287999999,1411,5,1,46388000000,1790041279452581594,46304000000,1412,1790041279452901930,46304000000,1790041279452862932,46304000000,UNOBSERVABLE_WITH_CURRENT_TARGET,UNOBSERVABLE_WITH_CURRENT_TARGET,UNOBSERVABLE_WITH_CURRENT_TARGET,ODOMETRY_SAMPLE_OPPORTUNITY_NOT_MISSION_CALLBACK;OBSERVER_WALL_NOT_ADAPTER_RECEIVE
external-mode-gui-20260922T014226-221089,rosbag_recorder,CONTINUATION_PUBLISHED_BEFORE_CROSSING,0,1,90231820162504,1284,30268000000,30288000000,1790041397569249750,0.797084,1,1.0002,0.02,1790041397555065278,30275999999,563,2,1,30376000000,1790041397575106754,30292000000,564,1790041397575359271,30292000000,1790041397575329371,30292000000,UNOBSERVABLE_WITH_CURRENT_TARGET,UNOBSERVABLE_WITH_CURRENT_TARGET,UNOBSERVABLE_WITH_CURRENT_TARGET,ODOMETRY_SAMPLE_OPPORTUNITY_NOT_MISSION_CALLBACK;OBSERVER_WALL_NOT_ADAPTER_RECEIVE
external-mode-gui-20260922T014226-221089,rosbag_recorder,CONTINUATION_PUBLISHED_BEFORE_CROSSING,1,2,90231820162504,2091,46408000000,46428000000,1790041417744110290,0.791478,1,0.989538,0.02,1790041417735049077,46420000000,1572,6,1,46520000000,1790041417755095819,46435999999,1573,1790041417755408596,46436000000,1790041417755387670,46436000000,UNOBSERVABLE_WITH_CURRENT_TARGET,UNOBSERVABLE_WITH_CURRENT_TARGET,UNOBSERVABLE_WITH_CURRENT_TARGET,ODOMETRY_SAMPLE_OPPORTUNITY_NOT_MISSION_CALLBACK;OBSERVER_WALL_NOT_ADAPTER_RECEIVE
external-mode-gui-20260922T014501-225072,runner_monitor_wall_arrival,CONTINUATION_PUBLISHED_BEFORE_CROSSING,0,1,90387008204045,1279,29688000000,29708000000,1790041552005549311,0.788328,1,0.934468,0.02,1790041551993817362,29699999999,431,2,1,29800000000,1790041552013835621,29716000000,432,1790041552014122448,29716000000,1790041552014093573,29716000000,UNOBSERVABLE_WITH_CURRENT_TARGET,UNOBSERVABLE_WITH_CURRENT_TARGET,UNOBSERVABLE_WITH_CURRENT_TARGET,ODOMETRY_SAMPLE_OPPORTUNITY_NOT_MISSION_CALLBACK;OBSERVER_WALL_NOT_ADAPTER_RECEIVE
external-mode-gui-20260922T014501-225072,runner_monitor_wall_arrival,CONTINUATION_PUBLISHED_BEFORE_CROSSING,1,2,90387008204045,1961,43328000000,43348000000,1790041569056205856,0.797037,1,0.56487,0.02,1790041569053940682,43347999999,1284,4,1,43448000000,1790041569073879354,43363999999,1285,1790041569074249610,43364000000,1790041569074229181,43364000000,UNOBSERVABLE_WITH_CURRENT_TARGET,UNOBSERVABLE_WITH_CURRENT_TARGET,UNOBSERVABLE_WITH_CURRENT_TARGET,ODOMETRY_SAMPLE_OPPORTUNITY_NOT_MISSION_CALLBACK;OBSERVER_WALL_NOT_ADAPTER_RECEIVE
external-mode-gui-20260922T014501-225072,runner_monitor_wall_arrival,CONTINUATION_PUBLISHED_BEFORE_CROSSING,2,3,90387008204045,2570,55508000000,55528000000,1790041584285178147,0.798473,1,0.946536,0.02,1790041584273818667,55524000000,2045,7,1,55624000000,1790041584293809224,55539999999,2046,1790041584293041817,55536000000,1790041584292995090,55536000000,UNOBSERVABLE_WITH_CURRENT_TARGET,UNOBSERVABLE_WITH_CURRENT_TARGET,UNOBSERVABLE_WITH_CURRENT_TARGET,ODOMETRY_SAMPLE_OPPORTUNITY_NOT_MISSION_CALLBACK;OBSERVER_WALL_NOT_ADAPTER_RECEIVE
external-mode-gui-20260922T014501-225072,runner_monitor_wall_arrival,CONTINUATION_PUBLISHED_BEFORE_CROSSING,3,4,90387008204045,3386,71828000000,71848000000,1790041604680620283,0.798533,1,0.429121,0.02,1790041604673915663,71843999999,3065,9,1,71944000000,1790041604693978151,71855999999,3066,1790041604693343175,71856000000,1790041604693235684,71856000000,UNOBSERVABLE_WITH_CURRENT_TARGET,UNOBSERVABLE_WITH_CURRENT_TARGET,UNOBSERVABLE_WITH_CURRENT_TARGET,ODOMETRY_SAMPLE_OPPORTUNITY_NOT_MISSION_CALLBACK;OBSERVER_WALL_NOT_ADAPTER_RECEIVE
external-mode-gui-20260922T015008-233245,runner_monitor_wall_arrival,CONTINUATION_PUBLISHED_BEFORE_CROSSING,0,1,90695073308889,1253,45292000000,45312000000,1790041879483908308,0.794122,1,1.01511,0.02,1790041879481131950,45307999999,442,2,1,45408000000,1790041879501078033,45323999999,443,1790041879500092482,45324000000,1790041879500039003,45324000000,UNOBSERVABLE_WITH_CURRENT_TARGET,UNOBSERVABLE_WITH_CURRENT_TARGET,UNOBSERVABLE_WITH_CURRENT_TARGET,ODOMETRY_SAMPLE_OPPORTUNITY_NOT_MISSION_CALLBACK;OBSERVER_WALL_NOT_ADAPTER_RECEIVE
external-mode-gui-20260922T015008-233245,runner_monitor_wall_arrival,CONTINUATION_PUBLISHED_BEFORE_CROSSING,1,3,90695073308889,2264,65812000000,65832000000,1790041905133687243,0.782451,1,1.42478,0.02,1790041905121175858,65819999999,1119,5,1,65920000000,1790041905141174855,65835999999,1120,1790041905141404072,65836000000,1790041905141380249,65836000000,UNOBSERVABLE_WITH_CURRENT_TARGET,UNOBSERVABLE_WITH_CURRENT_TARGET,UNOBSERVABLE_WITH_CURRENT_TARGET,ODOMETRY_SAMPLE_OPPORTUNITY_NOT_MISSION_CALLBACK;OBSERVER_WALL_NOT_ADAPTER_RECEIVE
external-mode-gui-20260922T015008-233245,runner_monitor_wall_arrival,CONTINUATION_PUBLISHED_BEFORE_CROSSING,2,5,90695073308889,2998,80492000000,80512000000,1790041923483707556,0.78615,1,0.989609,0.02,1790041923481367204,80507999999,1727,10,1,80608000000,1790041923501084044,80524000000,1728,1790041923499920498,80524000000,1790041923499881678,80524000000,UNOBSERVABLE_WITH_CURRENT_TARGET,UNOBSERVABLE_WITH_CURRENT_TARGET,UNOBSERVABLE_WITH_CURRENT_TARGET,ODOMETRY_SAMPLE_OPPORTUNITY_NOT_MISSION_CALLBACK;OBSERVER_WALL_NOT_ADAPTER_RECEIVE
external-mode-gui-20260922T015008-233245,runner_monitor_wall_arrival,CROSSING_BEFORE_FUTURE_PUBLISHED_CONTINUATION_CANDIDATE,3,6,90695073308889,3759,95712000000,95732000000,1790041942509777078,0.79928,1,0.954131,0.02,1790041942501156262,95724000000,2678,12,0,95824000000,1790041944061151507,96971999999,2756,1790041945241289397,97916000000,1790041945241262031,97916000000,UNOBSERVABLE_WITH_CURRENT_TARGET,UNOBSERVABLE_WITH_CURRENT_TARGET,UNOBSERVABLE_WITH_CURRENT_TARGET,ODOMETRY_SAMPLE_OPPORTUNITY_NOT_MISSION_CALLBACK;OBSERVER_WALL_NOT_ADAPTER_RECEIVE
external-mode-gui-20260922T015008-233245,runner_monitor_wall_arrival,CROSSING_BEFORE_FUTURE_PUBLISHED_CONTINUATION_CANDIDATE,3,6,90695073308889,3760,95732000000,95752000000,1790041942534073272,0.781942,1,0.904281,0.02,1790041942521152731,95739999999,2679,12,0,95840000000,1790041944061151507,96971999999,2756,1790041945241289397,97916000000,1790041945241262031,97916000000,UNOBSERVABLE_WITH_CURRENT_TARGET,UNOBSERVABLE_WITH_CURRENT_TARGET,UNOBSERVABLE_WITH_CURRENT_TARGET,ODOMETRY_SAMPLE_OPPORTUNITY_NOT_MISSION_CALLBACK;OBSERVER_WALL_NOT_ADAPTER_RECEIVE
external-mode-gui-20260922T015008-233245,runner_monitor_wall_arrival,CROSSING_BEFORE_FUTURE_PUBLISHED_CONTINUATION_CANDIDATE,3,6,90695073308889,3761,95752000000,95772000000,1790041942561517843,0.76439,1,0.852324,0.02,1790041942561323149,95772000000,2681,12,0,95872000000,1790041944061151507,96971999999,2756,1790041945241289397,97916000000,1790041945241262031,97916000000,UNOBSERVABLE_WITH_CURRENT_TARGET,UNOBSERVABLE_WITH_CURRENT_TARGET,UNOBSERVABLE_WITH_CURRENT_TARGET,ODOMETRY_SAMPLE_OPPORTUNITY_NOT_MISSION_CALLBACK;OBSERVER_WALL_NOT_ADAPTER_RECEIVE
external-mode-gui-20260922T015008-233245,runner_monitor_wall_arrival,CROSSING_BEFORE_FUTURE_PUBLISHED_CONTINUATION_CANDIDATE,3,6,90695073308889,3762,95772000000,95792000000,1790041942584674535,0.747938,1,0.796619,0.02,1790041942581141932,95787999999,2682,12,0,95888000000,1790041944061151507,96971999999,2756,1790041945241289397,97916000000,1790041945241262031,97916000000,UNOBSERVABLE_WITH_CURRENT_TARGET,UNOBSERVABLE_WITH_CURRENT_TARGET,UNOBSERVABLE_WITH_CURRENT_TARGET,ODOMETRY_SAMPLE_OPPORTUNITY_NOT_MISSION_CALLBACK;OBSERVER_WALL_NOT_ADAPTER_RECEIVE
external-mode-gui-20260922T015008-233245,runner_monitor_wall_arrival,CROSSING_BEFORE_FUTURE_PUBLISHED_CONTINUATION_CANDIDATE,3,6,90695073308889,3763,95792000000,95812000000,1790041942608861915,0.732669,1,0.736349,0.02,1790041942601103095,95804000000,2683,12,0,95904000000,1790041944061151507,96971999999,2756,1790041945241289397,97916000000,1790041945241262031,97916000000,UNOBSERVABLE_WITH_CURRENT_TARGET,UNOBSERVABLE_WITH_CURRENT_TARGET,UNOBSERVABLE_WITH_CURRENT_TARGET,ODOMETRY_SAMPLE_OPPORTUNITY_NOT_MISSION_CALLBACK;OBSERVER_WALL_NOT_ADAPTER_RECEIVE
external-mode-gui-20260922T015008-233245,runner_monitor_wall_arrival,CROSSING_BEFORE_FUTURE_PUBLISHED_CONTINUATION_CANDIDATE,3,6,90695073308889,3764,95812000000,95832000000,1790041942634344791,0.718654,1,0.672304,0.02,1790041942621376287,95819999999,2684,12,0,95920000000,1790041944061151507,96971999999,2756,1790041945241289397,97916000000,1790041945241262031,97916000000,UNOBSERVABLE_WITH_CURRENT_TARGET,UNOBSERVABLE_WITH_CURRENT_TARGET,UNOBSERVABLE_WITH_CURRENT_TARGET,ODOMETRY_SAMPLE_OPPORTUNITY_NOT_MISSION_CALLBACK;OBSERVER_WALL_NOT_ADAPTER_RECEIVE
external-mode-gui-20260922T015008-233245,runner_monitor_wall_arrival,CROSSING_BEFORE_FUTURE_PUBLISHED_CONTINUATION_CANDIDATE,3,6,90695073308889,3765,95832000000,95852000000,1790041942659465357,0.705957,1,0.605285,0.02,1790041942641338284,95835999999,2685,12,0,95936000000,1790041944061151507,96971999999,2756,1790041945241289397,97916000000,1790041945241262031,97916000000,UNOBSERVABLE_WITH_CURRENT_TARGET,UNOBSERVABLE_WITH_CURRENT_TARGET,UNOBSERVABLE_WITH_CURRENT_TARGET,ODOMETRY_SAMPLE_OPPORTUNITY_NOT_MISSION_CALLBACK;OBSERVER_WALL_NOT_ADAPTER_RECEIVE
external-mode-gui-20260922T015008-233245,runner_monitor_wall_arrival,CROSSING_BEFORE_FUTURE_PUBLISHED_CONTINUATION_CANDIDATE,3,6,90695073308889,3766,95852000000,95872000000,1790041942684152478,0.694307,1,0.532741,0.02,1790041942681125809,95867999999,2687,12,0,95968000000,1790041944061151507,96971999999,2756,1790041945241289397,97916000000,1790041945241262031,97916000000,UNOBSERVABLE_WITH_CURRENT_TARGET,UNOBSERVABLE_WITH_CURRENT_TARGET,UNOBSERVABLE_WITH_CURRENT_TARGET,ODOMETRY_SAMPLE_OPPORTUNITY_NOT_MISSION_CALLBACK;OBSERVER_WALL_NOT_ADAPTER_RECEIVE
external-mode-gui-20260922T015008-233245,runner_monitor_wall_arrival,CROSSING_BEFORE_FUTURE_PUBLISHED_CONTINUATION_CANDIDATE,3,6,90695073308889,3767,95872000000,95892000000,1790041942708840969,0.684476,1,0.460535,0.02,1790041942701079722,95884000000,2688,12,0,95984000000,1790041944061151507,96971999999,2756,1790041945241289397,97916000000,1790041945241262031,97916000000,UNOBSERVABLE_WITH_CURRENT_TARGET,UNOBSERVABLE_WITH_CURRENT_TARGET,UNOBSERVABLE_WITH_CURRENT_TARGET,ODOMETRY_SAMPLE_OPPORTUNITY_NOT_MISSION_CALLBACK;OBSERVER_WALL_NOT_ADAPTER_RECEIVE
external-mode-gui-20260922T015008-233245,runner_monitor_wall_arrival,CROSSING_BEFORE_FUTURE_PUBLISHED_CONTINUATION_CANDIDATE,3,6,90695073308889,3768,95892000000,95912000000,1790041942734398562,0.676088,1,0.387249,0.02,1790041942721040067,95900000000,2689,12,0,96000000000,1790041944061151507,96971999999,2756,1790041945241289397,97916000000,1790041945241262031,97916000000,UNOBSERVABLE_WITH_CURRENT_TARGET,UNOBSERVABLE_WITH_CURRENT_TARGET,UNOBSERVABLE_WITH_CURRENT_TARGET,ODOMETRY_SAMPLE_OPPORTUNITY_NOT_MISSION_CALLBACK;OBSERVER_WALL_NOT_ADAPTER_RECEIVE
external-mode-gui-20260922T015008-233245,runner_monitor_wall_arrival,CROSSING_BEFORE_FUTURE_PUBLISHED_CONTINUATION_CANDIDATE,3,6,90695073308889,3769,95912000000,95932000000,1790041942759818887,0.669151,1,0.312629,0.02,1790041942741104545,95915999999,2690,12,0,96016000000,1790041944061151507,96971999999,2756,1790041945241289397,97916000000,1790041945241262031,97916000000,UNOBSERVABLE_WITH_CURRENT_TARGET,UNOBSERVABLE_WITH_CURRENT_TARGET,UNOBSERVABLE_WITH_CURRENT_TARGET,ODOMETRY_SAMPLE_OPPORTUNITY_NOT_MISSION_CALLBACK;OBSERVER_WALL_NOT_ADAPTER_RECEIVE
external-mode-gui-20260922T015008-233245,runner_monitor_wall_arrival,CROSSING_BEFORE_FUTURE_PUBLISHED_CONTINUATION_CANDIDATE,3,6,90695073308889,3770,95932000000,95952000000,1790041942783982416,0.664557,1,0.237863,0.02,1790041942781056146,95947999999,2692,12,0,96048000000,1790041944061151507,96971999999,2756,1790041945241289397,97916000000,1790041945241262031,97916000000,UNOBSERVABLE_WITH_CURRENT_TARGET,UNOBSERVABLE_WITH_CURRENT_TARGET,UNOBSERVABLE_WITH_CURRENT_TARGET,ODOMETRY_SAMPLE_OPPORTUNITY_NOT_MISSION_CALLBACK;OBSERVER_WALL_NOT_ADAPTER_RECEIVE
external-mode-gui-20260922T015008-233245,runner_monitor_wall_arrival,CROSSING_BEFORE_FUTURE_PUBLISHED_CONTINUATION_CANDIDATE,3,6,90695073308889,3771,95952000000,95972000000,1790041942809664973,0.660498,1,0.164607,0.02,1790041942801164351,95963999999,2693,12,0,96064000000,1790041944061151507,96971999999,2756,1790041945241289397,97916000000,1790041945241262031,97916000000,UNOBSERVABLE_WITH_CURRENT_TARGET,UNOBSERVABLE_WITH_CURRENT_TARGET,UNOBSERVABLE_WITH_CURRENT_TARGET,ODOMETRY_SAMPLE_OPPORTUNITY_NOT_MISSION_CALLBACK;OBSERVER_WALL_NOT_ADAPTER_RECEIVE
external-mode-gui-20260922T015008-233245,runner_monitor_wall_arrival,CROSSING_BEFORE_FUTURE_PUBLISHED_CONTINUATION_CANDIDATE,3,6,90695073308889,3772,95972000000,95992000000,1790041942834009479,0.657857,1,0.0917189,0.02,1790041942821131257,95980000000,2694,12,0,96080000000,1790041944061151507,96971999999,2756,1790041945241289397,97916000000,1790041945241262031,97916000000,UNOBSERVABLE_WITH_CURRENT_TARGET,UNOBSERVABLE_WITH_CURRENT_TARGET,UNOBSERVABLE_WITH_CURRENT_TARGET,ODOMETRY_SAMPLE_OPPORTUNITY_NOT_MISSION_CALLBACK;OBSERVER_WALL_NOT_ADAPTER_RECEIVE
external-mode-gui-20260922T015008-233245,runner_monitor_wall_arrival,CROSSING_BEFORE_FUTURE_PUBLISHED_CONTINUATION_CANDIDATE,3,6,90695073308889,3773,95992000000,96012000000,1790041942858964020,0.656595,1,0.0239445,0.02,1790041942841143468,95995999999,2695,12,0,96096000000,1790041944061151507,96971999999,2756,1790041945241289397,97916000000,1790041945241262031,97916000000,UNOBSERVABLE_WITH_CURRENT_TARGET,UNOBSERVABLE_WITH_CURRENT_TARGET,UNOBSERVABLE_WITH_CURRENT_TARGET,ODOMETRY_SAMPLE_OPPORTUNITY_NOT_MISSION_CALLBACK;OBSERVER_WALL_NOT_ADAPTER_RECEIVE
external-mode-gui-20260922T015008-233245,runner_monitor_wall_arrival,CROSSING_BEFORE_FUTURE_PUBLISHED_CONTINUATION_CANDIDATE,3,6,90695073308889,3774,96012000000,96032000000,1790041942883900805,0.65665,1,0.0475194,0.02,1790041942881210996,96028000000,2697,12,0,96128000000,1790041944061151507,96971999999,2756,1790041945241289397,97916000000,1790041945241262031,97916000000,UNOBSERVABLE_WITH_CURRENT_TARGET,UNOBSERVABLE_WITH_CURRENT_TARGET,UNOBSERVABLE_WITH_CURRENT_TARGET,ODOMETRY_SAMPLE_OPPORTUNITY_NOT_MISSION_CALLBACK;OBSERVER_WALL_NOT_ADAPTER_RECEIVE
external-mode-gui-20260922T015008-233245,runner_monitor_wall_arrival,CROSSING_BEFORE_FUTURE_PUBLISHED_CONTINUATION_CANDIDATE,3,6,90695073308889,3775,96032000000,96052000000,1790041942909586661,0.657018,1,0.107112,0.02,1790041942901096972,96043999999,2698,12,0,96144000000,1790041944061151507,96971999999,2756,1790041945241289397,97916000000,1790041945241262031,97916000000,UNOBSERVABLE_WITH_CURRENT_TARGET,UNOBSERVABLE_WITH_CURRENT_TARGET,UNOBSERVABLE_WITH_CURRENT_TARGET,ODOMETRY_SAMPLE_OPPORTUNITY_NOT_MISSION_CALLBACK;OBSERVER_WALL_NOT_ADAPTER_RECEIVE
external-mode-gui-20260922T015008-233245,runner_monitor_wall_arrival,CROSSING_BEFORE_FUTURE_PUBLISHED_CONTINUATION_CANDIDATE,3,6,90695073308889,3776,96052000000,96072000000,1790041942934337014,0.659449,1,0.16517,0.02,1790041942921156290,96060000000,2699,12,0,96160000000,1790041944061151507,96971999999,2756,1790041945241289397,97916000000,1790041945241262031,97916000000,UNOBSERVABLE_WITH_CURRENT_TARGET,UNOBSERVABLE_WITH_CURRENT_TARGET,UNOBSERVABLE_WITH_CURRENT_TARGET,ODOMETRY_SAMPLE_OPPORTUNITY_NOT_MISSION_CALLBACK;OBSERVER_WALL_NOT_ADAPTER_RECEIVE
external-mode-gui-20260922T015008-233245,runner_monitor_wall_arrival,CROSSING_BEFORE_FUTURE_PUBLISHED_CONTINUATION_CANDIDATE,3,6,90695073308889,3777,96072000000,96092000000,1790041942958981065,0.662952,1,0.217686,0.02,1790041942941167566,96075999999,2700,12,0,96176000000,1790041944061151507,96971999999,2756,1790041945241289397,97916000000,1790041945241262031,97916000000,UNOBSERVABLE_WITH_CURRENT_TARGET,UNOBSERVABLE_WITH_CURRENT_TARGET,UNOBSERVABLE_WITH_CURRENT_TARGET,ODOMETRY_SAMPLE_OPPORTUNITY_NOT_MISSION_CALLBACK;OBSERVER_WALL_NOT_ADAPTER_RECEIVE
external-mode-gui-20260922T015008-233245,runner_monitor_wall_arrival,CROSSING_BEFORE_FUTURE_PUBLISHED_CONTINUATION_CANDIDATE,3,6,90695073308889,3778,96092000000,96112000000,1790041942983616493,0.667418,1,0.263805,0.02,1790041942981069402,96108000000,2702,12,0,96208000000,1790041944061151507,96971999999,2756,1790041945241289397,97916000000,1790041945241262031,97916000000,UNOBSERVABLE_WITH_CURRENT_TARGET,UNOBSERVABLE_WITH_CURRENT_TARGET,UNOBSERVABLE_WITH_CURRENT_TARGET,ODOMETRY_SAMPLE_OPPORTUNITY_NOT_MISSION_CALLBACK;OBSERVER_WALL_NOT_ADAPTER_RECEIVE
external-mode-gui-20260922T015008-233245,runner_monitor_wall_arrival,CROSSING_BEFORE_FUTURE_PUBLISHED_CONTINUATION_CANDIDATE,3,6,90695073308889,3779,96112000000,96132000000,1790041943009784020,0.672735,1,0.303999,0.02,1790041943001134188,96123999999,2703,12,0,96224000000,1790041944061151507,96971999999,2756,1790041945241289397,97916000000,1790041945241262031,97916000000,UNOBSERVABLE_WITH_CURRENT_TARGET,UNOBSERVABLE_WITH_CURRENT_TARGET,UNOBSERVABLE_WITH_CURRENT_TARGET,ODOMETRY_SAMPLE_OPPORTUNITY_NOT_MISSION_CALLBACK;OBSERVER_WALL_NOT_ADAPTER_RECEIVE
external-mode-gui-20260922T015008-233245,runner_monitor_wall_arrival,CROSSING_BEFORE_FUTURE_PUBLISHED_CONTINUATION_CANDIDATE,3,6,90695073308889,3780,96132000000,96152000000,1790041943035042906,0.679628,1,0.335923,0.02,1790041943021249035,96140000000,2704,12,0,96240000000,1790041944061151507,96971999999,2756,1790041945241289397,97916000000,1790041945241262031,97916000000,UNOBSERVABLE_WITH_CURRENT_TARGET,UNOBSERVABLE_WITH_CURRENT_TARGET,UNOBSERVABLE_WITH_CURRENT_TARGET,ODOMETRY_SAMPLE_OPPORTUNITY_NOT_MISSION_CALLBACK;OBSERVER_WALL_NOT_ADAPTER_RECEIVE
external-mode-gui-20260922T015008-233245,runner_monitor_wall_arrival,CROSSING_BEFORE_FUTURE_PUBLISHED_CONTINUATION_CANDIDATE,3,6,90695073308889,3781,96152000000,96172000000,1790041943059064791,0.686322,1,0.366344,0.02,1790041943041253603,96156000000,2705,12,0,96256000000,1790041944061151507,96971999999,2756,1790041945241289397,97916000000,1790041945241262031,97916000000,UNOBSERVABLE_WITH_CURRENT_TARGET,UNOBSERVABLE_WITH_CURRENT_TARGET,UNOBSERVABLE_WITH_CURRENT_TARGET,ODOMETRY_SAMPLE_OPPORTUNITY_NOT_MISSION_CALLBACK;OBSERVER_WALL_NOT_ADAPTER_RECEIVE
external-mode-gui-20260922T015008-233245,runner_monitor_wall_arrival,CROSSING_BEFORE_FUTURE_PUBLISHED_CONTINUATION_CANDIDATE,3,6,90695073308889,3782,96172000000,96192000000,1790041943084163189,0.693591,1,0.392354,0.02,1790041943081127677,96188000000,2707,12,0,96288000000,1790041944061151507,96971999999,2756,1790041945241289397,97916000000,1790041945241262031,97916000000,UNOBSERVABLE_WITH_CURRENT_TARGET,UNOBSERVABLE_WITH_CURRENT_TARGET,UNOBSERVABLE_WITH_CURRENT_TARGET,ODOMETRY_SAMPLE_OPPORTUNITY_NOT_MISSION_CALLBACK;OBSERVER_WALL_NOT_ADAPTER_RECEIVE
external-mode-gui-20260922T015008-233245,runner_monitor_wall_arrival,CROSSING_BEFORE_FUTURE_PUBLISHED_CONTINUATION_CANDIDATE,3,6,90695073308889,3783,96192000000,96212000000,1790041943108941717,0.701377,1,0.416846,0.02,1790041943101086291,96203999999,2708,12,0,96304000000,1790041944061151507,96971999999,2756,1790041945241289397,97916000000,1790041945241262031,97916000000,UNOBSERVABLE_WITH_CURRENT_TARGET,UNOBSERVABLE_WITH_CURRENT_TARGET,UNOBSERVABLE_WITH_CURRENT_TARGET,ODOMETRY_SAMPLE_OPPORTUNITY_NOT_MISSION_CALLBACK;OBSERVER_WALL_NOT_ADAPTER_RECEIVE
external-mode-gui-20260922T015008-233245,runner_monitor_wall_arrival,CROSSING_BEFORE_FUTURE_PUBLISHED_CONTINUATION_CANDIDATE,3,6,90695073308889,3784,96212000000,96232000000,1790041943134627004,0.709641,1,0.439127,0.02,1790041943121167325,96219999999,2709,12,0,96320000000,1790041944061151507,96971999999,2756,1790041945241289397,97916000000,1790041945241262031,97916000000,UNOBSERVABLE_WITH_CURRENT_TARGET,UNOBSERVABLE_WITH_CURRENT_TARGET,UNOBSERVABLE_WITH_CURRENT_TARGET,ODOMETRY_SAMPLE_OPPORTUNITY_NOT_MISSION_CALLBACK;OBSERVER_WALL_NOT_ADAPTER_RECEIVE
external-mode-gui-20260922T015008-233245,runner_monitor_wall_arrival,CROSSING_BEFORE_FUTURE_PUBLISHED_CONTINUATION_CANDIDATE,3,6,90695073308889,3785,96232000000,96252000000,1790041943159208023,0.73105,1,0.474034,0.02,1790041943141188168,96236000000,2710,12,0,96336000000,1790041944061151507,96971999999,2756,1790041945241289397,97916000000,1790041945241262031,97916000000,UNOBSERVABLE_WITH_CURRENT_TARGET,UNOBSERVABLE_WITH_CURRENT_TARGET,UNOBSERVABLE_WITH_CURRENT_TARGET,ODOMETRY_SAMPLE_OPPORTUNITY_NOT_MISSION_CALLBACK;OBSERVER_WALL_NOT_ADAPTER_RECEIVE
external-mode-gui-20260922T015008-233245,runner_monitor_wall_arrival,CROSSING_BEFORE_FUTURE_PUBLISHED_CONTINUATION_CANDIDATE,3,6,90695073308889,3786,96252000000,96272000000,1790041943183966947,0.740472,1,0.49163,0.02,1790041943181079720,96268000000,2712,12,0,96368000000,1790041944061151507,96971999999,2756,1790041945241289397,97916000000,1790041945241262031,97916000000,UNOBSERVABLE_WITH_CURRENT_TARGET,UNOBSERVABLE_WITH_CURRENT_TARGET,UNOBSERVABLE_WITH_CURRENT_TARGET,ODOMETRY_SAMPLE_OPPORTUNITY_NOT_MISSION_CALLBACK;OBSERVER_WALL_NOT_ADAPTER_RECEIVE
external-mode-gui-20260922T015008-233245,runner_monitor_wall_arrival,CROSSING_BEFORE_FUTURE_PUBLISHED_CONTINUATION_CANDIDATE,3,6,90695073308889,3787,96272000000,96292000000,1790041943209686050,0.750234,1,0.506099,0.02,1790041943201219606,96284000000,2713,12,0,96384000000,1790041944061151507,96971999999,2756,1790041945241289397,97916000000,1790041945241262031,97916000000,UNOBSERVABLE_WITH_CURRENT_TARGET,UNOBSERVABLE_WITH_CURRENT_TARGET,UNOBSERVABLE_WITH_CURRENT_TARGET,ODOMETRY_SAMPLE_OPPORTUNITY_NOT_MISSION_CALLBACK;OBSERVER_WALL_NOT_ADAPTER_RECEIVE
external-mode-gui-20260922T015008-233245,runner_monitor_wall_arrival,CROSSING_BEFORE_FUTURE_PUBLISHED_CONTINUATION_CANDIDATE,3,6,90695073308889,3788,96292000000,96312000000,1790041943234432393,0.760289,1,0.519325,0.02,1790041943221067764,96299999999,2714,12,0,96400000000,1790041944061151507,96971999999,2756,1790041945241289397,97916000000,1790041945241262031,97916000000,UNOBSERVABLE_WITH_CURRENT_TARGET,UNOBSERVABLE_WITH_CURRENT_TARGET,UNOBSERVABLE_WITH_CURRENT_TARGET,ODOMETRY_SAMPLE_OPPORTUNITY_NOT_MISSION_CALLBACK;OBSERVER_WALL_NOT_ADAPTER_RECEIVE
external-mode-gui-20260922T015008-233245,runner_monitor_wall_arrival,CROSSING_BEFORE_FUTURE_PUBLISHED_CONTINUATION_CANDIDATE,3,6,90695073308889,3789,96312000000,96332000000,1790041943259394723,0.777475,1,0.538479,0.02,1790041943241863018,96316000000,2715,12,0,96416000000,1790041944061151507,96971999999,2756,1790041945241289397,97916000000,1790041945241262031,97916000000,UNOBSERVABLE_WITH_CURRENT_TARGET,UNOBSERVABLE_WITH_CURRENT_TARGET,UNOBSERVABLE_WITH_CURRENT_TARGET,ODOMETRY_SAMPLE_OPPORTUNITY_NOT_MISSION_CALLBACK;OBSERVER_WALL_NOT_ADAPTER_RECEIVE
external-mode-gui-20260922T015008-233245,runner_monitor_wall_arrival,CROSSING_BEFORE_FUTURE_PUBLISHED_CONTINUATION_CANDIDATE,3,6,90695073308889,3790,96332000000,96352000000,1790041943284688163,0.78819,1,0.548201,0.02,1790041943281283425,96347999999,2717,12,0,96448000000,1790041944061151507,96971999999,2756,1790041945241289397,97916000000,1790041945241262031,97916000000,UNOBSERVABLE_WITH_CURRENT_TARGET,UNOBSERVABLE_WITH_CURRENT_TARGET,UNOBSERVABLE_WITH_CURRENT_TARGET,ODOMETRY_SAMPLE_OPPORTUNITY_NOT_MISSION_CALLBACK;OBSERVER_WALL_NOT_ADAPTER_RECEIVE
external-mode-gui-20260922T015008-233245,runner_monitor_wall_arrival,CROSSING_BEFORE_FUTURE_PUBLISHED_CONTINUATION_CANDIDATE,3,6,90695073308889,3791,96352000000,96372000000,1790041943310069206,0.799078,1,0.554487,0.02,1790041943301102898,96364000000,2718,12,0,96464000000,1790041944061151507,96971999999,2756,1790041945241289397,97916000000,1790041945241262031,97916000000,UNOBSERVABLE_WITH_CURRENT_TARGET,UNOBSERVABLE_WITH_CURRENT_TARGET,UNOBSERVABLE_WITH_CURRENT_TARGET,ODOMETRY_SAMPLE_OPPORTUNITY_NOT_MISSION_CALLBACK;OBSERVER_WALL_NOT_ADAPTER_RECEIVE
external-mode-gui-20260922T015008-233245,runner_monitor_wall_arrival,CONTINUATION_PUBLISHED_BEFORE_CROSSING,3,6,90695073308889,3868,97892000000,97912000000,1790041945234730874,0.792928,1,0.853743,0.02,1790041945221111780,97900000000,2814,13,1,98000000000,1790041945241083309,97915999999,2815,1790041945241289397,97916000000,1790041945241262031,97916000000,UNOBSERVABLE_WITH_CURRENT_TARGET,UNOBSERVABLE_WITH_CURRENT_TARGET,UNOBSERVABLE_WITH_CURRENT_TARGET,ODOMETRY_SAMPLE_OPPORTUNITY_NOT_MISSION_CALLBACK;OBSERVER_WALL_NOT_ADAPTER_RECEIVE
external-mode-gui-20260922T015333-237627,runner_monitor_wall_arrival,NO_VALID_PUBLISHED_CONTINUATION_WITNESS,0,1,90899334390437,910,0,22332000000,1790042054979980370,0.120291,1,0.0859947,nan,,,,,,,,,,1790042054983288495,22336000000,1790042054983254534,22336000000,UNOBSERVABLE_WITH_CURRENT_TARGET,UNOBSERVABLE_WITH_CURRENT_TARGET,UNOBSERVABLE_WITH_CURRENT_TARGET,ODOMETRY_SAMPLE_OPPORTUNITY_NOT_MISSION_CALLBACK;OBSERVER_WALL_NOT_ADAPTER_RECEIVE
external-mode-gui-20260922T015333-237627,runner_monitor_wall_arrival,CONTINUATION_PUBLISHED_BEFORE_CROSSING,1,2,90899334390437,3895,82012000000,82032000000,1790042129603089591,0.879709,1,1.11564,0.02,1790042129591207703,82019999999,3727,6,1,82120000000,1790042129610875963,82036000000,3728,1790042129611370071,82036000000,1790042129611261676,82036000000,UNOBSERVABLE_WITH_CURRENT_TARGET,UNOBSERVABLE_WITH_CURRENT_TARGET,UNOBSERVABLE_WITH_CURRENT_TARGET,ODOMETRY_SAMPLE_OPPORTUNITY_NOT_MISSION_CALLBACK;OBSERVER_WALL_NOT_ADAPTER_RECEIVE
external-mode-gui-20260922T015333-237627,runner_monitor_wall_arrival,CONTINUATION_PUBLISHED_BEFORE_CROSSING,2,3,90899334390437,4206,88232000000,88252000000,1790042137380069529,0.795047,1,1.02376,0.02,1790042137370815178,88243999999,4116,8,1,88344000000,1790042137390841306,88260000000,4117,1790042137383354939,88256000000,1790042137383315182,88256000000,UNOBSERVABLE_WITH_CURRENT_TARGET,UNOBSERVABLE_WITH_CURRENT_TARGET,UNOBSERVABLE_WITH_CURRENT_TARGET,ODOMETRY_SAMPLE_OPPORTUNITY_NOT_MISSION_CALLBACK;OBSERVER_WALL_NOT_ADAPTER_RECEIVE
external-mode-gui-20260922T015333-237627,runner_monitor_wall_arrival,CONTINUATION_PUBLISHED_BEFORE_CROSSING,3,4,90899334390437,4541,94932000000,94952000000,1790042145754145514,0.797365,1,0.959555,0.02,1790042145750891315,94947999999,4535,10,1,95048000000,1790042145770702099,94963999999,4536,1790042145770968441,94964000000,1790042145770944034,94964000000,UNOBSERVABLE_WITH_CURRENT_TARGET,UNOBSERVABLE_WITH_CURRENT_TARGET,UNOBSERVABLE_WITH_CURRENT_TARGET,ODOMETRY_SAMPLE_OPPORTUNITY_NOT_MISSION_CALLBACK;OBSERVER_WALL_NOT_ADAPTER_RECEIVE
external-mode-gui-20260922T015649-241674,runner_monitor_wall_arrival,NO_VALID_PUBLISHED_CONTINUATION_WITNESS,0,1,91096018763254,925,0,22436000000,1790042252091804158,0.188554,1,0.0590304,nan,,,,,,,,,,1790042252111578124,22452000000,1790042252111544351,22452000000,UNOBSERVABLE_WITH_CURRENT_TARGET,UNOBSERVABLE_WITH_CURRENT_TARGET,UNOBSERVABLE_WITH_CURRENT_TARGET,ODOMETRY_SAMPLE_OPPORTUNITY_NOT_MISSION_CALLBACK;OBSERVER_WALL_NOT_ADAPTER_RECEIVE
external-mode-gui-20260922T020310-247206,rosbag_recorder,NO_COMPATIBLE_COMMAND_BEFORE_CROSSING,0,1,91477966411337,1123,0,26400000000,1790042638906998717,0.250776,1,0.0472473,nan,,,,,,,1790042638935857982,26420000000,1,1790042638931122371,26420000000,1790042638931085331,26420000000,UNOBSERVABLE_WITH_CURRENT_TARGET,UNOBSERVABLE_WITH_CURRENT_TARGET,UNOBSERVABLE_WITH_CURRENT_TARGET,ODOMETRY_SAMPLE_OPPORTUNITY_NOT_MISSION_CALLBACK;OBSERVER_WALL_NOT_ADAPTER_RECEIVE
external-mode-gui-20260922T020310-247206,rosbag_recorder,CONTINUATION_PUBLISHED_BEFORE_CROSSING,1,2,91477966411337,2560,55120000000,55140000000,1790042674831846644,0.894723,1,0.693308,0.02,1790042674815900355,55124000000,1795,4,1,55224000000,1790042674835600287,55140000000,1796,1790042674835938318,55144000000,1790042674835915052,55144000000,UNOBSERVABLE_WITH_CURRENT_TARGET,UNOBSERVABLE_WITH_CURRENT_TARGET,UNOBSERVABLE_WITH_CURRENT_TARGET,ODOMETRY_SAMPLE_OPPORTUNITY_NOT_MISSION_CALLBACK;OBSERVER_WALL_NOT_ADAPTER_RECEIVE
external-mode-gui-20260922T020310-247206,rosbag_recorder,CONTINUATION_PUBLISHED_BEFORE_CROSSING,2,3,91477966411337,4634,96600000000,96620000000,1790042726682136836,0.887639,1,0.965503,0.02,1790042726675725782,96611999999,4388,7,1,96712000000,1790042726695757123,96628000000,4389,1790042726696396566,96628000000,1790042726696369382,96628000000,UNOBSERVABLE_WITH_CURRENT_TARGET,UNOBSERVABLE_WITH_CURRENT_TARGET,UNOBSERVABLE_WITH_CURRENT_TARGET,ODOMETRY_SAMPLE_OPPORTUNITY_NOT_MISSION_CALLBACK;OBSERVER_WALL_NOT_ADAPTER_RECEIVE
external-mode-gui-20260922T020310-247206,rosbag_recorder,CONTINUATION_PUBLISHED_BEFORE_CROSSING,3,4,91477966411337,5222,108360000000,108380000000,1790042741381950972,0.889136,1,0.584127,0.02,1790042741375970559,108371999999,5123,8,1,108472000000,1790042741395544180,108388000000,5124,1790042741395829695,108388000000,1790042741395812584,108388000000,UNOBSERVABLE_WITH_CURRENT_TARGET,UNOBSERVABLE_WITH_CURRENT_TARGET,UNOBSERVABLE_WITH_CURRENT_TARGET,ODOMETRY_SAMPLE_OPPORTUNITY_NOT_MISSION_CALLBACK;OBSERVER_WALL_NOT_ADAPTER_RECEIVE
external-mode-gui-20260922T020310-247206,rosbag_recorder,CONTINUATION_PUBLISHED_BEFORE_CROSSING,4,5,91477966411337,7449,152900000000,152920000000,1790042797056537551,0.883907,1,0.964137,0.02,1790042797055574432,152915999999,7907,11,1,153016000000,1790042797075683818,152931999999,7908,1790042797077485304,152936000000,1790042797077431296,152936000000,UNOBSERVABLE_WITH_CURRENT_TARGET,UNOBSERVABLE_WITH_CURRENT_TARGET,UNOBSERVABLE_WITH_CURRENT_TARGET,ODOMETRY_SAMPLE_OPPORTUNITY_NOT_MISSION_CALLBACK;OBSERVER_WALL_NOT_ADAPTER_RECEIVE
external-mode-gui-20260922T020310-247206,rosbag_recorder,CONTINUATION_PUBLISHED_BEFORE_CROSSING,5,6,91477966411337,8005,164020000000,164040000000,1790042810956588098,0.892188,1,0.97609,0.02,1790042810955652910,164036000000,8602,12,1,164136000000,1790042810975876407,164051999999,8603,1790042810976314986,164056000000,1790042810976283104,164056000000,UNOBSERVABLE_WITH_CURRENT_TARGET,UNOBSERVABLE_WITH_CURRENT_TARGET,UNOBSERVABLE_WITH_CURRENT_TARGET,ODOMETRY_SAMPLE_OPPORTUNITY_NOT_MISSION_CALLBACK;OBSERVER_WALL_NOT_ADAPTER_RECEIVE
external-mode-gui-20260922T020310-247206,rosbag_recorder,CONTINUATION_PUBLISHED_BEFORE_CROSSING,6,7,91477966411337,9924,202400000000,202420000000,1790042858931626396,0.894009,1,0.579426,0.02,1790042858915675939,202403999999,11000,17,1,202504000000,1790042858935641708,202419999999,11001,1790042858936032759,202424000000,1790042858936005154,202424000000,UNOBSERVABLE_WITH_CURRENT_TARGET,UNOBSERVABLE_WITH_CURRENT_TARGET,UNOBSERVABLE_WITH_CURRENT_TARGET,ODOMETRY_SAMPLE_OPPORTUNITY_NOT_MISSION_CALLBACK;OBSERVER_WALL_NOT_ADAPTER_RECEIVE
external-mode-gui-20260922T020310-247206,rosbag_recorder,CONTINUATION_PUBLISHED_BEFORE_CROSSING,7,8,91477966411337,11243,228780000000,228800000000,1790042891907038627,0.892199,1,0.784564,0.02,1790042891895779840,228788000000,12649,19,1,228888000000,1790042891915657242,228804000000,12650,1790042891916265111,228808000000,1790042891916232653,228808000000,UNOBSERVABLE_WITH_CURRENT_TARGET,UNOBSERVABLE_WITH_CURRENT_TARGET,UNOBSERVABLE_WITH_CURRENT_TARGET,ODOMETRY_SAMPLE_OPPORTUNITY_NOT_MISSION_CALLBACK;OBSERVER_WALL_NOT_ADAPTER_RECEIVE
