Field,Semantic cluster,Mapping confidence,Prior disposition,Source,Note
NavigationRuntimeNode.data_freshness_window_s_,TimingConfiguration,LEXICAL_TENTATIVE,UNRESOLVED,src/runtime/navigation_runtime/include/navigation_runtime/navigation_runtime_node.hpp:394,Cluster is not a field disposition or D_f proof
NavigationRuntimeNode.data_freshness_window_ns_,TimingConfiguration,LEXICAL_TENTATIVE,UNRESOLVED,src/runtime/navigation_runtime/include/navigation_runtime/navigation_runtime_node.hpp:395,Cluster is not a field disposition or D_f proof
NavigationRuntimeNode.command_stream_timeout_ns_,TimingConfiguration,LEXICAL_TENTATIVE,UNRESOLVED,src/runtime/navigation_runtime/include/navigation_runtime/navigation_runtime_node.hpp:396,Cluster is not a field disposition or D_f proof
NavigationRuntimeNode.planner_watchdog_timeout_s_,TimingConfiguration,LEXICAL_TENTATIVE,UNRESOLVED,src/runtime/navigation_runtime/include/navigation_runtime/navigation_runtime_node.hpp:397,Cluster is not a field disposition or D_f proof
NavigationRuntimeNode.planner_watchdog_timeout_ns_,TimingConfiguration,LEXICAL_TENTATIVE,UNRESOLVED,src/runtime/navigation_runtime/include/navigation_runtime/navigation_runtime_node.hpp:398,Cluster is not a field disposition or D_f proof
NavigationRuntimeNode.dynamics_hash_,DynamicsIdentity,LEXICAL_TENTATIVE,UNRESOLVED,src/runtime/navigation_runtime/include/navigation_runtime/navigation_runtime_node.hpp:409,Cluster is not a field disposition or D_f proof
NavigationRuntimeNode.mission_dynamic_limits_,DynamicsIdentity,LEXICAL_TENTATIVE,UNRESOLVED,src/runtime/navigation_runtime/include/navigation_runtime/navigation_runtime_node.hpp:410,Cluster is not a field disposition or D_f proof
NavigationRuntimeNode.execution_state_store_,MeasuredStateHistory,LEXICAL_TENTATIVE,UNRESOLVED,src/runtime/navigation_runtime/include/navigation_runtime/navigation_runtime_node.hpp:434,Cluster is not a field disposition or D_f proof
NavigationRuntimeNode.execution_episode_,ActiveExecutionIdentity,LEXICAL_TENTATIVE,UNRESOLVED,src/runtime/navigation_runtime/include/navigation_runtime/navigation_runtime_node.hpp:435,Cluster is not a field disposition or D_f proof
NavigationRuntimeNode.active_goal_,DesiredMissionIntent,LEXICAL_TENTATIVE,KEEP,src/runtime/navigation_runtime/include/navigation_runtime/navigation_runtime_node.hpp:436,Cluster is not a field disposition or D_f proof
NavigationRuntimeNode.mission_start_position_world_,RouteGeometry,LEXICAL_TENTATIVE,UNRESOLVED,src/runtime/navigation_runtime/include/navigation_runtime/navigation_runtime_node.hpp:440,Cluster is not a field disposition or D_f proof
NavigationRuntimeNode.mission_start_mission_id_,RouteGeometry,LEXICAL_TENTATIVE,UNRESOLVED,src/runtime/navigation_runtime/include/navigation_runtime/navigation_runtime_node.hpp:441,Cluster is not a field disposition or D_f proof
NavigationRuntimeNode.mission_start_route_revision_,RouteGeometry,LEXICAL_TENTATIVE,UNRESOLVED,src/runtime/navigation_runtime/include/navigation_runtime/navigation_runtime_node.hpp:442,Cluster is not a field disposition or D_f proof
NavigationRuntimeNode.mission_start_localization_epoch_,RouteGeometry,LEXICAL_TENTATIVE,UNRESOLVED,src/runtime/navigation_runtime/include/navigation_runtime/navigation_runtime_node.hpp:443,Cluster is not a field disposition or D_f proof
NavigationRuntimeNode.executing_goal_,ActiveExecutionIdentity,LEXICAL_TENTATIVE,KEEP,src/runtime/navigation_runtime/include/navigation_runtime/navigation_runtime_node.hpp:447,Cluster is not a field disposition or D_f proof
NavigationRuntimeNode.pending_goal_owner_,DesiredMissionIntent,LEXICAL_TENTATIVE,UNRESOLVED,src/runtime/navigation_runtime/include/navigation_runtime/navigation_runtime_node.hpp:450,Cluster is not a field disposition or D_f proof
NavigationRuntimeNode.deferred_terminal_status_,ExecutionSafetyDisposition,LEXICAL_TENTATIVE,UNRESOLVED,src/runtime/navigation_runtime/include/navigation_runtime/navigation_runtime_node.hpp:453,Cluster is not a field disposition or D_f proof
NavigationRuntimeNode.foreign_mission_hold_after_stop_,ExecutionSafetyDisposition,LEXICAL_TENTATIVE,UNRESOLVED,src/runtime/navigation_runtime/include/navigation_runtime/navigation_runtime_node.hpp:457,Cluster is not a field disposition or D_f proof
NavigationRuntimeNode.foreign_mission_cancel_pending_,ExecutionSafetyDisposition,LEXICAL_TENTATIVE,UNRESOLVED,src/runtime/navigation_runtime/include/navigation_runtime/navigation_runtime_node.hpp:458,Cluster is not a field disposition or D_f proof
NavigationRuntimeNode.foreign_cancel_target_epoch_,ExecutionSafetyDisposition,LEXICAL_TENTATIVE,UNRESOLVED,src/runtime/navigation_runtime/include/navigation_runtime/navigation_runtime_node.hpp:459,Cluster is not a field disposition or D_f proof
NavigationRuntimeNode.foreign_cancel_transition_epoch_,ExecutionSafetyDisposition,LEXICAL_TENTATIVE,UNRESOLVED,src/runtime/navigation_runtime/include/navigation_runtime/navigation_runtime_node.hpp:460,Cluster is not a field disposition or D_f proof
NavigationRuntimeNode.foreign_cancel_localization_epoch_,ExecutionSafetyDisposition,LEXICAL_TENTATIVE,UNRESOLVED,src/runtime/navigation_runtime/include/navigation_runtime/navigation_runtime_node.hpp:461,Cluster is not a field disposition or D_f proof
NavigationRuntimeNode.active_goal_epoch_,LocalizationEpoch,LEXICAL_TENTATIVE,UNRESOLVED,src/runtime/navigation_runtime/include/navigation_runtime/navigation_runtime_node.hpp:462,Cluster is not a field disposition or D_f proof
NavigationRuntimeNode.active_localization_epoch_,LocalizationEpoch,LEXICAL_TENTATIVE,UNRESOLVED,src/runtime/navigation_runtime/include/navigation_runtime/navigation_runtime_node.hpp:463,Cluster is not a field disposition or D_f proof
NavigationRuntimeNode.localization_epoch_ready_,LocalizationEpoch,LEXICAL_TENTATIVE,UNRESOLVED,src/runtime/navigation_runtime/include/navigation_runtime/navigation_runtime_node.hpp:464,Cluster is not a field disposition or D_f proof
NavigationRuntimeNode.last_registered_scan_epoch_,MeasuredStateHistory,LEXICAL_TENTATIVE,UNRESOLVED,src/runtime/navigation_runtime/include/navigation_runtime/navigation_runtime_node.hpp:465,Cluster is not a field disposition or D_f proof
NavigationRuntimeNode.last_registered_scan_sequence_,MeasuredStateHistory,LEXICAL_TENTATIVE,UNRESOLVED,src/runtime/navigation_runtime/include/navigation_runtime/navigation_runtime_node.hpp:466,Cluster is not a field disposition or D_f proof
NavigationRuntimeNode.last_propagated_state_stamp_ns_,MeasuredStateHistory,LEXICAL_TENTATIVE,UNRESOLVED,src/runtime/navigation_runtime/include/navigation_runtime/navigation_runtime_node.hpp:467,Cluster is not a field disposition or D_f proof
NavigationRuntimeNode.last_propagated_state_sequence_,MeasuredStateHistory,LEXICAL_TENTATIVE,UNRESOLVED,src/runtime/navigation_runtime/include/navigation_runtime/navigation_runtime_node.hpp:468,Cluster is not a field disposition or D_f proof
NavigationRuntimeNode.propagated_derivative_estimator_,MeasuredStateHistory,LEXICAL_TENTATIVE,UNRESOLVED,src/runtime/navigation_runtime/include/navigation_runtime/navigation_runtime_node.hpp:470,Cluster is not a field disposition or D_f proof
NavigationRuntimeNode.new_goal_,DesiredMissionIntent,LEXICAL_TENTATIVE,UNRESOLVED,src/runtime/navigation_runtime/include/navigation_runtime/navigation_runtime_node.hpp:471,Cluster is not a field disposition or D_f proof
NavigationRuntimeNode.hot_goal_transition_,DesiredMissionIntent,LEXICAL_TENTATIVE,UNRESOLVED,src/runtime/navigation_runtime/include/navigation_runtime/navigation_runtime_node.hpp:475,Cluster is not a field disposition or D_f proof
NavigationRuntimeNode.skip_replan_once_,WorkerBookkeeping,LEXICAL_TENTATIVE,UNRESOLVED,src/runtime/navigation_runtime/include/navigation_runtime/navigation_runtime_node.hpp:480,Cluster is not a field disposition or D_f proof
NavigationRuntimeNode.baseline_refinement_opportunity_,WorkerBookkeeping,LEXICAL_TENTATIVE,UNRESOLVED,src/runtime/navigation_runtime/include/navigation_runtime/navigation_runtime_node.hpp:482,Cluster is not a field disposition or D_f proof
NavigationRuntimeNode.plan_from_rest_first_failure_steady_ns_,WorkerBookkeeping,LEXICAL_TENTATIVE,UNRESOLVED,src/runtime/navigation_runtime/include/navigation_runtime/navigation_runtime_node.hpp:483,Cluster is not a field disposition or D_f proof
NavigationRuntimeNode.world_freshness_suspended_bundle_generation_,CommandLease,LEXICAL_TENTATIVE,UNRESOLVED,src/runtime/navigation_runtime/include/navigation_runtime/navigation_runtime_node.hpp:494,Cluster is not a field disposition or D_f proof
NavigationRuntimeNode.world_freshness_suspended_safety_suffix_active_,CommandLease,LEXICAL_TENTATIVE,UNRESOLVED,src/runtime/navigation_runtime/include/navigation_runtime/navigation_runtime_node.hpp:495,Cluster is not a field disposition or D_f proof
NavigationRuntimeNode.command_execution_lease_failure_latch_,CommandLease,LEXICAL_TENTATIVE,UNRESOLVED,src/runtime/navigation_runtime/include/navigation_runtime/navigation_runtime_node.hpp:499,Cluster is not a field disposition or D_f proof
NavigationRuntimeNode.last_execution_boundary_rejection_,ExecutionTransactionBookkeeping,LEXICAL_TENTATIVE,UNRESOLVED,src/runtime/navigation_runtime/include/navigation_runtime/navigation_runtime_node.hpp:504,Cluster is not a field disposition or D_f proof
NavigationRuntimeNode.last_execution_activation_generation_,ExecutionTransactionBookkeeping,LEXICAL_TENTATIVE,UNRESOLVED,src/runtime/navigation_runtime/include/navigation_runtime/navigation_runtime_node.hpp:509,Cluster is not a field disposition or D_f proof
NavigationRuntimeNode.last_execution_activation_started_steady_ns_,ExecutionTransactionBookkeeping,LEXICAL_TENTATIVE,UNRESOLVED,src/runtime/navigation_runtime/include/navigation_runtime/navigation_runtime_node.hpp:510,Cluster is not a field disposition or D_f proof
NavigationRuntimeNode.last_execution_activation_finished_steady_ns_,ExecutionTransactionBookkeeping,LEXICAL_TENTATIVE,UNRESOLVED,src/runtime/navigation_runtime/include/navigation_runtime/navigation_runtime_node.hpp:511,Cluster is not a field disposition or D_f proof
NavigationRuntimeNode.last_execution_activation_result_,ExecutionTransactionBookkeeping,LEXICAL_TENTATIVE,UNRESOLVED,src/runtime/navigation_runtime/include/navigation_runtime/navigation_runtime_node.hpp:512,Cluster is not a field disposition or D_f proof
NavigationRuntimeNode.last_command_sampled_generation_,ExecutionTransactionBookkeeping,LEXICAL_TENTATIVE,UNRESOLVED,src/runtime/navigation_runtime/include/navigation_runtime/navigation_runtime_node.hpp:513,Cluster is not a field disposition or D_f proof
NavigationRuntimeNode.last_command_sampled_steady_ns_,ExecutionTransactionBookkeeping,LEXICAL_TENTATIVE,UNRESOLVED,src/runtime/navigation_runtime/include/navigation_runtime/navigation_runtime_node.hpp:514,Cluster is not a field disposition or D_f proof
NavigationRuntimeNode.last_command_sampled_result_,ExecutionTransactionBookkeeping,LEXICAL_TENTATIVE,UNRESOLVED,src/runtime/navigation_runtime/include/navigation_runtime/navigation_runtime_node.hpp:515,Cluster is not a field disposition or D_f proof
NavigationRuntimeNode.last_watchdog_generation_,ExecutionTransactionBookkeeping,LEXICAL_TENTATIVE,UNRESOLVED,src/runtime/navigation_runtime/include/navigation_runtime/navigation_runtime_node.hpp:518,Cluster is not a field disposition or D_f proof
NavigationRuntimeNode.last_watchdog_event_steady_ns_,ExecutionTransactionBookkeeping,LEXICAL_TENTATIVE,UNRESOLVED,src/runtime/navigation_runtime/include/navigation_runtime/navigation_runtime_node.hpp:519,Cluster is not a field disposition or D_f proof
NavigationRuntimeNode.command_id_,ActiveExecutionIdentity,LEXICAL_TENTATIVE,UNRESOLVED,src/runtime/navigation_runtime/include/navigation_runtime/navigation_runtime_node.hpp:523,Cluster is not a field disposition or D_f proof
NavigationRuntimeNode.execution_transaction_id_,ActiveExecutionIdentity,LEXICAL_TENTATIVE,UNRESOLVED,src/runtime/navigation_runtime/include/navigation_runtime/navigation_runtime_node.hpp:524,Cluster is not a field disposition or D_f proof
NavigationRuntimeNode.command_goal_epoch_,ActiveExecutionIdentity,LEXICAL_TENTATIVE,UNRESOLVED,src/runtime/navigation_runtime/include/navigation_runtime/navigation_runtime_node.hpp:525,Cluster is not a field disposition or D_f proof
NavigationRuntimeNode.accepting_observations_,RuntimeInfrastructure,LEXICAL_TENTATIVE,UNRESOLVED,src/runtime/navigation_runtime/include/navigation_runtime/navigation_runtime_node.hpp:526,Cluster is not a field disposition or D_f proof
NavigationRuntimeNode.retained_decision_accounting_,Diagnostics,LEXICAL_TENTATIVE,UNRESOLVED,src/runtime/navigation_runtime/include/navigation_runtime/navigation_runtime_node.hpp:534,Cluster is not a field disposition or D_f proof
NavigationRuntimeNode.planner_solve_generation_,WorkerBookkeeping,LEXICAL_TENTATIVE,UNRESOLVED,src/runtime/navigation_runtime/include/navigation_runtime/navigation_runtime_node.hpp:535,Cluster is not a field disposition or D_f proof
NavigationRuntimeNode.active_planner_solve_generation_,WorkerBookkeeping,LEXICAL_TENTATIVE,UNRESOLVED,src/runtime/navigation_runtime/include/navigation_runtime/navigation_runtime_node.hpp:536,Cluster is not a field disposition or D_f proof
NavigationRuntimeNode.timed_out_planner_solve_generation_,WorkerBookkeeping,LEXICAL_TENTATIVE,UNRESOLVED,src/runtime/navigation_runtime/include/navigation_runtime/navigation_runtime_node.hpp:537,Cluster is not a field disposition or D_f proof
NavigationRuntimeNode.planner_timeline_activation_generation_,WorkerBookkeeping,LEXICAL_TENTATIVE,UNRESOLVED,src/runtime/navigation_runtime/include/navigation_runtime/navigation_runtime_node.hpp:538,Cluster is not a field disposition or D_f proof
NavigationRuntimeNode.queued_planner_timeline_activations_,WorkerBookkeeping,LEXICAL_TENTATIVE,UNRESOLVED,src/runtime/navigation_runtime/include/navigation_runtime/navigation_runtime_node.hpp:540,Cluster is not a field disposition or D_f proof
NavigationRuntimeNode.planner_solve_started_steady_ns_,WorkerBookkeeping,LEXICAL_TENTATIVE,UNRESOLVED,src/runtime/navigation_runtime/include/navigation_runtime/navigation_runtime_node.hpp:542,Cluster is not a field disposition or D_f proof
NavigationRuntimeNode.trajectory_completion_witness_,TemporalStopConfirmation,LEXICAL_TENTATIVE,UNRESOLVED,src/runtime/navigation_runtime/include/navigation_runtime/navigation_runtime_node.hpp:554,Cluster is not a field disposition or D_f proof
NavigationRuntimeNode.trajectory_reaches_goal_,TemporalStopConfirmation,LEXICAL_TENTATIVE,UNRESOLVED,src/runtime/navigation_runtime/include/navigation_runtime/navigation_runtime_node.hpp:555,Cluster is not a field disposition or D_f proof
NavigationRuntimeNode.terminal_bundle_generation_,TemporalStopConfirmation,LEXICAL_TENTATIVE,UNRESOLVED,src/runtime/navigation_runtime/include/navigation_runtime/navigation_runtime_node.hpp:560,Cluster is not a field disposition or D_f proof
NavigationRuntimeNode.last_cycle_started_steady_ns_,WorkerBookkeeping,LEXICAL_TENTATIVE,UNRESOLVED,src/runtime/navigation_runtime/include/navigation_runtime/navigation_runtime_node.hpp:571,Cluster is not a field disposition or D_f proof
NavigationRuntimeNode.last_planning_timer_expected_steady_ns_,WorkerBookkeeping,LEXICAL_TENTATIVE,UNRESOLVED,src/runtime/navigation_runtime/include/navigation_runtime/navigation_runtime_node.hpp:574,Cluster is not a field disposition or D_f proof
NavigationRuntimeNode.last_planning_callback_start_steady_ns_,WorkerBookkeeping,LEXICAL_TENTATIVE,UNRESOLVED,src/runtime/navigation_runtime/include/navigation_runtime/navigation_runtime_node.hpp:575,Cluster is not a field disposition or D_f proof
NavigationRuntimeNode.observation_accounting_,Diagnostics,LEXICAL_TENTATIVE,UNRESOLVED,src/runtime/navigation_runtime/include/navigation_runtime/navigation_runtime_node.hpp:580,Cluster is not a field disposition or D_f proof
NavigationRuntimeNode.end_to_end_samples_ms_,Diagnostics,LEXICAL_TENTATIVE,UNRESOLVED,src/runtime/navigation_runtime/include/navigation_runtime/navigation_runtime_node.hpp:582,Cluster is not a field disposition or D_f proof
NavigationRuntimeNode.world_snapshot_store_,LatestWorld,LEXICAL_TENTATIVE,UNRESOLVED,src/runtime/navigation_runtime/include/navigation_runtime/navigation_runtime_node.hpp:584,Cluster is not a field disposition or D_f proof
NavigationRuntimeNode.command_bundle_store_,ActiveExecutionIdentity,LEXICAL_TENTATIVE,UNRESOLVED,src/runtime/navigation_runtime/include/navigation_runtime/navigation_runtime_node.hpp:585,Cluster is not a field disposition or D_f proof
NavigationRuntimeNode.command_sampler_,RuntimeInfrastructure,LEXICAL_TENTATIVE,UNRESOLVED,src/runtime/navigation_runtime/include/navigation_runtime/navigation_runtime_node.hpp:586,Cluster is not a field disposition or D_f proof
NavigationRuntimeNode.mapping_telemetry_,Diagnostics,LEXICAL_TENTATIVE,UNRESOLVED,src/runtime/navigation_runtime/include/navigation_runtime/navigation_runtime_node.hpp:587,Cluster is not a field disposition or D_f proof
NavigationRuntimeNode.mapping_lifecycle_observer_,LatestWorld,LEXICAL_TENTATIVE,UNRESOLVED,src/runtime/navigation_runtime/include/navigation_runtime/navigation_runtime_node.hpp:588,Cluster is not a field disposition or D_f proof
NavigationRuntimeNode.mapping_worker_,LatestWorld,LEXICAL_TENTATIVE,UNRESOLVED,src/runtime/navigation_runtime/include/navigation_runtime/navigation_runtime_node.hpp:589,Cluster is not a field disposition or D_f proof
NavigationRuntimeNode.planner_,WorkerBookkeeping,LEXICAL_TENTATIVE,UNRESOLVED,src/runtime/navigation_runtime/include/navigation_runtime/navigation_runtime_node.hpp:590,Cluster is not a field disposition or D_f proof
NavigationRuntimeNode.planning_worker_,WorkerBookkeeping,LEXICAL_TENTATIVE,UNRESOLVED,src/runtime/navigation_runtime/include/navigation_runtime/navigation_runtime_node.hpp:591,Cluster is not a field disposition or D_f proof
NavigationRuntimeNode.heading_rebind_worker_,WorkerBookkeeping,LEXICAL_TENTATIVE,UNRESOLVED,src/runtime/navigation_runtime/include/navigation_runtime/navigation_runtime_node.hpp:592,Cluster is not a field disposition or D_f proof
NavigationRuntimeNode.pending_heading_rebind_,WorkerBookkeeping,LEXICAL_TENTATIVE,UNRESOLVED,src/runtime/navigation_runtime/include/navigation_runtime/navigation_runtime_node.hpp:594,Cluster is not a field disposition or D_f proof
ExecutionEpisodeSnapshot.localization_epoch,LocalizationEpoch,SOURCE_REVIEWED,KEEP,src/runtime/navigation_runtime/include/navigation_runtime/execution_episode.hpp:42,Cluster is not a field disposition or D_f proof
ExecutionEpisodeSnapshot.goal_epoch,DesiredMissionIntent,SOURCE_REVIEWED,MOVE,src/runtime/navigation_runtime/include/navigation_runtime/execution_episode.hpp:46,Cluster is not a field disposition or D_f proof
ExecutionEpisodeSnapshot.request_id,DesiredMissionIntent,SOURCE_REVIEWED,MOVE,src/runtime/navigation_runtime/include/navigation_runtime/execution_episode.hpp:47,Cluster is not a field disposition or D_f proof
ExecutionEpisodeSnapshot.active_command_goal_epoch,ActiveExecutionIdentity,SOURCE_REVIEWED,UNRESOLVED,src/runtime/navigation_runtime/include/navigation_runtime/execution_episode.hpp:48,Cluster is not a field disposition or D_f proof
ExecutionEpisodeSnapshot.active_command_request_id,ActiveExecutionIdentity,SOURCE_REVIEWED,UNRESOLVED,src/runtime/navigation_runtime/include/navigation_runtime/execution_episode.hpp:49,Cluster is not a field disposition or D_f proof
ExecutionEpisodeSnapshot.active_generation,ActiveExecutionIdentity,SOURCE_REVIEWED,UNRESOLVED,src/runtime/navigation_runtime/include/navigation_runtime/execution_episode.hpp:50,Cluster is not a field disposition or D_f proof
ExecutionEpisodeSnapshot.phase,ExecutionSafetyDisposition,SOURCE_REVIEWED,UNRESOLVED,src/runtime/navigation_runtime/include/navigation_runtime/execution_episode.hpp:51,Cluster is not a field disposition or D_f proof
ExecutionEpisodeSnapshot.command_available,ExecutionSafetyDisposition,SOURCE_REVIEWED,UNRESOLVED,src/runtime/navigation_runtime/include/navigation_runtime/execution_episode.hpp:52,Cluster is not a field disposition or D_f proof
ExecutionEpisodeSnapshot.failure_latched,ExecutionSafetyDisposition,SOURCE_REVIEWED,UNRESOLVED,src/runtime/navigation_runtime/include/navigation_runtime/execution_episode.hpp:53,Cluster is not a field disposition or D_f proof
ExecutionEpisodeSnapshot.safety_suffix_active,ExecutionSafetyDisposition,SOURCE_REVIEWED,UNRESOLVED,src/runtime/navigation_runtime/include/navigation_runtime/execution_episode.hpp:54,Cluster is not a field disposition or D_f proof
ExecutionEpisodeSnapshot.restart_from_rest,ExecutionSafetyDisposition,SOURCE_REVIEWED,UNRESOLVED,src/runtime/navigation_runtime/include/navigation_runtime/execution_episode.hpp:55,Cluster is not a field disposition or D_f proof
ExecutionEpisodeSnapshot.recovery_state,ExecutionSafetyDisposition,SOURCE_REVIEWED,UNRESOLVED,src/runtime/navigation_runtime/include/navigation_runtime/execution_episode.hpp:60,Cluster is not a field disposition or D_f proof
ExecutionTimelineStore.active_goal_epoch_,ActiveExecutionIdentity,SOURCE_REVIEWED,UNRESOLVED,src/execution/navigation_execution/include/navigation_execution/committed_bundle_store.hpp:822,Cluster is not a field disposition or D_f proof
ExecutionTimelineStore.timeline_version_,ExecutionTransactionBookkeeping,SOURCE_REVIEWED,UNRESOLVED,src/execution/navigation_execution/include/navigation_execution/committed_bundle_store.hpp:823,Cluster is not a field disposition or D_f proof
ExecutionTimelineStore.active_lineage_version_,ActiveExecutionIdentity,SOURCE_REVIEWED,UNRESOLVED,src/execution/navigation_execution/include/navigation_execution/committed_bundle_store.hpp:824,Cluster is not a field disposition or D_f proof
ExecutionTimelineStore.last_transaction_id_,ExecutionTransactionBookkeeping,SOURCE_REVIEWED,UNRESOLVED,src/execution/navigation_execution/include/navigation_execution/committed_bundle_store.hpp:825,Cluster is not a field disposition or D_f proof
ExecutionTimelineStore.world_identity_,CertifiedWorldEvidence,SOURCE_REVIEWED,KEEP,src/execution/navigation_execution/include/navigation_execution/committed_bundle_store.hpp:826,Cluster is not a field disposition or D_f proof
ExecutionTimelineStore.committed_,ActiveExecutionIdentity,SOURCE_REVIEWED,KEEP,src/execution/navigation_execution/include/navigation_execution/committed_bundle_store.hpp:827,Cluster is not a field disposition or D_f proof
ExecutionTimelineStore.pending_,StagedExecution,SOURCE_REVIEWED,KEEP,src/execution/navigation_execution/include/navigation_execution/committed_bundle_store.hpp:828,Cluster is not a field disposition or D_f proof
ExecutionTimelineStore.pending_activation_ns_,StagedExecution,SOURCE_REVIEWED,KEEP,src/execution/navigation_execution/include/navigation_execution/committed_bundle_store.hpp:829,Cluster is not a field disposition or D_f proof
MissionController.mission_,DesiredMissionIntent,SOURCE_REVIEWED,UNRESOLVED,src/px4/px4_navigation_external_mode/include/px4_navigation_external_mode/mission_controller.hpp:110,Cluster is not a field disposition or D_f proof
MissionController.route_progress_,MeasuredRouteHistory,SOURCE_REVIEWED,UNRESOLVED,src/px4/px4_navigation_external_mode/include/px4_navigation_external_mode/mission_controller.hpp:111,Cluster is not a field disposition or D_f proof
MissionController.state_,MissionLifecycle,SOURCE_REVIEWED,UNRESOLVED,src/px4/px4_navigation_external_mode/include/px4_navigation_external_mode/mission_controller.hpp:113,Cluster is not a field disposition or D_f proof
MissionController.active_waypoint_index_,AcceptedMissionProgress,SOURCE_REVIEWED,KEEP,src/px4/px4_navigation_external_mode/include/px4_navigation_external_mode/mission_controller.hpp:114,Cluster is not a field disposition or D_f proof
MissionController.next_goal_time_s_,MissionLifecycle,SOURCE_REVIEWED,UNRESOLVED,src/px4/px4_navigation_external_mode/include/px4_navigation_external_mode/mission_controller.hpp:115,Cluster is not a field disposition or D_f proof
MissionController.hold_start_time_s_,TemporalStopConfirmation,SOURCE_REVIEWED,UNRESOLVED,src/px4/px4_navigation_external_mode/include/px4_navigation_external_mode/mission_controller.hpp:116,Cluster is not a field disposition or D_f proof
MissionController.request_id_,AcceptedMissionProgress,SOURCE_REVIEWED,UNRESOLVED,src/px4/px4_navigation_external_mode/include/px4_navigation_external_mode/mission_controller.hpp:117,Cluster is not a field disposition or D_f proof
MissionController.braking_start_time_s_,TemporalStopConfirmation,SOURCE_REVIEWED,UNRESOLVED,src/px4/px4_navigation_external_mode/include/px4_navigation_external_mode/mission_controller.hpp:118,Cluster is not a field disposition or D_f proof
MissionController.braking_end_time_s_,TemporalStopConfirmation,SOURCE_REVIEWED,UNRESOLVED,src/px4/px4_navigation_external_mode/include/px4_navigation_external_mode/mission_controller.hpp:119,Cluster is not a field disposition or D_f proof
MissionController.stopped_start_time_s_,TemporalStopConfirmation,SOURCE_REVIEWED,UNRESOLVED,src/px4/px4_navigation_external_mode/include/px4_navigation_external_mode/mission_controller.hpp:120,Cluster is not a field disposition or D_f proof
MissionController.arrival_start_time_s_,TemporalStopConfirmation,SOURCE_REVIEWED,UNRESOLVED,src/px4/px4_navigation_external_mode/include/px4_navigation_external_mode/mission_controller.hpp:121,Cluster is not a field disposition or D_f proof
MissionController.pending_position_control_,PX4ModeRequest,SOURCE_REVIEWED,UNRESOLVED,src/px4/px4_navigation_external_mode/include/px4_navigation_external_mode/mission_controller.hpp:122,Cluster is not a field disposition or D_f proof
MissionController.checkpoint_valid_,AcceptedMissionProgress,SOURCE_REVIEWED,UNRESOLVED,src/px4/px4_navigation_external_mode/include/px4_navigation_external_mode/mission_controller.hpp:123,Cluster is not a field disposition or D_f proof
MissionController.trajectory_ready_,SuccessorReadiness,SOURCE_REVIEWED,UNRESOLVED,src/px4/px4_navigation_external_mode/include/px4_navigation_external_mode/mission_controller.hpp:124,Cluster is not a field disposition or D_f proof
MissionController.terminal_hold_pending_,SuccessorReadiness,SOURCE_REVIEWED,UNRESOLVED,src/px4/px4_navigation_external_mode/include/px4_navigation_external_mode/mission_controller.hpp:125,Cluster is not a field disposition or D_f proof
MissionController.previous_position_,MeasuredRouteHistory,SOURCE_REVIEWED,KEEP,src/px4/px4_navigation_external_mode/include/px4_navigation_external_mode/mission_controller.hpp:126,Cluster is not a field disposition or D_f proof
MissionController.previous_position_time_s_,MeasuredRouteHistory,SOURCE_REVIEWED,KEEP,src/px4/px4_navigation_external_mode/include/px4_navigation_external_mode/mission_controller.hpp:127,Cluster is not a field disposition or D_f proof
NavigationMode.activation_time_,MissionLifecycle,LEXICAL_TENTATIVE,UNRESOLVED,src/px4/px4_navigation_external_mode/include/px4_navigation_external_mode/navigation_mode.hpp:136,Cluster is not a field disposition or D_f proof
NavigationMode.last_setpoint_time_,CommandLease,LEXICAL_TENTATIVE,UNRESOLVED,src/px4/px4_navigation_external_mode/include/px4_navigation_external_mode/navigation_mode.hpp:137,Cluster is not a field disposition or D_f proof
NavigationMode.stale_after_s_,TimingConfiguration,LEXICAL_TENTATIVE,UNRESOLVED,src/px4/px4_navigation_external_mode/include/px4_navigation_external_mode/navigation_mode.hpp:145,Cluster is not a field disposition or D_f proof
NavigationMode.state_stale_after_s_,TimingConfiguration,LEXICAL_TENTATIVE,UNRESOLVED,src/px4/px4_navigation_external_mode/include/px4_navigation_external_mode/navigation_mode.hpp:146,Cluster is not a field disposition or D_f proof
NavigationMode.trajectory_wait_timeout_s_,TimingConfiguration,LEXICAL_TENTATIVE,UNRESOLVED,src/px4/px4_navigation_external_mode/include/px4_navigation_external_mode/navigation_mode.hpp:147,Cluster is not a field disposition or D_f proof
NavigationMode.planner_recovery_wait_timeout_s_,ExecutionSafetyDisposition,LEXICAL_TENTATIVE,UNRESOLVED,src/px4/px4_navigation_external_mode/include/px4_navigation_external_mode/navigation_mode.hpp:148,Cluster is not a field disposition or D_f proof
NavigationMode.stale_after_ns_,TimingConfiguration,LEXICAL_TENTATIVE,UNRESOLVED,src/px4/px4_navigation_external_mode/include/px4_navigation_external_mode/navigation_mode.hpp:149,Cluster is not a field disposition or D_f proof
NavigationMode.state_stale_after_ns_,TimingConfiguration,LEXICAL_TENTATIVE,UNRESOLVED,src/px4/px4_navigation_external_mode/include/px4_navigation_external_mode/navigation_mode.hpp:150,Cluster is not a field disposition or D_f proof
NavigationMode.planner_recovery_wait_timeout_ns_,ExecutionSafetyDisposition,LEXICAL_TENTATIVE,UNRESOLVED,src/px4/px4_navigation_external_mode/include/px4_navigation_external_mode/navigation_mode.hpp:151,Cluster is not a field disposition or D_f proof
NavigationMode.odometry_,MeasuredStateHistory,LEXICAL_TENTATIVE,UNRESOLVED,src/px4/px4_navigation_external_mode/include/px4_navigation_external_mode/navigation_mode.hpp:152,Cluster is not a field disposition or D_f proof
NavigationMode.px4_local_position_ned_,PX4LocalStateFrame,LEXICAL_TENTATIVE,UNRESOLVED,src/px4/px4_navigation_external_mode/include/px4_navigation_external_mode/navigation_mode.hpp:153,Cluster is not a field disposition or D_f proof
NavigationMode.px4_local_velocity_ned_,PX4LocalStateFrame,LEXICAL_TENTATIVE,UNRESOLVED,src/px4/px4_navigation_external_mode/include/px4_navigation_external_mode/navigation_mode.hpp:154,Cluster is not a field disposition or D_f proof
NavigationMode.lio_to_px4_local_translation_ned_,PX4LocalStateFrame,LEXICAL_TENTATIVE,UNRESOLVED,src/px4/px4_navigation_external_mode/include/px4_navigation_external_mode/navigation_mode.hpp:155,Cluster is not a field disposition or D_f proof
NavigationMode.last_px4_local_position_receive_ns_,PX4LocalStateFrame,LEXICAL_TENTATIVE,UNRESOLVED,src/px4/px4_navigation_external_mode/include/px4_navigation_external_mode/navigation_mode.hpp:163,Cluster is not a field disposition or D_f proof
NavigationMode.last_px4_position_receive_steady_ns_,PX4LocalStateFrame,LEXICAL_TENTATIVE,UNRESOLVED,src/px4/px4_navigation_external_mode/include/px4_navigation_external_mode/navigation_mode.hpp:164,Cluster is not a field disposition or D_f proof
NavigationMode.last_px4_xy_valid_,PX4LocalStateFrame,LEXICAL_TENTATIVE,UNRESOLVED,src/px4/px4_navigation_external_mode/include/px4_navigation_external_mode/navigation_mode.hpp:165,Cluster is not a field disposition or D_f proof
NavigationMode.last_px4_z_valid_,PX4LocalStateFrame,LEXICAL_TENTATIVE,UNRESOLVED,src/px4/px4_navigation_external_mode/include/px4_navigation_external_mode/navigation_mode.hpp:166,Cluster is not a field disposition or D_f proof
NavigationMode.last_px4_vxy_valid_,PX4LocalStateFrame,LEXICAL_TENTATIVE,UNRESOLVED,src/px4/px4_navigation_external_mode/include/px4_navigation_external_mode/navigation_mode.hpp:167,Cluster is not a field disposition or D_f proof
NavigationMode.last_px4_vz_valid_,PX4LocalStateFrame,LEXICAL_TENTATIVE,UNRESOLVED,src/px4/px4_navigation_external_mode/include/px4_navigation_external_mode/navigation_mode.hpp:168,Cluster is not a field disposition or D_f proof
NavigationMode.last_px4_dead_reckoning_,PX4LocalStateFrame,LEXICAL_TENTATIVE,UNRESOLVED,src/px4/px4_navigation_external_mode/include/px4_navigation_external_mode/navigation_mode.hpp:169,Cluster is not a field disposition or D_f proof
NavigationMode.last_px4_heading_good_for_control_,PX4LocalStateFrame,LEXICAL_TENTATIVE,UNRESOLVED,src/px4/px4_navigation_external_mode/include/px4_navigation_external_mode/navigation_mode.hpp:170,Cluster is not a field disposition or D_f proof
NavigationMode.last_px4_heading_valid_,PX4LocalStateFrame,LEXICAL_TENTATIVE,UNRESOLVED,src/px4/px4_navigation_external_mode/include/px4_navigation_external_mode/navigation_mode.hpp:171,Cluster is not a field disposition or D_f proof
NavigationMode.last_px4_heading_ned_,PX4LocalStateFrame,LEXICAL_TENTATIVE,UNRESOLVED,src/px4/px4_navigation_external_mode/include/px4_navigation_external_mode/navigation_mode.hpp:172,Cluster is not a field disposition or D_f proof
NavigationMode.last_px4_heading_variance_rad2_,PX4LocalStateFrame,LEXICAL_TENTATIVE,UNRESOLVED,src/px4/px4_navigation_external_mode/include/px4_navigation_external_mode/navigation_mode.hpp:173,Cluster is not a field disposition or D_f proof
NavigationMode.last_px4_delta_xy_north_m_,PX4LocalStateFrame,LEXICAL_TENTATIVE,UNRESOLVED,src/px4/px4_navigation_external_mode/include/px4_navigation_external_mode/navigation_mode.hpp:174,Cluster is not a field disposition or D_f proof
NavigationMode.last_px4_delta_xy_east_m_,PX4LocalStateFrame,LEXICAL_TENTATIVE,UNRESOLVED,src/px4/px4_navigation_external_mode/include/px4_navigation_external_mode/navigation_mode.hpp:175,Cluster is not a field disposition or D_f proof
NavigationMode.last_px4_delta_z_m_,PX4LocalStateFrame,LEXICAL_TENTATIVE,UNRESOLVED,src/px4/px4_navigation_external_mode/include/px4_navigation_external_mode/navigation_mode.hpp:176,Cluster is not a field disposition or D_f proof
NavigationMode.last_px4_delta_heading_rad_,PX4LocalStateFrame,LEXICAL_TENTATIVE,UNRESOLVED,src/px4/px4_navigation_external_mode/include/px4_navigation_external_mode/navigation_mode.hpp:177,Cluster is not a field disposition or D_f proof
NavigationMode.last_px4_local_position_receive_steady_ns_,PX4LocalStateFrame,LEXICAL_TENTATIVE,UNRESOLVED,src/px4/px4_navigation_external_mode/include/px4_navigation_external_mode/navigation_mode.hpp:178,Cluster is not a field disposition or D_f proof
NavigationMode.px4_local_frame_aligned_,PX4LocalStateFrame,LEXICAL_TENTATIVE,KEEP,src/px4/px4_navigation_external_mode/include/px4_navigation_external_mode/navigation_mode.hpp:179,Cluster is not a field disposition or D_f proof
NavigationMode.navigation_command_,CommandLease,LEXICAL_TENTATIVE,KEEP,src/px4/px4_navigation_external_mode/include/px4_navigation_external_mode/navigation_mode.hpp:180,Cluster is not a field disposition or D_f proof
NavigationMode.lio_health_valid_,LocalizationHealth,LEXICAL_TENTATIVE,UNRESOLVED,src/px4/px4_navigation_external_mode/include/px4_navigation_external_mode/navigation_mode.hpp:181,Cluster is not a field disposition or D_f proof
NavigationMode.typed_health_seen_,LocalizationHealth,LEXICAL_TENTATIVE,UNRESOLVED,src/px4/px4_navigation_external_mode/include/px4_navigation_external_mode/navigation_mode.hpp:182,Cluster is not a field disposition or D_f proof
NavigationMode.last_health_state_,LocalizationHealth,LEXICAL_TENTATIVE,UNRESOLVED,src/px4/px4_navigation_external_mode/include/px4_navigation_external_mode/navigation_mode.hpp:183,Cluster is not a field disposition or D_f proof
NavigationMode.last_health_navigation_valid_,LocalizationHealth,LEXICAL_TENTATIVE,UNRESOLVED,src/px4/px4_navigation_external_mode/include/px4_navigation_external_mode/navigation_mode.hpp:184,Cluster is not a field disposition or D_f proof
NavigationMode.last_health_covariance_valid_,LocalizationHealth,LEXICAL_TENTATIVE,UNRESOLVED,src/px4/px4_navigation_external_mode/include/px4_navigation_external_mode/navigation_mode.hpp:185,Cluster is not a field disposition or D_f proof
NavigationMode.last_health_observability_valid_,LocalizationHealth,LEXICAL_TENTATIVE,UNRESOLVED,src/px4/px4_navigation_external_mode/include/px4_navigation_external_mode/navigation_mode.hpp:186,Cluster is not a field disposition or D_f proof
NavigationMode.last_health_correction_fresh_,LocalizationHealth,LEXICAL_TENTATIVE,UNRESOLVED,src/px4/px4_navigation_external_mode/include/px4_navigation_external_mode/navigation_mode.hpp:187,Cluster is not a field disposition or D_f proof
NavigationMode.last_health_propagation_valid_,LocalizationHealth,LEXICAL_TENTATIVE,UNRESOLVED,src/px4/px4_navigation_external_mode/include/px4_navigation_external_mode/navigation_mode.hpp:188,Cluster is not a field disposition or D_f proof
NavigationMode.lio_localization_epoch_,LocalizationEpoch,LEXICAL_TENTATIVE,KEEP,src/px4/px4_navigation_external_mode/include/px4_navigation_external_mode/navigation_mode.hpp:189,Cluster is not a field disposition or D_f proof
NavigationMode.last_propagated_state_stamp_ns_,LocalizationHealth,LEXICAL_TENTATIVE,UNRESOLVED,src/px4/px4_navigation_external_mode/include/px4_navigation_external_mode/navigation_mode.hpp:190,Cluster is not a field disposition or D_f proof
NavigationMode.last_propagated_state_sequence_,LocalizationHealth,LEXICAL_TENTATIVE,UNRESOLVED,src/px4/px4_navigation_external_mode/include/px4_navigation_external_mode/navigation_mode.hpp:191,Cluster is not a field disposition or D_f proof
NavigationMode.last_lio_diagnostics_ns_,LocalizationHealth,LEXICAL_TENTATIVE,UNRESOLVED,src/px4/px4_navigation_external_mode/include/px4_navigation_external_mode/navigation_mode.hpp:192,Cluster is not a field disposition or D_f proof
NavigationMode.last_health_source_stamp_ns_,LocalizationHealth,LEXICAL_TENTATIVE,UNRESOLVED,src/px4/px4_navigation_external_mode/include/px4_navigation_external_mode/navigation_mode.hpp:193,Cluster is not a field disposition or D_f proof
NavigationMode.last_health_correction_stamp_ns_,LocalizationHealth,LEXICAL_TENTATIVE,UNRESOLVED,src/px4/px4_navigation_external_mode/include/px4_navigation_external_mode/navigation_mode.hpp:194,Cluster is not a field disposition or D_f proof
NavigationMode.last_health_propagated_stamp_ns_,LocalizationHealth,LEXICAL_TENTATIVE,UNRESOLVED,src/px4/px4_navigation_external_mode/include/px4_navigation_external_mode/navigation_mode.hpp:195,Cluster is not a field disposition or D_f proof
NavigationMode.last_health_receive_steady_ns_,LocalizationHealth,LEXICAL_TENTATIVE,UNRESOLVED,src/px4/px4_navigation_external_mode/include/px4_navigation_external_mode/navigation_mode.hpp:196,Cluster is not a field disposition or D_f proof
NavigationMode.mission_,DesiredMissionIntent,LEXICAL_TENTATIVE,UNRESOLVED,src/px4/px4_navigation_external_mode/include/px4_navigation_external_mode/navigation_mode.hpp:197,Cluster is not a field disposition or D_f proof
NavigationMode.mission_controller_,DesiredMissionIntent,LEXICAL_TENTATIVE,UNRESOLVED,src/px4/px4_navigation_external_mode/include/px4_navigation_external_mode/navigation_mode.hpp:198,Cluster is not a field disposition or D_f proof
NavigationMode.failure_reported_,PX4BoundaryLifecycle,LEXICAL_TENTATIVE,UNRESOLVED,src/px4/px4_navigation_external_mode/include/px4_navigation_external_mode/navigation_mode.hpp:200,Cluster is not a field disposition or D_f proof
NavigationMode.mode_active_,PX4BoundaryLifecycle,LEXICAL_TENTATIVE,UNRESOLVED,src/px4/px4_navigation_external_mode/include/px4_navigation_external_mode/navigation_mode.hpp:201,Cluster is not a field disposition or D_f proof
NavigationMode.mission_terminal_,AcceptedMissionProgress,LEXICAL_TENTATIVE,UNRESOLVED,src/px4/px4_navigation_external_mode/include/px4_navigation_external_mode/navigation_mode.hpp:202,Cluster is not a field disposition or D_f proof
NavigationMode.handover_requested_,PX4BoundaryLifecycle,LEXICAL_TENTATIVE,UNRESOLVED,src/px4/px4_navigation_external_mode/include/px4_navigation_external_mode/navigation_mode.hpp:203,Cluster is not a field disposition or D_f proof
NavigationMode.planner_recovery_pending_,ExecutionSafetyDisposition,LEXICAL_TENTATIVE,UNRESOLVED,src/px4/px4_navigation_external_mode/include/px4_navigation_external_mode/navigation_mode.hpp:204,Cluster is not a field disposition or D_f proof
NavigationMode.planner_recovery_deadline_ns_,ExecutionSafetyDisposition,LEXICAL_TENTATIVE,UNRESOLVED,src/px4/px4_navigation_external_mode/include/px4_navigation_external_mode/navigation_mode.hpp:205,Cluster is not a field disposition or D_f proof
NavigationMode.planner_recovery_mission_id_,ExecutionSafetyDisposition,LEXICAL_TENTATIVE,UNRESOLVED,src/px4/px4_navigation_external_mode/include/px4_navigation_external_mode/navigation_mode.hpp:206,Cluster is not a field disposition or D_f proof
NavigationMode.planner_recovery_waypoint_index_,ExecutionSafetyDisposition,LEXICAL_TENTATIVE,UNRESOLVED,src/px4/px4_navigation_external_mode/include/px4_navigation_external_mode/navigation_mode.hpp:207,Cluster is not a field disposition or D_f proof
NavigationMode.planner_recovery_request_id_,ExecutionSafetyDisposition,LEXICAL_TENTATIVE,UNRESOLVED,src/px4/px4_navigation_external_mode/include/px4_navigation_external_mode/navigation_mode.hpp:208,Cluster is not a field disposition or D_f proof
NavigationMode.planner_recovery_bundle_generation_,ExecutionSafetyDisposition,LEXICAL_TENTATIVE,UNRESOLVED,src/px4/px4_navigation_external_mode/include/px4_navigation_external_mode/navigation_mode.hpp:209,Cluster is not a field disposition or D_f proof
NavigationMode.safety_suffix_handoff_pending_,ExecutionSafetyDisposition,LEXICAL_TENTATIVE,UNRESOLVED,src/px4/px4_navigation_external_mode/include/px4_navigation_external_mode/navigation_mode.hpp:214,Cluster is not a field disposition or D_f proof
NavigationMode.safety_suffix_waypoint_index_,ExecutionSafetyDisposition,LEXICAL_TENTATIVE,UNRESOLVED,src/px4/px4_navigation_external_mode/include/px4_navigation_external_mode/navigation_mode.hpp:215,Cluster is not a field disposition or D_f proof
NavigationMode.safety_suffix_request_id_,ExecutionSafetyDisposition,LEXICAL_TENTATIVE,UNRESOLVED,src/px4/px4_navigation_external_mode/include/px4_navigation_external_mode/navigation_mode.hpp:216,Cluster is not a field disposition or D_f proof
NavigationMode.last_completed_waypoint_index_,AcceptedMissionProgress,LEXICAL_TENTATIVE,UNRESOLVED,src/px4/px4_navigation_external_mode/include/px4_navigation_external_mode/navigation_mode.hpp:217,Cluster is not a field disposition or D_f proof
NavigationMode.last_completed_request_id_,AcceptedMissionProgress,LEXICAL_TENTATIVE,UNRESOLVED,src/px4/px4_navigation_external_mode/include/px4_navigation_external_mode/navigation_mode.hpp:218,Cluster is not a field disposition or D_f proof
NavigationMode.completion_position_,AcceptedMissionProgress,LEXICAL_TENTATIVE,UNRESOLVED,src/px4/px4_navigation_external_mode/include/px4_navigation_external_mode/navigation_mode.hpp:219,Cluster is not a field disposition or D_f proof
NavigationMode.safety_hold_position_,ExecutionSafetyDisposition,LEXICAL_TENTATIVE,UNRESOLVED,src/px4/px4_navigation_external_mode/include/px4_navigation_external_mode/navigation_mode.hpp:220,Cluster is not a field disposition or D_f proof
NavigationMode.mission_complete_published_,AcceptedMissionProgress,LEXICAL_TENTATIVE,UNRESOLVED,src/px4/px4_navigation_external_mode/include/px4_navigation_external_mode/navigation_mode.hpp:221,Cluster is not a field disposition or D_f proof
NavigationMode.last_status_state_,PX4BoundaryLifecycle,LEXICAL_TENTATIVE,UNRESOLVED,src/px4/px4_navigation_external_mode/include/px4_navigation_external_mode/navigation_mode.hpp:222,Cluster is not a field disposition or D_f proof
NavigationMode.last_odometry_receive_ns_,MeasuredStateHistory,LEXICAL_TENTATIVE,UNRESOLVED,src/px4/px4_navigation_external_mode/include/px4_navigation_external_mode/navigation_mode.hpp:230,Cluster is not a field disposition or D_f proof
NavigationMode.last_odometry_receive_steady_ns_,MeasuredStateHistory,LEXICAL_TENTATIVE,UNRESOLVED,src/px4/px4_navigation_external_mode/include/px4_navigation_external_mode/navigation_mode.hpp:231,Cluster is not a field disposition or D_f proof
NavigationMode.last_goal_publish_ns_,MissionLifecycle,LEXICAL_TENTATIVE,UNRESOLVED,src/px4/px4_navigation_external_mode/include/px4_navigation_external_mode/navigation_mode.hpp:233,Cluster is not a field disposition or D_f proof
NavigationMode.last_command_receive_ns_,CommandLease,LEXICAL_TENTATIVE,UNRESOLVED,src/px4/px4_navigation_external_mode/include/px4_navigation_external_mode/navigation_mode.hpp:234,Cluster is not a field disposition or D_f proof
NavigationMode.last_setpoint_update_ns_,CommandLease,LEXICAL_TENTATIVE,UNRESOLVED,src/px4/px4_navigation_external_mode/include/px4_navigation_external_mode/navigation_mode.hpp:236,Cluster is not a field disposition or D_f proof
NavigationMode.last_state_age_s_,LocalizationHealth,LEXICAL_TENTATIVE,UNRESOLVED,src/px4/px4_navigation_external_mode/include/px4_navigation_external_mode/navigation_mode.hpp:240,Cluster is not a field disposition or D_f proof
NavigationMode.last_velocity_command_enu_,CommandLease,LEXICAL_TENTATIVE,UNRESOLVED,src/px4/px4_navigation_external_mode/include/px4_navigation_external_mode/navigation_mode.hpp:241,Cluster is not a field disposition or D_f proof
NavigationMode.alignment_latch_generation_,LocalizationEpoch,LEXICAL_TENTATIVE,UNRESOLVED,src/px4/px4_navigation_external_mode/include/px4_navigation_external_mode/navigation_mode.hpp:256,Cluster is not a field disposition or D_f proof
NavigationMode.velocity_only_previous_,PX4BoundaryBookkeeping,LEXICAL_TENTATIVE,UNRESOLVED,src/px4/px4_navigation_external_mode/include/px4_navigation_external_mode/navigation_mode.hpp:257,Cluster is not a field disposition or D_f proof
NavigationModeExecutor.px4_hold_confirmed_,PX4VehicleStatus,SOURCE_REVIEWED,KEEP,src/px4/px4_navigation_external_mode/include/px4_navigation_external_mode/navigation_mode.hpp:285,Cluster is not a field disposition or D_f proof
NavigationModeExecutor.hold_handover_pending_,PX4ModeRequest,SOURCE_REVIEWED,UNRESOLVED,src/px4/px4_navigation_external_mode/include/px4_navigation_external_mode/navigation_mode.hpp:286,Cluster is not a field disposition or D_f proof
NavigationModeExecutor.hold_handover_in_flight_,PX4ModeRequest,SOURCE_REVIEWED,KEEP,src/px4/px4_navigation_external_mode/include/px4_navigation_external_mode/navigation_mode.hpp:287,Cluster is not a field disposition or D_f proof
NavigationModeExecutor.hold_handover_complete_navigation_failure_,PX4TransferContext,SOURCE_REVIEWED,UNRESOLVED,src/px4/px4_navigation_external_mode/include/px4_navigation_external_mode/navigation_mode.hpp:288,Cluster is not a field disposition or D_f proof
NavigationModeExecutor.hold_handover_next_retry_steady_ns_,PX4RetryDeadline,SOURCE_REVIEWED,KEEP,src/px4/px4_navigation_external_mode/include/px4_navigation_external_mode/navigation_mode.hpp:290,Cluster is not a field disposition or D_f proof
PlanningWorker.pending_,WorkerBookkeeping,LEXICAL_TENTATIVE,UNRESOLVED,src/runtime/navigation_runtime/include/navigation_runtime/planning_worker.hpp:342,Cluster is not a field disposition or D_f proof
PlanningWorker.active_,WorkerBookkeeping,LEXICAL_TENTATIVE,UNRESOLVED,src/runtime/navigation_runtime/include/navigation_runtime/planning_worker.hpp:343,Cluster is not a field disposition or D_f proof
PlanningWorker.snapshot_,WorkerBookkeeping,LEXICAL_TENTATIVE,UNRESOLVED,src/runtime/navigation_runtime/include/navigation_runtime/planning_worker.hpp:344,Cluster is not a field disposition or D_f proof
PlanningWorker.accepting_,WorkerBookkeeping,LEXICAL_TENTATIVE,UNRESOLVED,src/runtime/navigation_runtime/include/navigation_runtime/planning_worker.hpp:345,Cluster is not a field disposition or D_f proof
PlanningWorker.started_,WorkerBookkeeping,LEXICAL_TENTATIVE,UNRESOLVED,src/runtime/navigation_runtime/include/navigation_runtime/planning_worker.hpp:346,Cluster is not a field disposition or D_f proof
PlanningWorker.fatal_,WorkerBookkeeping,LEXICAL_TENTATIVE,UNRESOLVED,src/runtime/navigation_runtime/include/navigation_runtime/planning_worker.hpp:347,Cluster is not a field disposition or D_f proof
PlanningWorker.shutdown_started_,WorkerBookkeeping,LEXICAL_TENTATIVE,UNRESOLVED,src/runtime/navigation_runtime/include/navigation_runtime/planning_worker.hpp:348,Cluster is not a field disposition or D_f proof
PlanningWorker.joined_,WorkerBookkeeping,LEXICAL_TENTATIVE,UNRESOLVED,src/runtime/navigation_runtime/include/navigation_runtime/planning_worker.hpp:349,Cluster is not a field disposition or D_f proof
PlanningWorker.failure_,WorkerBookkeeping,LEXICAL_TENTATIVE,UNRESOLVED,src/runtime/navigation_runtime/include/navigation_runtime/planning_worker.hpp:350,Cluster is not a field disposition or D_f proof
PendingGoalHandoffOwner.pending_goal_,DesiredMissionIntent,LEXICAL_TENTATIVE,MOVE,src/runtime/navigation_runtime/include/navigation_runtime/planner_fsm.hpp:90,Cluster is not a field disposition or D_f proof
WorldSnapshotStore.latest_,LatestWorld,LEXICAL_TENTATIVE,KEEP,src/mapping/navigation_mapping/include/navigation_mapping/world_snapshot_store.hpp:177,Cluster is not a field disposition or D_f proof
RouteProgress.waypoints_,RouteGeometry,SOURCE_REVIEWED,UNRESOLVED,src/contracts/navigation_mission/include/navigation_mission/route_progress.hpp:150,Cluster is not a field disposition or D_f proof
RouteProgress.segments_,RouteGeometry,SOURCE_REVIEWED,UNRESOLVED,src/contracts/navigation_mission/include/navigation_mission/route_progress.hpp:151,Cluster is not a field disposition or D_f proof
RouteProgress.waypoint_arc_lengths_,RouteGeometry,SOURCE_REVIEWED,UNRESOLVED,src/contracts/navigation_mission/include/navigation_mission/route_progress.hpp:152,Cluster is not a field disposition or D_f proof
RouteProgress.config_,RouteGeometry,SOURCE_REVIEWED,UNRESOLVED,src/contracts/navigation_mission/include/navigation_mission/route_progress.hpp:153,Cluster is not a field disposition or D_f proof
RouteProgress.state_,MeasuredRouteHistory,SOURCE_REVIEWED,KEEP,src/contracts/navigation_mission/include/navigation_mission/route_progress.hpp:154,Cluster is not a field disposition or D_f proof
RouteProgress.total_length_m_,RouteGeometry,SOURCE_REVIEWED,UNRESOLVED,src/contracts/navigation_mission/include/navigation_mission/route_progress.hpp:155,Cluster is not a field disposition or D_f proof
ExecutionStateStore.active_epoch_,MeasuredStateHistory,LEXICAL_TENTATIVE,KEEP,src/execution/navigation_execution/include/navigation_execution/execution_state_store.hpp:45,Cluster is not a field disposition or D_f proof
ExecutionStateStore.next_ingress_sequence_,MeasuredStateHistory,LEXICAL_TENTATIVE,UNRESOLVED,src/execution/navigation_execution/include/navigation_execution/execution_state_store.hpp:46,Cluster is not a field disposition or D_f proof
ExecutionStateStore.state_,MeasuredStateHistory,LEXICAL_TENTATIVE,KEEP,src/execution/navigation_execution/include/navigation_execution/execution_state_store.hpp:47,Cluster is not a field disposition or D_f proof
KinematicDerivativeEstimator.have_velocity_,MeasuredStateHistory,LEXICAL_TENTATIVE,UNRESOLVED,src/runtime/navigation_runtime/include/navigation_runtime/kinematic_derivative_estimator.hpp:86,Cluster is not a field disposition or D_f proof
KinematicDerivativeEstimator.have_acceleration_,MeasuredStateHistory,LEXICAL_TENTATIVE,UNRESOLVED,src/runtime/navigation_runtime/include/navigation_runtime/kinematic_derivative_estimator.hpp:87,Cluster is not a field disposition or D_f proof
KinematicDerivativeEstimator.previous_stamp_ns_,MeasuredStateHistory,LEXICAL_TENTATIVE,KEEP,src/runtime/navigation_runtime/include/navigation_runtime/kinematic_derivative_estimator.hpp:88,Cluster is not a field disposition or D_f proof
KinematicDerivativeEstimator.previous_epoch_,MeasuredStateHistory,LEXICAL_TENTATIVE,UNRESOLVED,src/runtime/navigation_runtime/include/navigation_runtime/kinematic_derivative_estimator.hpp:89,Cluster is not a field disposition or D_f proof
KinematicDerivativeEstimator.previous_velocity_,MeasuredStateHistory,LEXICAL_TENTATIVE,UNRESOLVED,src/runtime/navigation_runtime/include/navigation_runtime/kinematic_derivative_estimator.hpp:90,Cluster is not a field disposition or D_f proof
KinematicDerivativeEstimator.previous_acceleration_,MeasuredStateHistory,LEXICAL_TENTATIVE,UNRESOLVED,src/runtime/navigation_runtime/include/navigation_runtime/kinematic_derivative_estimator.hpp:91,Cluster is not a field disposition or D_f proof
HeadingRebindWorker.pending_,WorkerBookkeeping,LEXICAL_TENTATIVE,UNRESOLVED,src/runtime/navigation_runtime/include/navigation_runtime/heading_rebind_worker.hpp:116,Cluster is not a field disposition or D_f proof
HeadingRebindWorker.snapshot_,WorkerBookkeeping,LEXICAL_TENTATIVE,UNRESOLVED,src/runtime/navigation_runtime/include/navigation_runtime/heading_rebind_worker.hpp:117,Cluster is not a field disposition or D_f proof
HeadingRebindWorker.started_,WorkerBookkeeping,LEXICAL_TENTATIVE,UNRESOLVED,src/runtime/navigation_runtime/include/navigation_runtime/heading_rebind_worker.hpp:118,Cluster is not a field disposition or D_f proof
HeadingRebindWorker.stopping_,WorkerBookkeeping,LEXICAL_TENTATIVE,UNRESOLVED,src/runtime/navigation_runtime/include/navigation_runtime/heading_rebind_worker.hpp:119,Cluster is not a field disposition or D_f proof
HeadingRebindWorker.joined_,WorkerBookkeeping,LEXICAL_TENTATIVE,UNRESOLVED,src/runtime/navigation_runtime/include/navigation_runtime/heading_rebind_worker.hpp:120,Cluster is not a field disposition or D_f proof
BaselineRefinementOpportunity.owner_,QualityReceipt,LEXICAL_TENTATIVE,UNRESOLVED,src/runtime/navigation_runtime/include/navigation_runtime/baseline_refinement.hpp:101,Cluster is not a field disposition or D_f proof
BaselineRefinementOpportunity.generation_,QualityReceipt,LEXICAL_TENTATIVE,UNRESOLVED,src/runtime/navigation_runtime/include/navigation_runtime/baseline_refinement.hpp:102,Cluster is not a field disposition or D_f proof
MappingWorker.ready_,WorkerBookkeeping,LEXICAL_TENTATIVE,KEEP,src/mapping/navigation_mapping/include/navigation_mapping/mapping_worker.hpp:283,Cluster is not a field disposition or D_f proof
MappingWorker.accepting_,WorkerBookkeeping,LEXICAL_TENTATIVE,UNRESOLVED,src/mapping/navigation_mapping/include/navigation_mapping/mapping_worker.hpp:284,Cluster is not a field disposition or D_f proof
MappingWorker.started_,WorkerBookkeeping,LEXICAL_TENTATIVE,UNRESOLVED,src/mapping/navigation_mapping/include/navigation_mapping/mapping_worker.hpp:285,Cluster is not a field disposition or D_f proof
MappingWorker.fatal_,WorkerBookkeeping,LEXICAL_TENTATIVE,UNRESOLVED,src/mapping/navigation_mapping/include/navigation_mapping/mapping_worker.hpp:286,Cluster is not a field disposition or D_f proof
MappingWorker.shutdown_started_,WorkerBookkeeping,LEXICAL_TENTATIVE,UNRESOLVED,src/mapping/navigation_mapping/include/navigation_mapping/mapping_worker.hpp:287,Cluster is not a field disposition or D_f proof
MappingWorker.joined_,WorkerBookkeeping,LEXICAL_TENTATIVE,UNRESOLVED,src/mapping/navigation_mapping/include/navigation_mapping/mapping_worker.hpp:288,Cluster is not a field disposition or D_f proof
MappingWorker.resetting_,WorkerBookkeeping,LEXICAL_TENTATIVE,UNRESOLVED,src/mapping/navigation_mapping/include/navigation_mapping/mapping_worker.hpp:289,Cluster is not a field disposition or D_f proof
MappingWorker.in_flight_,WorkerBookkeeping,LEXICAL_TENTATIVE,UNRESOLVED,src/mapping/navigation_mapping/include/navigation_mapping/mapping_worker.hpp:290,Cluster is not a field disposition or D_f proof
MappingWorker.failure_,WorkerBookkeeping,LEXICAL_TENTATIVE,UNRESOLVED,src/mapping/navigation_mapping/include/navigation_mapping/mapping_worker.hpp:291,Cluster is not a field disposition or D_f proof
MappingWorker.highest_admitted_key_,WorkerBookkeeping,LEXICAL_TENTATIVE,UNRESOLVED,src/mapping/navigation_mapping/include/navigation_mapping/mapping_worker.hpp:292,Cluster is not a field disposition or D_f proof
