bag_timestamp_ns,timestamp_us,timestamp_ns,position_ned,velocity_ned,acceleration_ned,jerk_ned,yaw,yawspeed
1788526815441677767,0,0,"nan,nan,nan","nan,nan,nan","nan,nan,nan","nan,nan,nan",1.5719294548034668,0.0
1788526815461964646,0,0,"nan,nan,nan","nan,nan,nan","nan,nan,nan","nan,nan,nan",1.5719395875930786,0.0
1788526815481811293,0,0,"nan,nan,nan","nan,nan,nan","nan,nan,nan","nan,nan,nan",1.5719501972198486,0.0
1788526815501911736,0,0,"nan,nan,nan","nan,nan,nan","nan,nan,nan","nan,nan,nan",1.5719501972198486,0.0
1788526815521828458,0,0,"nan,nan,nan","nan,nan,nan","nan,nan,nan","nan,nan,nan",1.5720137357711792,0.0
1788526815541876295,0,0,"nan,nan,nan","nan,nan,nan","nan,nan,nan","nan,nan,nan",1.572015643119812,0.0
1788526815561862249,0,0,"nan,nan,nan","nan,nan,nan","nan,nan,nan","nan,nan,nan",1.5720183849334717,0.0
1788526815581841959,0,0,"nan,nan,nan","nan,nan,nan","nan,nan,nan","nan,nan,nan",1.5720205307006836,0.0
1788526815601923478,0,0,"nan,nan,nan","nan,nan,nan","nan,nan,nan","nan,nan,nan",1.5720205307006836,0.0
1788526815621868711,0,0,"nan,nan,nan","nan,nan,nan","nan,nan,nan","nan,nan,nan",1.5720373392105103,0.0
1788526815641875366,0,0,"nan,nan,nan","nan,nan,nan","nan,nan,nan","nan,nan,nan",1.5720458030700684,0.0
1788526815661964162,0,0,"nan,nan,nan","nan,nan,nan","nan,nan,nan","nan,nan,nan",1.5720337629318237,0.0
1788526830516510737,0,0,"nan,nan,nan","nan,nan,nan","nan,nan,nan","nan,nan,nan",1.5720486640930176,0.0
1788526830536731642,0,0,"nan,nan,nan","nan,nan,nan","nan,nan,nan","nan,nan,nan",1.5720487833023071,0.0
1788526830556660760,0,0,"nan,nan,nan","nan,nan,nan","nan,nan,nan","nan,nan,nan",1.572040319442749,0.0
1788526830576689500,0,0,"nan,nan,nan","nan,nan,nan","nan,nan,nan","nan,nan,nan",1.572040319442749,0.0
1788526830596741103,0,0,"nan,nan,nan","nan,nan,nan","nan,nan,nan","nan,nan,nan",1.5720261335372925,0.0
1788526830616772451,0,0,"nan,nan,nan","nan,nan,nan","nan,nan,nan","nan,nan,nan",1.5720375776290894,0.0
1788526830636744282,0,0,"nan,nan,nan","nan,nan,nan","nan,nan,nan","nan,nan,nan",1.5722808837890625,0.0
1788526830656715926,0,0,"nan,nan,nan","nan,nan,nan","nan,nan,nan","nan,nan,nan",1.5722954273223877,0.0
1788526830676705550,0,0,"nan,nan,nan","nan,nan,nan","nan,nan,nan","nan,nan,nan",1.5722954273223877,0.0
1788526830696668046,0,0,"nan,nan,nan","nan,nan,nan","nan,nan,nan","nan,nan,nan",1.5722954273223877,-0.0
1788526830716688510,0,0,"nan,nan,nan","nan,nan,nan","nan,nan,nan","nan,nan,nan",1.5722954273223877,-0.0
1788526830736688314,0,0,"nan,nan,nan","nan,nan,nan","nan,nan,nan","nan,nan,nan",1.5722954273223877,-0.0
1788526830756658391,0,0,"nan,nan,nan","nan,nan,nan","nan,nan,nan","nan,nan,nan",1.5722954273223877,-0.0
1788526830776695527,0,0,"nan,nan,nan","nan,nan,nan","nan,nan,nan","nan,nan,nan",1.5722954273223877,-0.0
1788526830796702297,0,0,"nan,nan,nan","nan,nan,nan","nan,nan,nan","nan,nan,nan",1.5722954273223877,-0.0
1788526830816715157,0,0,"nan,nan,nan","nan,nan,nan","nan,nan,nan","nan,nan,nan",1.5722954273223877,-0.0
1788526830836680478,0,0,"nan,nan,nan","nan,nan,nan","nan,nan,nan","nan,nan,nan",1.5722954273223877,-0.0
1788526830856664708,0,0,"nan,nan,nan","nan,nan,nan","nan,nan,nan","nan,nan,nan",1.5722954273223877,-0.0
1788526830876701544,0,0,"nan,nan,nan","nan,nan,nan","nan,nan,nan","nan,nan,nan",1.5722954273223877,-0.0
1788526830896799284,0,0,"nan,nan,nan","nan,nan,nan","nan,nan,nan","nan,nan,nan",1.5722954273223877,-0.0
1788526830916698882,0,0,"nan,nan,nan","nan,nan,nan","nan,nan,nan","nan,nan,nan",1.5722954273223877,-0.0
1788526830936658818,0,0,"nan,nan,nan","nan,nan,nan","nan,nan,nan","nan,nan,nan",1.5722954273223877,-0.0
1788526830956701205,0,0,"nan,nan,nan","nan,nan,nan","nan,nan,nan","nan,nan,nan",1.5722954273223877,-0.0
1788526830976747125,0,0,"nan,nan,nan","nan,nan,nan","nan,nan,nan","nan,nan,nan",1.5722954273223877,-0.0
1788526830996722197,0,0,"nan,nan,nan","nan,nan,nan","nan,nan,nan","nan,nan,nan",1.5722954273223877,-0.0
1788526831016731016,0,0,"nan,nan,nan","nan,nan,nan","nan,nan,nan","nan,nan,nan",1.5722954273223877,-0.0
1788526831036675899,0,0,"nan,nan,nan","nan,nan,nan","nan,nan,nan","nan,nan,nan",1.5722954273223877,-0.0
1788526831056653998,0,0,"nan,nan,nan","nan,nan,nan","nan,nan,nan","nan,nan,nan",1.5722954273223877,-0.0
1788526831076739688,0,0,"nan,nan,nan","nan,nan,nan","nan,nan,nan","nan,nan,nan",1.5722954273223877,-0.0
1788526831096691674,0,0,"nan,nan,nan","nan,nan,nan","nan,nan,nan","nan,nan,nan",1.5722954273223877,-0.0
1788526831116767328,0,0,"nan,nan,nan","nan,nan,nan","nan,nan,nan","nan,nan,nan",1.5722954273223877,-0.0
1788526831136726336,0,0,"nan,nan,nan","nan,nan,nan","nan,nan,nan","nan,nan,nan",1.5722954273223877,-0.0
1788526831156677787,0,0,"nan,nan,nan","nan,nan,nan","nan,nan,nan","nan,nan,nan",1.5722954273223877,-0.0
1788526831176680366,0,0,"nan,nan,nan","nan,nan,nan","nan,nan,nan","nan,nan,nan",1.5722954273223877,-0.0
1788526831196703837,0,0,"nan,nan,nan","nan,nan,nan","nan,nan,nan","nan,nan,nan",1.5722954273223877,-0.0
1788526831216672773,0,0,"nan,nan,nan","nan,nan,nan","nan,nan,nan","nan,nan,nan",1.5722954273223877,-0.0
1788526831236727722,0,0,"nan,nan,nan","nan,nan,nan","nan,nan,nan","nan,nan,nan",1.5722954273223877,-0.0
1788526831256713152,0,0,"nan,nan,nan","nan,nan,nan","nan,nan,nan","nan,nan,nan",1.5722954273223877,-0.0
1788526831276770160,0,0,"nan,nan,nan","nan,nan,nan","nan,nan,nan","nan,nan,nan",1.5722954273223877,-0.0
1788526831296684426,0,0,"nan,nan,nan","nan,nan,nan","nan,nan,nan","nan,nan,nan",1.5722954273223877,-0.0
1788526831316652993,0,0,"nan,nan,nan","nan,nan,nan","nan,nan,nan","nan,nan,nan",1.5722954273223877,-0.0
1788526831336737984,0,0,"nan,nan,nan","nan,nan,nan","nan,nan,nan","nan,nan,nan",1.5722954273223877,-0.0
1788526831356681777,0,0,"nan,nan,nan","nan,nan,nan","nan,nan,nan","nan,nan,nan",1.5722954273223877,-0.0
1788526831376773383,0,0,"nan,nan,nan","nan,nan,nan","nan,nan,nan","nan,nan,nan",1.5722954273223877,-0.0
1788526831396650433,0,0,"nan,nan,nan","nan,nan,nan","nan,nan,nan","nan,nan,nan",1.5722954273223877,-0.0
1788526831416705088,0,0,"nan,nan,nan","nan,nan,nan","nan,nan,nan","nan,nan,nan",1.5722954273223877,-0.0
1788526831436688066,0,0,"nan,nan,nan","nan,nan,nan","nan,nan,nan","nan,nan,nan",1.5722954273223877,-0.0
1788526831456686375,0,0,"nan,nan,nan","nan,nan,nan","nan,nan,nan","nan,nan,nan",1.5722954273223877,-0.0
1788526831476699891,0,0,"nan,nan,nan","nan,nan,nan","nan,nan,nan","nan,nan,nan",1.5722954273223877,-0.0
1788526831496794461,0,0,"nan,nan,nan","nan,nan,nan","nan,nan,nan","nan,nan,nan",1.5722954273223877,-0.0
1788526831516704443,0,0,"nan,nan,nan","nan,nan,nan","nan,nan,nan","nan,nan,nan",1.5722954273223877,-0.0
1788526831536723623,0,0,"nan,nan,nan","nan,nan,nan","nan,nan,nan","nan,nan,nan",1.5722954273223877,-0.0
1788526831556699297,0,0,"nan,nan,nan","nan,nan,nan","nan,nan,nan","nan,nan,nan",1.5722954273223877,-0.0
1788526831576675224,0,0,"nan,nan,nan","nan,nan,nan","nan,nan,nan","nan,nan,nan",1.5722954273223877,-0.0
1788526831596705037,0,0,"nan,nan,nan","nan,nan,nan","nan,nan,nan","nan,nan,nan",1.5722954273223877,-0.0
1788526831616701071,0,0,"nan,nan,nan","nan,nan,nan","nan,nan,nan","nan,nan,nan",1.5722954273223877,-0.0
1788526831636764126,0,0,"nan,nan,nan","nan,nan,nan","nan,nan,nan","nan,nan,nan",1.5722954273223877,-0.0
1788526831656615073,0,0,"nan,nan,nan","nan,nan,nan","nan,nan,nan","nan,nan,nan",1.5722954273223877,-0.0
1788526831676740288,0,0,"nan,nan,nan","nan,nan,nan","nan,nan,nan","nan,nan,nan",1.5722954273223877,-0.0
1788526831696665948,0,0,"nan,nan,nan","nan,nan,nan","nan,nan,nan","nan,nan,nan",1.5722954273223877,-0.0
1788526831716684550,0,0,"nan,nan,nan","nan,nan,nan","nan,nan,nan","nan,nan,nan",1.5722954273223877,-0.0
1788526831736643305,0,0,"nan,nan,nan","nan,nan,nan","nan,nan,nan","nan,nan,nan",1.5722954273223877,-0.0
1788526831756696377,0,0,"nan,nan,nan","nan,nan,nan","nan,nan,nan","nan,nan,nan",1.5722954273223877,-0.0
1788526831776805147,0,0,"nan,nan,nan","nan,nan,nan","nan,nan,nan","nan,nan,nan",1.5722954273223877,-0.0
1788526831796822225,0,0,"nan,nan,nan","nan,nan,nan","nan,nan,nan","nan,nan,nan",1.5722954273223877,-0.0
1788526831816659837,0,0,"nan,nan,nan","nan,nan,nan","nan,nan,nan","nan,nan,nan",1.5722954273223877,-0.0
1788526831836685650,0,0,"nan,nan,nan","nan,nan,nan","nan,nan,nan","nan,nan,nan",1.5722954273223877,-0.0
1788526831857136353,0,0,"nan,nan,nan","nan,nan,nan","nan,nan,nan","nan,nan,nan",1.5722954273223877,-0.0
1788526831876723087,0,0,"nan,nan,nan","nan,nan,nan","nan,nan,nan","nan,nan,nan",1.5722954273223877,-0.0
1788526831896738348,0,0,"nan,nan,nan","nan,nan,nan","nan,nan,nan","nan,nan,nan",1.5722954273223877,-0.0
1788526831916693219,0,0,"nan,nan,nan","nan,nan,nan","nan,nan,nan","nan,nan,nan",1.5722954273223877,-0.0
1788526831936751187,0,0,"nan,nan,nan","nan,nan,nan","nan,nan,nan","nan,nan,nan",1.5722954273223877,-0.0
1788526831956663546,0,0,"nan,nan,nan","nan,nan,nan","nan,nan,nan","nan,nan,nan",1.5722954273223877,-0.0
1788526831976713030,0,0,"nan,nan,nan","nan,nan,nan","nan,nan,nan","nan,nan,nan",1.5722954273223877,-0.0
1788526831996676354,0,0,"nan,nan,nan","nan,nan,nan","nan,nan,nan","nan,nan,nan",1.5722954273223877,-0.0
1788526832016729803,0,0,"nan,nan,nan","nan,nan,nan","nan,nan,nan","nan,nan,nan",1.5722954273223877,-0.0
1788526832036732129,0,0,"nan,nan,nan","nan,nan,nan","nan,nan,nan","nan,nan,nan",1.5722954273223877,-0.0
1788526832056679885,0,0,"nan,nan,nan","nan,nan,nan","nan,nan,nan","nan,nan,nan",1.5722954273223877,-0.0
1788526832076674196,0,0,"nan,nan,nan","nan,nan,nan","nan,nan,nan","nan,nan,nan",1.5722954273223877,-0.0
1788526832096665377,0,0,"nan,nan,nan","nan,nan,nan","nan,nan,nan","nan,nan,nan",1.5722954273223877,-0.0
1788526832116777669,0,0,"nan,nan,nan","nan,nan,nan","nan,nan,nan","nan,nan,nan",1.5722954273223877,-0.0
1788526832136703427,0,0,"nan,nan,nan","nan,nan,nan","nan,nan,nan","nan,nan,nan",1.5722954273223877,-0.0
1788526832156674386,0,0,"nan,nan,nan","nan,nan,nan","nan,nan,nan","nan,nan,nan",1.5722954273223877,-0.0
1788526832176714920,0,0,"nan,nan,nan","nan,nan,nan","nan,nan,nan","nan,nan,nan",1.5722954273223877,-0.0
1788526832196716386,0,0,"nan,nan,nan","nan,nan,nan","nan,nan,nan","nan,nan,nan",1.5722954273223877,-0.0
1788526832216759624,0,0,"nan,nan,nan","nan,nan,nan","nan,nan,nan","nan,nan,nan",1.5722954273223877,-0.0
1788526832236658907,0,0,"nan,nan,nan","nan,nan,nan","nan,nan,nan","nan,nan,nan",1.5722954273223877,-0.0
1788526832256675767,0,0,"nan,nan,nan","nan,nan,nan","nan,nan,nan","nan,nan,nan",1.5722954273223877,-0.0
1788526832276662616,0,0,"nan,nan,nan","nan,nan,nan","nan,nan,nan","nan,nan,nan",1.5722954273223877,-0.0
1788526832296676894,0,0,"nan,nan,nan","nan,nan,nan","nan,nan,nan","nan,nan,nan",1.5722954273223877,-0.0
1788526832316686115,0,0,"nan,nan,nan","nan,nan,nan","nan,nan,nan","nan,nan,nan",1.5722954273223877,-0.0
1788526832336702143,0,0,"nan,nan,nan","nan,nan,nan","nan,nan,nan","nan,nan,nan",1.5722954273223877,-0.0
1788526832356678359,0,0,"nan,nan,nan","nan,nan,nan","nan,nan,nan","nan,nan,nan",1.5722954273223877,-0.0
1788526832376694986,0,0,"nan,nan,nan","nan,nan,nan","nan,nan,nan","nan,nan,nan",1.5722954273223877,-0.0
1788526832396645927,0,0,"nan,nan,nan","nan,nan,nan","nan,nan,nan","nan,nan,nan",1.5722954273223877,-0.0
1788526832416716485,0,0,"nan,nan,nan","nan,nan,nan","nan,nan,nan","nan,nan,nan",1.5722954273223877,-0.0
1788526832436724299,0,0,"nan,nan,nan","nan,nan,nan","nan,nan,nan","nan,nan,nan",1.5722954273223877,-0.0
1788526832456709413,0,0,"nan,nan,nan","nan,nan,nan","nan,nan,nan","nan,nan,nan",1.5722954273223877,-0.0
1788526832476736351,0,0,"nan,nan,nan","nan,nan,nan","nan,nan,nan","nan,nan,nan",1.5722954273223877,-0.0
1788526832496709518,0,0,"nan,nan,nan","nan,nan,nan","nan,nan,nan","nan,nan,nan",1.5722954273223877,-0.0
1788526832516754528,0,0,"nan,nan,nan","nan,nan,nan","nan,nan,nan","nan,nan,nan",1.5722954273223877,-0.0
1788526832536710306,0,0,"nan,nan,nan","nan,nan,nan","nan,nan,nan","nan,nan,nan",1.5722954273223877,-0.0
1788526832556633178,0,0,"nan,nan,nan","nan,nan,nan","nan,nan,nan","nan,nan,nan",1.5722954273223877,-0.0
1788526832576688700,0,0,"nan,nan,nan","nan,nan,nan","nan,nan,nan","nan,nan,nan",1.5722954273223877,-0.0
1788526832596660833,0,0,"nan,nan,nan","nan,nan,nan","nan,nan,nan","nan,nan,nan",1.5722954273223877,-0.0
1788526832616696657,0,0,"nan,nan,nan","nan,nan,nan","nan,nan,nan","nan,nan,nan",1.5722954273223877,-0.0
1788526832636699701,0,0,"nan,nan,nan","nan,nan,nan","nan,nan,nan","nan,nan,nan",1.5722954273223877,-0.0
1788526832656671458,0,0,"nan,nan,nan","nan,nan,nan","nan,nan,nan","nan,nan,nan",1.5722954273223877,-0.0
1788526832676730497,0,0,"nan,nan,nan","nan,nan,nan","nan,nan,nan","nan,nan,nan",1.5722954273223877,-0.0
1788526832696666545,0,0,"nan,nan,nan","nan,nan,nan","nan,nan,nan","nan,nan,nan",1.5722954273223877,-0.0
1788526832716669143,0,0,"nan,nan,nan","nan,nan,nan","nan,nan,nan","nan,nan,nan",1.5722954273223877,-0.0
1788526832736656139,0,0,"nan,nan,nan","nan,nan,nan","nan,nan,nan","nan,nan,nan",1.5722954273223877,-0.0
1788526832756658757,0,0,"nan,nan,nan","nan,nan,nan","nan,nan,nan","nan,nan,nan",1.5722954273223877,-0.0
1788526832776712197,0,0,"nan,nan,nan","nan,nan,nan","nan,nan,nan","nan,nan,nan",1.5722954273223877,-0.0
1788526832796662233,0,0,"nan,nan,nan","nan,nan,nan","nan,nan,nan","nan,nan,nan",1.5722954273223877,-0.0
1788526832816705333,0,0,"nan,nan,nan","nan,nan,nan","nan,nan,nan","nan,nan,nan",1.5722954273223877,-0.0
1788526832836713848,0,0,"nan,nan,nan","nan,nan,nan","nan,nan,nan","nan,nan,nan",1.5722954273223877,-0.0
1788526832856667247,0,0,"nan,nan,nan","nan,nan,nan","nan,nan,nan","nan,nan,nan",1.5722954273223877,-0.0
1788526832876756658,0,0,"nan,nan,nan","nan,nan,nan","nan,nan,nan","nan,nan,nan",1.5722954273223877,-0.0
1788526832896718184,0,0,"nan,nan,nan","nan,nan,nan","nan,nan,nan","nan,nan,nan",1.5722954273223877,-0.0
1788526832916720996,0,0,"nan,nan,nan","nan,nan,nan","nan,nan,nan","nan,nan,nan",1.5722954273223877,-0.0
1788526832936679742,0,0,"nan,nan,nan","nan,nan,nan","nan,nan,nan","nan,nan,nan",1.5722954273223877,-0.0
1788526832956701818,0,0,"nan,nan,nan","nan,nan,nan","nan,nan,nan","nan,nan,nan",1.5722954273223877,-0.0
1788526832976702301,0,0,"nan,nan,nan","nan,nan,nan","nan,nan,nan","nan,nan,nan",1.5722954273223877,-0.0
1788526832996671732,0,0,"nan,nan,nan","nan,nan,nan","nan,nan,nan","nan,nan,nan",1.5722954273223877,-0.0
1788526833016691515,0,0,"nan,nan,nan","nan,nan,nan","nan,nan,nan","nan,nan,nan",1.5722954273223877,-0.0
1788526833036724788,0,0,"nan,nan,nan","nan,nan,nan","nan,nan,nan","nan,nan,nan",1.5722954273223877,-0.0
1788526833056718607,0,0,"nan,nan,nan","nan,nan,nan","nan,nan,nan","nan,nan,nan",1.5722954273223877,-0.0
1788526833076717920,0,0,"nan,nan,nan","nan,nan,nan","nan,nan,nan","nan,nan,nan",1.5722954273223877,-0.0
1788526833096666794,0,0,"nan,nan,nan","nan,nan,nan","nan,nan,nan","nan,nan,nan",1.5722954273223877,-0.0
1788526833116773090,0,0,"nan,nan,nan","nan,nan,nan","nan,nan,nan","nan,nan,nan",1.5722954273223877,-0.0
1788526833136665179,0,0,"nan,nan,nan","nan,nan,nan","nan,nan,nan","nan,nan,nan",1.5722954273223877,-0.0
1788526833156715183,0,0,"nan,nan,nan","nan,nan,nan","nan,nan,nan","nan,nan,nan",1.5722954273223877,-0.0
1788526833176718022,0,0,"nan,nan,nan","nan,nan,nan","nan,nan,nan","nan,nan,nan",1.5722954273223877,-0.0
1788526833196718577,0,0,"nan,nan,nan","nan,nan,nan","nan,nan,nan","nan,nan,nan",1.5722954273223877,-0.0
1788526833216714568,0,0,"nan,nan,nan","nan,nan,nan","nan,nan,nan","nan,nan,nan",1.5722954273223877,-0.0
1788526833236718264,0,0,"nan,nan,nan","nan,nan,nan","nan,nan,nan","nan,nan,nan",1.5722954273223877,-0.0
1788526833256667174,0,0,"nan,nan,nan","nan,nan,nan","nan,nan,nan","nan,nan,nan",1.5722954273223877,-0.0
1788526833276690541,0,0,"nan,nan,nan","nan,nan,nan","nan,nan,nan","nan,nan,nan",1.5722954273223877,-0.0
1788526833296637120,0,0,"nan,nan,nan","nan,nan,nan","nan,nan,nan","nan,nan,nan",1.5722954273223877,-0.0
1788526833316688216,0,0,"nan,nan,nan","nan,nan,nan","nan,nan,nan","nan,nan,nan",1.5722954273223877,-0.0
1788526833336728264,0,0,"nan,nan,nan","nan,nan,nan","nan,nan,nan","nan,nan,nan",1.5722954273223877,-0.0
1788526833356644025,0,0,"nan,nan,nan","nan,nan,nan","nan,nan,nan","nan,nan,nan",1.5722954273223877,-0.0
1788526833376677986,0,0,"nan,nan,nan","nan,nan,nan","nan,nan,nan","nan,nan,nan",1.5722954273223877,-0.0
1788526833396631811,0,0,"nan,nan,nan","nan,nan,nan","nan,nan,nan","nan,nan,nan",1.5722954273223877,-0.0
1788526833416735296,0,0,"nan,nan,nan","nan,nan,nan","nan,nan,nan","nan,nan,nan",1.5722954273223877,-0.0
1788526833436669797,0,0,"nan,nan,nan","nan,nan,nan","nan,nan,nan","nan,nan,nan",1.5722954273223877,-0.0
1788526833456673447,0,0,"nan,nan,nan","nan,nan,nan","nan,nan,nan","nan,nan,nan",1.5722954273223877,-0.0
1788526833476762931,0,0,"nan,nan,nan","nan,nan,nan","nan,nan,nan","nan,nan,nan",1.5722954273223877,-0.0
1788526833496696210,0,0,"nan,nan,nan","nan,nan,nan","nan,nan,nan","nan,nan,nan",1.5722954273223877,-0.0
1788526833516795410,0,0,"nan,nan,nan","nan,nan,nan","nan,nan,nan","nan,nan,nan",1.5722954273223877,-0.0
1788526833536675905,0,0,"nan,nan,nan","nan,nan,nan","nan,nan,nan","nan,nan,nan",1.5722954273223877,-0.0
1788526833556662501,0,0,"nan,nan,nan","nan,nan,nan","nan,nan,nan","nan,nan,nan",1.5722954273223877,-0.0
1788526833576643774,0,0,"nan,nan,nan","nan,nan,nan","nan,nan,nan","nan,nan,nan",1.5722954273223877,-0.0
1788526833596678927,0,0,"nan,nan,nan","nan,nan,nan","nan,nan,nan","nan,nan,nan",1.5722954273223877,-0.0
1788526833616779706,0,0,"nan,nan,nan","nan,nan,nan","nan,nan,nan","nan,nan,nan",1.5722954273223877,-0.0
1788526833636731559,0,0,"nan,nan,nan","nan,nan,nan","nan,nan,nan","nan,nan,nan",1.5722954273223877,-0.0
1788526833656748393,0,0,"nan,nan,nan","nan,nan,nan","nan,nan,nan","nan,nan,nan",1.5722954273223877,-0.0
1788526833676654602,0,0,"nan,nan,nan","nan,nan,nan","nan,nan,nan","nan,nan,nan",1.5722954273223877,-0.0
1788526833696640367,0,0,"nan,nan,nan","nan,nan,nan","nan,nan,nan","nan,nan,nan",1.5722954273223877,-0.0
1788526833716702988,0,0,"nan,nan,nan","nan,nan,nan","nan,nan,nan","nan,nan,nan",1.5722954273223877,-0.0
1788526833736710744,0,0,"nan,nan,nan","nan,nan,nan","nan,nan,nan","nan,nan,nan",1.5722954273223877,-0.0
1788526833756749248,0,0,"nan,nan,nan","nan,nan,nan","nan,nan,nan","nan,nan,nan",1.5722954273223877,-0.0
1788526833776698196,0,0,"nan,nan,nan","nan,nan,nan","nan,nan,nan","nan,nan,nan",1.5722954273223877,-0.0
1788526833796610485,0,0,"nan,nan,nan","nan,nan,nan","nan,nan,nan","nan,nan,nan",1.5722954273223877,-0.0
1788526833816654758,0,0,"nan,nan,nan","nan,nan,nan","nan,nan,nan","nan,nan,nan",1.5722954273223877,-0.0
1788526833836688656,0,0,"nan,nan,nan","nan,nan,nan","nan,nan,nan","nan,nan,nan",1.5722954273223877,-0.0
1788526833856693794,0,0,"nan,nan,nan","nan,nan,nan","nan,nan,nan","nan,nan,nan",1.5722954273223877,-0.0
1788526833876721153,0,0,"nan,nan,nan","nan,nan,nan","nan,nan,nan","nan,nan,nan",1.5722954273223877,-0.0
1788526833896746759,0,0,"nan,nan,nan","nan,nan,nan","nan,nan,nan","nan,nan,nan",1.5722954273223877,-0.0
1788526833916751254,0,0,"nan,nan,nan","nan,nan,nan","nan,nan,nan","nan,nan,nan",1.5722954273223877,-0.0
1788526833936768369,0,0,"nan,nan,nan","nan,nan,nan","nan,nan,nan","nan,nan,nan",1.5722954273223877,-0.0
1788526833956705033,0,0,"nan,nan,nan","nan,nan,nan","nan,nan,nan","nan,nan,nan",1.5722954273223877,-0.0
1788526833976697042,0,0,"nan,nan,nan","nan,nan,nan","nan,nan,nan","nan,nan,nan",1.5722954273223877,-0.0
1788526833996693835,0,0,"nan,nan,nan","nan,nan,nan","nan,nan,nan","nan,nan,nan",1.5722954273223877,-0.0
1788526834016800849,0,0,"nan,nan,nan","nan,nan,nan","nan,nan,nan","nan,nan,nan",1.5722954273223877,-0.0
1788526834036790899,0,0,"nan,nan,nan","nan,nan,nan","nan,nan,nan","nan,nan,nan",1.5722954273223877,-0.0
1788526834056678307,0,0,"nan,nan,nan","nan,nan,nan","nan,nan,nan","nan,nan,nan",1.5722954273223877,-0.0
1788526834076750177,0,0,"nan,nan,nan","nan,nan,nan","nan,nan,nan","nan,nan,nan",1.5722954273223877,-0.0
1788526834096726662,0,0,"nan,nan,nan","nan,nan,nan","nan,nan,nan","nan,nan,nan",1.5722954273223877,-0.0
1788526834116749989,0,0,"nan,nan,nan","nan,nan,nan","nan,nan,nan","nan,nan,nan",1.5722954273223877,-0.0
1788526834136721592,0,0,"nan,nan,nan","nan,nan,nan","nan,nan,nan","nan,nan,nan",1.5722954273223877,-0.0
1788526834156707507,0,0,"nan,nan,nan","nan,nan,nan","nan,nan,nan","nan,nan,nan",1.5722954273223877,-0.0
1788526834176659955,0,0,"nan,nan,nan","nan,nan,nan","nan,nan,nan","nan,nan,nan",1.5722954273223877,-0.0
1788526834196671786,0,0,"nan,nan,nan","nan,nan,nan","nan,nan,nan","nan,nan,nan",1.5722954273223877,-0.0
1788526834216669479,0,0,"nan,nan,nan","nan,nan,nan","nan,nan,nan","nan,nan,nan",1.5722954273223877,-0.0
1788526834236788244,0,0,"nan,nan,nan","nan,nan,nan","nan,nan,nan","nan,nan,nan",1.5722954273223877,-0.0
1788526834256712573,0,0,"nan,nan,nan","nan,nan,nan","nan,nan,nan","nan,nan,nan",1.5722954273223877,-0.0
1788526834276843337,0,0,"nan,nan,nan","nan,nan,nan","nan,nan,nan","nan,nan,nan",1.5722954273223877,-0.0
1788526834296789773,0,0,"nan,nan,nan","nan,nan,nan","nan,nan,nan","nan,nan,nan",1.5722954273223877,-0.0
1788526834316728650,0,0,"nan,nan,nan","nan,nan,nan","nan,nan,nan","nan,nan,nan",1.5722954273223877,-0.0
1788526834336704545,0,0,"nan,nan,nan","nan,nan,nan","nan,nan,nan","nan,nan,nan",1.5722954273223877,-0.0
1788526834356674723,0,0,"nan,nan,nan","nan,nan,nan","nan,nan,nan","nan,nan,nan",1.5722954273223877,-0.0
1788526834376809181,0,0,"nan,nan,nan","nan,nan,nan","nan,nan,nan","nan,nan,nan",1.5722954273223877,-0.0
1788526834396697619,0,0,"nan,nan,nan","nan,nan,nan","nan,nan,nan","nan,nan,nan",1.5722954273223877,-0.0
1788526834416710833,0,0,"nan,nan,nan","nan,nan,nan","nan,nan,nan","nan,nan,nan",1.5722954273223877,-0.0
1788526834436712394,0,0,"nan,nan,nan","nan,nan,nan","nan,nan,nan","nan,nan,nan",1.5722954273223877,-0.0
1788526834456707684,0,0,"nan,nan,nan","nan,nan,nan","nan,nan,nan","nan,nan,nan",1.5722954273223877,-0.0
1788526834476745606,0,0,"nan,nan,nan","nan,nan,nan","nan,nan,nan","nan,nan,nan",1.5722954273223877,-0.0
1788526834496722684,0,0,"nan,nan,nan","nan,nan,nan","nan,nan,nan","nan,nan,nan",1.5722954273223877,-0.0
1788526834516708256,0,0,"nan,nan,nan","nan,nan,nan","nan,nan,nan","nan,nan,nan",1.5722954273223877,-0.0
1788526834536738957,0,0,"nan,nan,nan","nan,nan,nan","nan,nan,nan","nan,nan,nan",1.5722954273223877,-0.0
1788526834556688706,0,0,"nan,nan,nan","nan,nan,nan","nan,nan,nan","nan,nan,nan",1.5722954273223877,-0.0
1788526834576723744,0,0,"nan,nan,nan","nan,nan,nan","nan,nan,nan","nan,nan,nan",1.5722954273223877,-0.0
1788526834596647269,0,0,"nan,nan,nan","nan,nan,nan","nan,nan,nan","nan,nan,nan",1.5722954273223877,-0.0
1788526834616650319,0,0,"nan,nan,nan","nan,nan,nan","nan,nan,nan","nan,nan,nan",1.5722954273223877,-0.0
1788526834636650562,0,0,"nan,nan,nan","nan,nan,nan","nan,nan,nan","nan,nan,nan",1.5722954273223877,-0.0
1788526834656743010,0,0,"nan,nan,nan","nan,nan,nan","nan,nan,nan","nan,nan,nan",1.5722954273223877,-0.0
1788526834676696663,0,0,"nan,nan,nan","nan,nan,nan","nan,nan,nan","nan,nan,nan",1.5722954273223877,-0.0
1788526834696673655,0,0,"nan,nan,nan","nan,nan,nan","nan,nan,nan","nan,nan,nan",1.5722954273223877,-0.0
1788526834716662188,0,0,"nan,nan,nan","nan,nan,nan","nan,nan,nan","nan,nan,nan",1.5722954273223877,-0.0
1788526834736741144,0,0,"nan,nan,nan","nan,nan,nan","nan,nan,nan","nan,nan,nan",1.5722954273223877,-0.0
1788526834756693561,0,0,"nan,nan,nan","nan,nan,nan","nan,nan,nan","nan,nan,nan",1.5722954273223877,-0.0
1788526834776682896,0,0,"nan,nan,nan","nan,nan,nan","nan,nan,nan","nan,nan,nan",1.5722954273223877,-0.0
1788526834796667845,0,0,"nan,nan,nan","nan,nan,nan","nan,nan,nan","nan,nan,nan",1.5722954273223877,-0.0
1788526834816646736,0,0,"nan,nan,nan","nan,nan,nan","nan,nan,nan","nan,nan,nan",1.5722954273223877,-0.0
1788526834836698898,0,0,"nan,nan,nan","nan,nan,nan","nan,nan,nan","nan,nan,nan",1.5722954273223877,-0.0
1788526834856658736,0,0,"nan,nan,nan","nan,nan,nan","nan,nan,nan","nan,nan,nan",1.5722954273223877,-0.0
1788526834876773223,0,0,"nan,nan,nan","nan,nan,nan","nan,nan,nan","nan,nan,nan",1.5722954273223877,-0.0
1788526834896703730,0,0,"nan,nan,nan","nan,nan,nan","nan,nan,nan","nan,nan,nan",1.5722954273223877,-0.0
1788526834916727596,0,0,"nan,nan,nan","nan,nan,nan","nan,nan,nan","nan,nan,nan",1.5722954273223877,-0.0
1788526834936694454,0,0,"nan,nan,nan","nan,nan,nan","nan,nan,nan","nan,nan,nan",1.5722954273223877,-0.0
1788526834956680299,0,0,"nan,nan,nan","nan,nan,nan","nan,nan,nan","nan,nan,nan",1.5722954273223877,-0.0
1788526834976660288,0,0,"nan,nan,nan","nan,nan,nan","nan,nan,nan","nan,nan,nan",1.5722954273223877,-0.0
1788526834996685455,0,0,"nan,nan,nan","nan,nan,nan","nan,nan,nan","nan,nan,nan",1.5722954273223877,-0.0
1788526835016729152,0,0,"nan,nan,nan","nan,nan,nan","nan,nan,nan","nan,nan,nan",1.5722954273223877,-0.0
1788526835036706673,0,0,"nan,nan,nan","nan,nan,nan","nan,nan,nan","nan,nan,nan",1.5722954273223877,-0.0
1788526835056638199,0,0,"nan,nan,nan","nan,nan,nan","nan,nan,nan","nan,nan,nan",1.5722954273223877,-0.0
1788526835076674129,0,0,"nan,nan,nan","nan,nan,nan","nan,nan,nan","nan,nan,nan",1.5722954273223877,-0.0
1788526835096673851,0,0,"nan,nan,nan","nan,nan,nan","nan,nan,nan","nan,nan,nan",1.5722954273223877,-0.0
1788526835116678307,0,0,"nan,nan,nan","nan,nan,nan","nan,nan,nan","nan,nan,nan",1.5722954273223877,-0.0
1788526835136737885,0,0,"nan,nan,nan","nan,nan,nan","nan,nan,nan","nan,nan,nan",1.5722954273223877,-0.0
1788526835156722835,0,0,"nan,nan,nan","nan,nan,nan","nan,nan,nan","nan,nan,nan",1.5722954273223877,-0.0
1788526835176669793,0,0,"nan,nan,nan","nan,nan,nan","nan,nan,nan","nan,nan,nan",1.5722954273223877,-0.0
1788526835196733972,0,0,"nan,nan,nan","nan,nan,nan","nan,nan,nan","nan,nan,nan",1.5722954273223877,-0.0
1788526835216718715,0,0,"nan,nan,nan","nan,nan,nan","nan,nan,nan","nan,nan,nan",1.5722954273223877,-0.0
1788526835236687917,0,0,"nan,nan,nan","nan,nan,nan","nan,nan,nan","nan,nan,nan",1.5722954273223877,-0.0
1788526835256778001,0,0,"nan,nan,nan","nan,nan,nan","nan,nan,nan","nan,nan,nan",1.5722954273223877,-0.0
1788526835276681047,0,0,"nan,nan,nan","nan,nan,nan","nan,nan,nan","nan,nan,nan",1.5722954273223877,-0.0
1788526835296680632,0,0,"nan,nan,nan","nan,nan,nan","nan,nan,nan","nan,nan,nan",1.5722954273223877,-0.0
1788526835316677380,0,0,"nan,nan,nan","nan,nan,nan","nan,nan,nan","nan,nan,nan",1.5722954273223877,-0.0
1788526835336725549,0,0,"nan,nan,nan","nan,nan,nan","nan,nan,nan","nan,nan,nan",1.5722954273223877,-0.0
1788526835356669708,0,0,"nan,nan,nan","nan,nan,nan","nan,nan,nan","nan,nan,nan",1.5722954273223877,-0.0
1788526835376708894,0,0,"nan,nan,nan","nan,nan,nan","nan,nan,nan","nan,nan,nan",1.5722954273223877,-0.0
1788526835396670281,0,0,"nan,nan,nan","nan,nan,nan","nan,nan,nan","nan,nan,nan",1.5722954273223877,-0.0
1788526835416683583,0,0,"nan,nan,nan","nan,nan,nan","nan,nan,nan","nan,nan,nan",1.5722954273223877,-0.0
1788526835436676913,0,0,"nan,nan,nan","nan,nan,nan","nan,nan,nan","nan,nan,nan",1.5722954273223877,-0.0
1788526835456741082,0,0,"nan,nan,nan","nan,nan,nan","nan,nan,nan","nan,nan,nan",1.5722954273223877,-0.0
1788526835476708464,0,0,"nan,nan,nan","nan,nan,nan","nan,nan,nan","nan,nan,nan",1.5722954273223877,-0.0
1788526835496657981,0,0,"nan,nan,nan","nan,nan,nan","nan,nan,nan","nan,nan,nan",1.5722954273223877,-0.0
1788526835516719575,0,0,"nan,nan,nan","nan,nan,nan","nan,nan,nan","nan,nan,nan",1.5722954273223877,-0.0
1788526835536719812,0,0,"nan,nan,nan","nan,nan,nan","nan,nan,nan","nan,nan,nan",1.5722954273223877,-0.0
1788526835556708126,0,0,"nan,nan,nan","nan,nan,nan","nan,nan,nan","nan,nan,nan",1.5722954273223877,-0.0
1788526835576759088,0,0,"nan,nan,nan","nan,nan,nan","nan,nan,nan","nan,nan,nan",1.5722954273223877,-0.0
1788526835596679469,0,0,"nan,nan,nan","nan,nan,nan","nan,nan,nan","nan,nan,nan",1.5722954273223877,-0.0
1788526835616733357,0,0,"nan,nan,nan","nan,nan,nan","nan,nan,nan","nan,nan,nan",1.5722954273223877,-0.0
1788526835636703417,0,0,"nan,nan,nan","nan,nan,nan","nan,nan,nan","nan,nan,nan",1.5722954273223877,-0.0
1788526835656749637,0,0,"nan,nan,nan","nan,nan,nan","nan,nan,nan","nan,nan,nan",1.5722954273223877,-0.0
1788526835676676654,0,0,"nan,nan,nan","nan,nan,nan","nan,nan,nan","nan,nan,nan",1.5722954273223877,-0.0
1788526835696718562,0,0,"nan,nan,nan","nan,nan,nan","nan,nan,nan","nan,nan,nan",1.5722954273223877,-0.0
1788526835716697892,0,0,"nan,nan,nan","nan,nan,nan","nan,nan,nan","nan,nan,nan",1.5722954273223877,-0.0
1788526835736949198,0,0,"nan,nan,nan","nan,nan,nan","nan,nan,nan","nan,nan,nan",1.5722954273223877,-0.0
1788526835756740990,0,0,"nan,nan,nan","nan,nan,nan","nan,nan,nan","nan,nan,nan",1.5722954273223877,-0.0
1788526835776655798,0,0,"nan,nan,nan","nan,nan,nan","nan,nan,nan","nan,nan,nan",1.5722954273223877,-0.0
1788526835796678596,0,0,"nan,nan,nan","nan,nan,nan","nan,nan,nan","nan,nan,nan",1.5722954273223877,-0.0
1788526835816758066,0,0,"nan,nan,nan","nan,nan,nan","nan,nan,nan","nan,nan,nan",1.5722954273223877,-0.0
1788526835836708399,0,0,"nan,nan,nan","nan,nan,nan","nan,nan,nan","nan,nan,nan",1.5722954273223877,-0.0
1788526835856788924,0,0,"nan,nan,nan","nan,nan,nan","nan,nan,nan","nan,nan,nan",1.5722954273223877,-0.0
1788526835876672785,0,0,"nan,nan,nan","nan,nan,nan","nan,nan,nan","nan,nan,nan",1.5722954273223877,-0.0
1788526835896622068,0,0,"nan,nan,nan","nan,nan,nan","nan,nan,nan","nan,nan,nan",1.5722954273223877,-0.0
1788526835916751207,0,0,"nan,nan,nan","nan,nan,nan","nan,nan,nan","nan,nan,nan",1.5722954273223877,-0.0
1788526835936671659,0,0,"nan,nan,nan","nan,nan,nan","nan,nan,nan","nan,nan,nan",1.5722954273223877,-0.0
1788526835956673596,0,0,"nan,nan,nan","nan,nan,nan","nan,nan,nan","nan,nan,nan",1.5722954273223877,-0.0
1788526835976675187,0,0,"nan,nan,nan","nan,nan,nan","nan,nan,nan","nan,nan,nan",1.5722954273223877,-0.0
1788526835996648423,0,0,"nan,nan,nan","nan,nan,nan","nan,nan,nan","nan,nan,nan",1.5722954273223877,-0.0
1788526836016760221,0,0,"nan,nan,nan","nan,nan,nan","nan,nan,nan","nan,nan,nan",1.5722954273223877,-0.0
1788526836036663828,0,0,"nan,nan,nan","nan,nan,nan","nan,nan,nan","nan,nan,nan",1.5722954273223877,-0.0
1788526836056755922,0,0,"nan,nan,nan","nan,nan,nan","nan,nan,nan","nan,nan,nan",1.5722954273223877,-0.0
1788526836076667582,0,0,"nan,nan,nan","nan,nan,nan","nan,nan,nan","nan,nan,nan",1.5722954273223877,-0.0
1788526836096668116,0,0,"nan,nan,nan","nan,nan,nan","nan,nan,nan","nan,nan,nan",1.5722954273223877,-0.0
1788526836116730465,0,0,"nan,nan,nan","nan,nan,nan","nan,nan,nan","nan,nan,nan",1.5722954273223877,-0.0
1788526836136697352,0,0,"nan,nan,nan","nan,nan,nan","nan,nan,nan","nan,nan,nan",1.5722954273223877,-0.0
1788526836156674057,0,0,"nan,nan,nan","nan,nan,nan","nan,nan,nan","nan,nan,nan",1.5722954273223877,-0.0
1788526836176744322,0,0,"nan,nan,nan","nan,nan,nan","nan,nan,nan","nan,nan,nan",1.5722954273223877,-0.0
1788526836196803457,0,0,"nan,nan,nan","nan,nan,nan","nan,nan,nan","nan,nan,nan",1.5722954273223877,-0.0
1788526836216751159,0,0,"nan,nan,nan","nan,nan,nan","nan,nan,nan","nan,nan,nan",1.5722954273223877,-0.0
1788526836236727595,0,0,"nan,nan,nan","nan,nan,nan","nan,nan,nan","nan,nan,nan",1.5722954273223877,-0.0
1788526836256678621,0,0,"nan,nan,nan","nan,nan,nan","nan,nan,nan","nan,nan,nan",1.5722954273223877,-0.0
1788526836276699713,0,0,"nan,nan,nan","nan,nan,nan","nan,nan,nan","nan,nan,nan",1.5722954273223877,-0.0
1788526836296723673,0,0,"nan,nan,nan","nan,nan,nan","nan,nan,nan","nan,nan,nan",1.5722954273223877,-0.0
1788526836316684085,0,0,"nan,nan,nan","nan,nan,nan","nan,nan,nan","nan,nan,nan",1.5722954273223877,-0.0
1788526836336692074,0,0,"nan,nan,nan","nan,nan,nan","nan,nan,nan","nan,nan,nan",1.5722954273223877,-0.0
1788526836356655026,0,0,"nan,nan,nan","nan,nan,nan","nan,nan,nan","nan,nan,nan",1.5722954273223877,-0.0
1788526836376749161,0,0,"nan,nan,nan","nan,nan,nan","nan,nan,nan","nan,nan,nan",1.5722954273223877,-0.0
1788526836396657008,0,0,"nan,nan,nan","nan,nan,nan","nan,nan,nan","nan,nan,nan",1.5722954273223877,-0.0
1788526836416694761,0,0,"nan,nan,nan","nan,nan,nan","nan,nan,nan","nan,nan,nan",1.5722954273223877,-0.0
1788526836436674652,0,0,"nan,nan,nan","nan,nan,nan","nan,nan,nan","nan,nan,nan",1.5722954273223877,-0.0
1788526836456674027,0,0,"nan,nan,nan","nan,nan,nan","nan,nan,nan","nan,nan,nan",1.5722954273223877,-0.0
1788526836476718425,0,0,"nan,nan,nan","nan,nan,nan","nan,nan,nan","nan,nan,nan",1.5722954273223877,-0.0
1788526836496702339,0,0,"nan,nan,nan","nan,nan,nan","nan,nan,nan","nan,nan,nan",1.5722954273223877,-0.0
1788526836516718469,0,0,"nan,nan,nan","nan,nan,nan","nan,nan,nan","nan,nan,nan",1.5722954273223877,-0.0
1788526836536673174,0,0,"nan,nan,nan","nan,nan,nan","nan,nan,nan","nan,nan,nan",1.5722954273223877,-0.0
1788526836556704487,0,0,"nan,nan,nan","nan,nan,nan","nan,nan,nan","nan,nan,nan",1.5722954273223877,-0.0
1788526836576701313,0,0,"nan,nan,nan","nan,nan,nan","nan,nan,nan","nan,nan,nan",1.5722954273223877,-0.0
1788526836596680588,0,0,"nan,nan,nan","nan,nan,nan","nan,nan,nan","nan,nan,nan",1.5722954273223877,-0.0
1788526836616651553,0,0,"nan,nan,nan","nan,nan,nan","nan,nan,nan","nan,nan,nan",1.5722954273223877,-0.0
1788526836636698859,0,0,"nan,nan,nan","nan,nan,nan","nan,nan,nan","nan,nan,nan",1.5722954273223877,-0.0
1788526836656663912,0,0,"nan,nan,nan","nan,nan,nan","nan,nan,nan","nan,nan,nan",1.5722954273223877,-0.0
1788526836676697268,0,0,"nan,nan,nan","nan,nan,nan","nan,nan,nan","nan,nan,nan",1.5722954273223877,-0.0
1788526836696669992,0,0,"nan,nan,nan","nan,nan,nan","nan,nan,nan","nan,nan,nan",1.5722954273223877,-0.0
1788526836716697054,0,0,"nan,nan,nan","nan,nan,nan","nan,nan,nan","nan,nan,nan",1.5722954273223877,-0.0
1788526836736704071,0,0,"nan,nan,nan","nan,nan,nan","nan,nan,nan","nan,nan,nan",1.5722954273223877,-0.0
1788526836756812733,0,0,"nan,nan,nan","nan,nan,nan","nan,nan,nan","nan,nan,nan",1.5722954273223877,-0.0
1788526836776708148,0,0,"nan,nan,nan","nan,nan,nan","nan,nan,nan","nan,nan,nan",1.5722954273223877,-0.0
1788526836796672644,0,0,"nan,nan,nan","nan,nan,nan","nan,nan,nan","nan,nan,nan",1.5722954273223877,-0.0
1788526836816702624,0,0,"nan,nan,nan","nan,nan,nan","nan,nan,nan","nan,nan,nan",1.5722954273223877,-0.0
1788526836836653011,0,0,"nan,nan,nan","nan,nan,nan","nan,nan,nan","nan,nan,nan",1.5722954273223877,-0.0
1788526836856647295,0,0,"nan,nan,nan","nan,nan,nan","nan,nan,nan","nan,nan,nan",1.5722954273223877,-0.0
1788526836876709727,0,0,"nan,nan,nan","nan,nan,nan","nan,nan,nan","nan,nan,nan",1.5722954273223877,-0.0
1788526836896703605,0,0,"nan,nan,nan","nan,nan,nan","nan,nan,nan","nan,nan,nan",1.5722954273223877,-0.0
1788526836916643793,0,0,"nan,nan,nan","nan,nan,nan","nan,nan,nan","nan,nan,nan",1.5722954273223877,-0.0
1788526836936707859,0,0,"nan,nan,nan","nan,nan,nan","nan,nan,nan","nan,nan,nan",1.5722954273223877,-0.0
1788526836956668565,0,0,"nan,nan,nan","nan,nan,nan","nan,nan,nan","nan,nan,nan",1.5722954273223877,-0.0
1788526836976740855,0,0,"nan,nan,nan","nan,nan,nan","nan,nan,nan","nan,nan,nan",1.5722954273223877,-0.0
1788526836996650763,0,0,"nan,nan,nan","nan,nan,nan","nan,nan,nan","nan,nan,nan",1.5722954273223877,-0.0
1788526837016675957,0,0,"nan,nan,nan","nan,nan,nan","nan,nan,nan","nan,nan,nan",1.5722954273223877,-0.0
1788526837036640194,0,0,"nan,nan,nan","nan,nan,nan","nan,nan,nan","nan,nan,nan",1.5722954273223877,-0.0
1788526837056713673,0,0,"nan,nan,nan","nan,nan,nan","nan,nan,nan","nan,nan,nan",1.5722954273223877,-0.0
1788526837076657231,0,0,"nan,nan,nan","nan,nan,nan","nan,nan,nan","nan,nan,nan",1.5722954273223877,-0.0
1788526837096683624,0,0,"nan,nan,nan","nan,nan,nan","nan,nan,nan","nan,nan,nan",1.5722954273223877,-0.0
1788526837116652977,0,0,"nan,nan,nan","nan,nan,nan","nan,nan,nan","nan,nan,nan",1.5722954273223877,-0.0
1788526837136680683,0,0,"nan,nan,nan","nan,nan,nan","nan,nan,nan","nan,nan,nan",1.5722954273223877,-0.0
1788526837156650995,0,0,"nan,nan,nan","nan,nan,nan","nan,nan,nan","nan,nan,nan",1.5722954273223877,-0.0
1788526837176699521,0,0,"nan,nan,nan","nan,nan,nan","nan,nan,nan","nan,nan,nan",1.5722954273223877,-0.0
1788526837196726417,0,0,"nan,nan,nan","nan,nan,nan","nan,nan,nan","nan,nan,nan",1.5722954273223877,-0.0
1788526837216669701,0,0,"nan,nan,nan","nan,nan,nan","nan,nan,nan","nan,nan,nan",1.5722954273223877,-0.0
1788526837236819084,0,0,"nan,nan,nan","nan,nan,nan","nan,nan,nan","nan,nan,nan",1.5722954273223877,-0.0
1788526837256685839,0,0,"nan,nan,nan","nan,nan,nan","nan,nan,nan","nan,nan,nan",1.5722954273223877,-0.0
1788526837276667864,0,0,"nan,nan,nan","nan,nan,nan","nan,nan,nan","nan,nan,nan",1.5722954273223877,-0.0
1788526837296721802,0,0,"nan,nan,nan","nan,nan,nan","nan,nan,nan","nan,nan,nan",1.5722954273223877,-0.0
1788526837316687628,0,0,"nan,nan,nan","nan,nan,nan","nan,nan,nan","nan,nan,nan",1.5722954273223877,-0.0
1788526837336689242,0,0,"nan,nan,nan","nan,nan,nan","nan,nan,nan","nan,nan,nan",1.5722954273223877,-0.0
1788526837356690845,0,0,"nan,nan,nan","nan,nan,nan","nan,nan,nan","nan,nan,nan",1.5722954273223877,-0.0
1788526837376680431,0,0,"nan,nan,nan","nan,nan,nan","nan,nan,nan","nan,nan,nan",1.5722954273223877,-0.0
1788526837396694898,0,0,"nan,nan,nan","nan,nan,nan","nan,nan,nan","nan,nan,nan",1.5722954273223877,-0.0
1788526837416675957,0,0,"nan,nan,nan","nan,nan,nan","nan,nan,nan","nan,nan,nan",1.5722954273223877,-0.0
1788526837436743024,0,0,"nan,nan,nan","nan,nan,nan","nan,nan,nan","nan,nan,nan",1.5722954273223877,-0.0
1788526837456742312,0,0,"nan,nan,nan","nan,nan,nan","nan,nan,nan","nan,nan,nan",1.5722954273223877,-0.0
1788526837476754609,0,0,"nan,nan,nan","nan,nan,nan","nan,nan,nan","nan,nan,nan",1.5722954273223877,-0.0
1788526837496733276,0,0,"nan,nan,nan","nan,nan,nan","nan,nan,nan","nan,nan,nan",1.5722954273223877,-0.0
1788526837516723542,0,0,"nan,nan,nan","nan,nan,nan","nan,nan,nan","nan,nan,nan",1.5722954273223877,-0.0
1788526837536712055,0,0,"nan,nan,nan","nan,nan,nan","nan,nan,nan","nan,nan,nan",1.5722954273223877,-0.0
1788526837556712128,0,0,"nan,nan,nan","nan,nan,nan","nan,nan,nan","nan,nan,nan",1.5722954273223877,-0.0
1788526837576635765,0,0,"nan,nan,nan","nan,nan,nan","nan,nan,nan","nan,nan,nan",1.5722954273223877,-0.0
1788526837596661458,0,0,"nan,nan,nan","nan,nan,nan","nan,nan,nan","nan,nan,nan",1.5722954273223877,-0.0
1788526837616662664,0,0,"nan,nan,nan","nan,nan,nan","nan,nan,nan","nan,nan,nan",1.5722954273223877,-0.0
1788526837636741836,0,0,"nan,nan,nan","nan,nan,nan","nan,nan,nan","nan,nan,nan",1.5722954273223877,-0.0
1788526837656674530,0,0,"nan,nan,nan","nan,nan,nan","nan,nan,nan","nan,nan,nan",1.5722954273223877,-0.0
1788526837676713557,0,0,"nan,nan,nan","nan,nan,nan","nan,nan,nan","nan,nan,nan",1.5722954273223877,-0.0
1788526837696744475,0,0,"nan,nan,nan","nan,nan,nan","nan,nan,nan","nan,nan,nan",1.5722954273223877,-0.0
1788526837716629781,0,0,"nan,nan,nan","nan,nan,nan","nan,nan,nan","nan,nan,nan",1.5722954273223877,-0.0
1788526837736718264,0,0,"nan,nan,nan","nan,nan,nan","nan,nan,nan","nan,nan,nan",1.5722954273223877,-0.0
1788526837756791109,0,0,"nan,nan,nan","nan,nan,nan","nan,nan,nan","nan,nan,nan",1.5722954273223877,-0.0
1788526837776681531,0,0,"nan,nan,nan","nan,nan,nan","nan,nan,nan","nan,nan,nan",1.5722954273223877,-0.0
1788526837796713803,0,0,"nan,nan,nan","nan,nan,nan","nan,nan,nan","nan,nan,nan",1.5722954273223877,-0.0
1788526837816663266,0,0,"nan,nan,nan","nan,nan,nan","nan,nan,nan","nan,nan,nan",1.5722954273223877,-0.0
1788526837836677561,0,0,"nan,nan,nan","nan,nan,nan","nan,nan,nan","nan,nan,nan",1.5722954273223877,-0.0
1788526837856636587,0,0,"nan,nan,nan","nan,nan,nan","nan,nan,nan","nan,nan,nan",1.5722954273223877,-0.0
1788526837876757503,0,0,"nan,nan,nan","nan,nan,nan","nan,nan,nan","nan,nan,nan",1.5722954273223877,-0.0
1788526837896769208,0,0,"nan,nan,nan","nan,nan,nan","nan,nan,nan","nan,nan,nan",1.5722954273223877,-0.0
1788526837916713359,0,0,"nan,nan,nan","nan,nan,nan","nan,nan,nan","nan,nan,nan",1.5722954273223877,-0.0
1788526837936791153,0,0,"nan,nan,nan","nan,nan,nan","nan,nan,nan","nan,nan,nan",1.5722954273223877,-0.0
1788526837956707397,0,0,"nan,nan,nan","nan,nan,nan","nan,nan,nan","nan,nan,nan",1.5722954273223877,-0.0
1788526837976694396,0,0,"nan,nan,nan","nan,nan,nan","nan,nan,nan","nan,nan,nan",1.5722954273223877,-0.0
1788526837996694682,0,0,"nan,nan,nan","nan,nan,nan","nan,nan,nan","nan,nan,nan",1.5722954273223877,-0.0
1788526838016745470,0,0,"nan,nan,nan","nan,nan,nan","nan,nan,nan","nan,nan,nan",1.5722954273223877,-0.0
1788526838036750811,0,0,"nan,nan,nan","nan,nan,nan","nan,nan,nan","nan,nan,nan",1.5722954273223877,-0.0
1788526838056675355,0,0,"nan,nan,nan","nan,nan,nan","nan,nan,nan","nan,nan,nan",1.5722954273223877,-0.0
1788526838076733126,0,0,"nan,nan,nan","nan,nan,nan","nan,nan,nan","nan,nan,nan",1.5722954273223877,-0.0
1788526838096696686,0,0,"nan,nan,nan","nan,nan,nan","nan,nan,nan","nan,nan,nan",1.5722954273223877,-0.0
1788526838116710731,0,0,"nan,nan,nan","nan,nan,nan","nan,nan,nan","nan,nan,nan",1.5722954273223877,-0.0
1788526838136723185,0,0,"nan,nan,nan","nan,nan,nan","nan,nan,nan","nan,nan,nan",1.5722954273223877,-0.0
1788526838156627679,0,0,"nan,nan,nan","nan,nan,nan","nan,nan,nan","nan,nan,nan",1.5722954273223877,-0.0
1788526838176650992,0,0,"nan,nan,nan","nan,nan,nan","nan,nan,nan","nan,nan,nan",1.5722954273223877,-0.0
1788526838196653138,0,0,"nan,nan,nan","nan,nan,nan","nan,nan,nan","nan,nan,nan",1.5722954273223877,-1.827763639994373e-06
1788526838216724295,0,0,"nan,nan,nan","nan,nan,nan","nan,nan,nan","nan,nan,nan",1.5722954273223877,-7.183078650996322e-06
1788526838236695713,0,0,"nan,nan,nan","nan,nan,nan","nan,nan,nan","nan,nan,nan",1.5722951889038086,-1.5876525139901787e-05
1788526838256674179,0,0,"nan,nan,nan","nan,nan,nan","nan,nan,nan","nan,nan,nan",1.57229483127594,-2.7722071536118165e-05
1788526838276828170,0,0,"nan,nan,nan","nan,nan,nan","nan,nan,nan","nan,nan,nan",1.5722943544387817,-4.2537078115856275e-05
1788526838296722820,0,0,"nan,nan,nan","nan,nan,nan","nan,nan,nan","nan,nan,nan",1.5722935199737549,-6.014229074935429e-05
1788526838316681957,0,0,"nan,nan,nan","nan,nan,nan","nan,nan,nan","nan,nan,nan",1.5722923278808594,-8.03618531790562e-05
1788526838336660267,0,0,"nan,nan,nan","nan,nan,nan","nan,nan,nan","nan,nan,nan",1.5722908973693848,-0.00010302328882971779
1788526838356638051,0,0,"nan,nan,nan","nan,nan,nan","nan,nan,nan","nan,nan,nan",1.5722891092300415,-0.00012795752263627946
1788526838376690794,0,0,"nan,nan,nan","nan,nan,nan","nan,nan,nan","nan,nan,nan",1.57228684425354,-0.00015499885194003582
1788526838396679610,0,0,"nan,nan,nan","nan,nan,nan","nan,nan,nan","nan,nan,nan",1.5722841024398804,-0.0001839849865064025
1788526838416693632,0,0,"nan,nan,nan","nan,nan,nan","nan,nan,nan","nan,nan,nan",1.5722808837890625,-0.00021475701942108572
1788526838436700775,0,0,"nan,nan,nan","nan,nan,nan","nan,nan,nan","nan,nan,nan",1.5722771883010864,-0.0002471594198141247
1788526838456694403,0,0,"nan,nan,nan","nan,nan,nan","nan,nan,nan","nan,nan,nan",1.5722730159759521,-0.0002810400619637221
1788526838476706806,0,0,"nan,nan,nan","nan,nan,nan","nan,nan,nan","nan,nan,nan",1.5722682476043701,-0.00031625019619241357
1788526838496658889,0,0,"nan,nan,nan","nan,nan,nan","nan,nan,nan","nan,nan,nan",1.5722628831863403,-0.0003526444488670677
1788526838516690622,0,0,"nan,nan,nan","nan,nan,nan","nan,nan,nan","nan,nan,nan",1.5722569227218628,-0.00039008090971037745
1788526838536744344,0,0,"nan,nan,nan","nan,nan,nan","nan,nan,nan","nan,nan,nan",1.5722503662109375,-0.0004284209862817079
1788526838556651495,0,0,"nan,nan,nan","nan,nan,nan","nan,nan,nan","nan,nan,nan",1.5722432136535645,-0.00046752949128858745
1788526838576648717,0,0,"nan,nan,nan","nan,nan,nan","nan,nan,nan","nan,nan,nan",1.5722354650497437,-0.0005072746425867081
1788526838596649470,0,0,"nan,nan,nan","nan,nan,nan","nan,nan,nan","nan,nan,nan",1.5722270011901855,-0.0005475279758684337
1788526838616811518,0,0,"nan,nan,nan","nan,nan,nan","nan,nan,nan","nan,nan,nan",1.5722179412841797,-0.0005881646065972745
1788526838636697137,0,0,"nan,nan,nan","nan,nan,nan","nan,nan,nan","nan,nan,nan",1.5722081661224365,-0.0006290628225542605
1788526838656676346,0,0,"nan,nan,nan","nan,nan,nan","nan,nan,nan","nan,nan,nan",1.5721977949142456,-0.0006701043457724154
1788526838676747497,0,0,"nan,nan,nan","nan,nan,nan","nan,nan,nan","nan,nan,nan",1.5721867084503174,-0.0007111744489520788
1788526838696682483,0,0,"nan,nan,nan","nan,nan,nan","nan,nan,nan","nan,nan,nan",1.5721750259399414,-0.0007521616062149405
1788526838716804873,0,0,"nan,nan,nan","nan,nan,nan","nan,nan,nan","nan,nan,nan",1.5721626281738281,-0.0007929577841423452
1788526838736769096,0,0,"nan,nan,nan","nan,nan,nan","nan,nan,nan","nan,nan,nan",1.572149634361267,-0.0008334583253599703
1788526838756726224,0,0,"nan,nan,nan","nan,nan,nan","nan,nan,nan","nan,nan,nan",1.5721359252929688,-0.0008735618903301656
1788526838776689432,0,0,"nan,nan,nan","nan,nan,nan","nan,nan,nan","nan,nan,nan",1.5721217393875122,-0.0009131706319749355
1788526838796745967,0,0,"nan,nan,nan","nan,nan,nan","nan,nan,nan","nan,nan,nan",1.5721067190170288,-0.0009521900210529566
1788526838816689453,0,0,"nan,nan,nan","nan,nan,nan","nan,nan,nan","nan,nan,nan",1.5720912218093872,-0.0009905289625748992
1788526838836754337,0,0,"nan,nan,nan","nan,nan,nan","nan,nan,nan","nan,nan,nan",1.5720751285552979,-0.0010280997958034277
1788526838856681807,0,0,"nan,nan,nan","nan,nan,nan","nan,nan,nan","nan,nan,nan",1.5720583200454712,-0.0010648180032148957
1788526838876709726,0,0,"nan,nan,nan","nan,nan,nan","nan,nan,nan","nan,nan,nan",1.5720410346984863,-0.0011006029089912772
1788526838896753969,0,0,"nan,nan,nan","nan,nan,nan","nan,nan,nan","nan,nan,nan",1.5720231533050537,-0.00113537663128227
1788526838916740473,0,0,"nan,nan,nan","nan,nan,nan","nan,nan,nan","nan,nan,nan",1.5720046758651733,-0.0011690653627738357
1788526838936691048,0,0,"nan,nan,nan","nan,nan,nan","nan,nan,nan","nan,nan,nan",1.5719857215881348,-0.00120159809011966
1788526838956636701,0,0,"nan,nan,nan","nan,nan,nan","nan,nan,nan","nan,nan,nan",1.571966290473938,-0.0012329074088484049
1788526838976719414,0,0,"nan,nan,nan","nan,nan,nan","nan,nan,nan","nan,nan,nan",1.5719462633132935,-0.0012629295233637094
1788526838996682409,0,0,"nan,nan,nan","nan,nan,nan","nan,nan,nan","nan,nan,nan",1.5719258785247803,-0.00129160366486758
1788526839016796897,0,0,"nan,nan,nan","nan,nan,nan","nan,nan,nan","nan,nan,nan",1.5719048976898193,-0.0013188726734369993
1788526839036721823,0,0,"nan,nan,nan","nan,nan,nan","nan,nan,nan","nan,nan,nan",1.5718836784362793,-0.0013446827651932836
1788526839056677063,0,0,"nan,nan,nan","nan,nan,nan","nan,nan,nan","nan,nan,nan",1.5718618631362915,-0.0013689834158867598
1788526839076660454,0,0,"nan,nan,nan","nan,nan,nan","nan,nan,nan","nan,nan,nan",1.5718398094177246,-0.0013917277101427317
1788526839096650492,0,0,"nan,nan,nan","nan,nan,nan","nan,nan,nan","nan,nan,nan",1.571817398071289,-0.0014128718758001924
1788526839116653330,0,0,"nan,nan,nan","nan,nan,nan","nan,nan,nan","nan,nan,nan",1.5717946290969849,-0.0014323756331577897
1788526839136700037,0,0,"nan,nan,nan","nan,nan,nan","nan,nan,nan","nan,nan,nan",1.5717716217041016,-0.0014502023113891482
1788526839156677890,0,0,"nan,nan,nan","nan,nan,nan","nan,nan,nan","nan,nan,nan",1.5717482566833496,-0.0014663181500509381
1788526839176700354,0,0,"nan,nan,nan","nan,nan,nan","nan,nan,nan","nan,nan,nan",1.5717246532440186,-0.0014806932304054499
1788526839196749039,0,0,"nan,nan,nan","nan,nan,nan","nan,nan,nan","nan,nan,nan",1.571700930595398,-0.0014797799522057176
1788526839216707095,0,0,"nan,nan,nan","nan,nan,nan","nan,nan,nan","nan,nan,nan",1.571677327156067,-0.0014770899433642626
1788526839236699718,0,0,"nan,nan,nan","nan,nan,nan","nan,nan,nan","nan,nan,nan",1.5716537237167358,-0.0014726970111951232
1788526839256705172,0,0,"nan,nan,nan","nan,nan,nan","nan,nan,nan","nan,nan,nan",1.5716302394866943,-0.0014666739152744412
1788526839276721110,0,0,"nan,nan,nan","nan,nan,nan","nan,nan,nan","nan,nan,nan",1.5716067552566528,-0.0014590922510251403
1788526839296696056,0,0,"nan,nan,nan","nan,nan,nan","nan,nan,nan","nan,nan,nan",1.5740009546279907,-0.0014569155173376203
1788526839316680622,0,0,"nan,nan,nan","nan,nan,nan","nan,nan,nan","nan,nan,nan",1.5739775896072388,-0.0014563939766958356
1788526839336725964,0,0,"nan,nan,nan","nan,nan,nan","nan,nan,nan","nan,nan,nan",1.5739543437957764,-0.0014548255130648613
1788526839356656353,0,0,"nan,nan,nan","nan,nan,nan","nan,nan,nan","nan,nan,nan",1.573931097984314,-0.0014517103554680943
1788526839376775553,0,0,"nan,nan,nan","nan,nan,nan","nan,nan,nan","nan,nan,nan",1.5739078521728516,-0.0014466195134446025
1788526839396694161,0,0,"nan,nan,nan","nan,nan,nan","nan,nan,nan","nan,nan,nan",1.5738847255706787,-0.001439191517420113
1788526839416769809,0,0,"nan,nan,nan","nan,nan,nan","nan,nan,nan","nan,nan,nan",1.573861837387085,-0.0014291289262473583
1788526839436687026,0,0,"nan,nan,nan","nan,nan,nan","nan,nan,nan","nan,nan,nan",1.5738390684127808,-0.0014161958824843168
1788526839456679940,0,0,"nan,nan,nan","nan,nan,nan","nan,nan,nan","nan,nan,nan",1.5738165378570557,-0.0014002146199345589
1788526839476690610,0,0,"nan,nan,nan","nan,nan,nan","nan,nan,nan","nan,nan,nan",1.5737942457199097,-0.0013810620876029134
1788526839496794091,0,0,"nan,nan,nan","nan,nan,nan","nan,nan,nan","nan,nan,nan",1.5737723112106323,-0.0013586673885583878
1788526839516759318,0,0,"nan,nan,nan","nan,nan,nan","nan,nan,nan","nan,nan,nan",1.5737508535385132,-0.0013330081710591912
1788526839536700358,0,0,"nan,nan,nan","nan,nan,nan","nan,nan,nan","nan,nan,nan",1.5737297534942627,-0.001304107834585011
1788526839556646519,0,0,"nan,nan,nan","nan,nan,nan","nan,nan,nan","nan,nan,nan",1.5737091302871704,-0.0012720322702080011
1788526839576711958,0,0,"nan,nan,nan","nan,nan,nan","nan,nan,nan","nan,nan,nan",1.5736889839172363,-0.0012368867173790932
1788526839596687376,0,0,"nan,nan,nan","nan,nan,nan","nan,nan,nan","nan,nan,nan",1.5736695528030396,-0.0011988126207143068
1788526839616705533,0,0,"nan,nan,nan","nan,nan,nan","nan,nan,nan","nan,nan,nan",1.5736507177352905,-0.0011579847196117043
1788526839636711994,0,0,"nan,nan,nan","nan,nan,nan","nan,nan,nan","nan,nan,nan",1.5736324787139893,-0.0011146075557917356
1788526839656722513,0,0,"nan,nan,nan","nan,nan,nan","nan,nan,nan","nan,nan,nan",1.5736150741577148,-0.0010689127957448363
1788526839676717952,0,0,"nan,nan,nan","nan,nan,nan","nan,nan,nan","nan,nan,nan",1.5735982656478882,-0.001021155621856451
1788526839696706786,0,0,"nan,nan,nan","nan,nan,nan","nan,nan,nan","nan,nan,nan",1.573582410812378,-0.0009716120548546314
1788526839716669373,0,0,"nan,nan,nan","nan,nan,nan","nan,nan,nan","nan,nan,nan",1.573567271232605,-0.000920575694181025
1788526839736748498,0,0,"nan,nan,nan","nan,nan,nan","nan,nan,nan","nan,nan,nan",1.5735528469085693,-0.0008683543419465423
1788526839756676909,0,0,"nan,nan,nan","nan,nan,nan","nan,nan,nan","nan,nan,nan",1.57353937625885,-0.0008152672671712935
1788526839776730136,0,0,"nan,nan,nan","nan,nan,nan","nan,nan,nan","nan,nan,nan",1.5735268592834473,-0.000761641887947917
1788526839796665637,0,0,"nan,nan,nan","nan,nan,nan","nan,nan,nan","nan,nan,nan",1.5735150575637817,-0.0007078105118125677
1788526839816665695,0,0,"nan,nan,nan","nan,nan,nan","nan,nan,nan","nan,nan,nan",1.5735042095184326,-0.0006541075417771935
1788526839836645209,0,0,"nan,nan,nan","nan,nan,nan","nan,nan,nan","nan,nan,nan",1.5734940767288208,-0.0006008661002852023
1788526839856667761,0,0,"nan,nan,nan","nan,nan,nan","nan,nan,nan","nan,nan,nan",1.5734848976135254,-0.000548415002413094
1788526839876751268,0,0,"nan,nan,nan","nan,nan,nan","nan,nan,nan","nan,nan,nan",1.5734765529632568,-0.0004970756126567721
1788526839896669033,0,0,"nan,nan,nan","nan,nan,nan","nan,nan,nan","nan,nan,nan",1.5734690427780151,-0.0004471587890293449
1788526839916713290,0,0,"nan,nan,nan","nan,nan,nan","nan,nan,nan","nan,nan,nan",1.5734622478485107,-0.0003989616234321147
1788526839936745072,0,0,"nan,nan,nan","nan,nan,nan","nan,nan,nan","nan,nan,nan",1.5734562873840332,-0.00035276447306387126
1788526839956631510,0,0,"nan,nan,nan","nan,nan,nan","nan,nan,nan","nan,nan,nan",1.5734509229660034,-0.0003088277007918805
1788526839976719189,0,0,"nan,nan,nan","nan,nan,nan","nan,nan,nan","nan,nan,nan",1.5734463930130005,-0.0002673886774573475
1788526839996671608,0,0,"nan,nan,nan","nan,nan,nan","nan,nan,nan","nan,nan,nan",1.5734423398971558,-0.00022865856590215117
1788526840016769566,0,0,"nan,nan,nan","nan,nan,nan","nan,nan,nan","nan,nan,nan",1.5734390020370483,-0.00019281926506664604
1788526840036674617,0,0,"nan,nan,nan","nan,nan,nan","nan,nan,nan","nan,nan,nan",1.5734361410140991,-0.0001600202522240579
1788526840056699679,0,0,"nan,nan,nan","nan,nan,nan","nan,nan,nan","nan,nan,nan",1.5734338760375977,-0.00013037545431870967
1788526840076692030,0,0,"nan,nan,nan","nan,nan,nan","nan,nan,nan","nan,nan,nan",1.5740710496902466,0.0
1788526840096643368,0,0,"nan,nan,nan","nan,nan,nan","nan,nan,nan","nan,nan,nan",1.5732879638671875,0.0
1788526840116662510,0,0,"nan,nan,nan","nan,nan,nan","nan,nan,nan","nan,nan,nan",1.5725136995315552,0.0
1788526840136703111,0,0,"nan,nan,nan","nan,nan,nan","nan,nan,nan","nan,nan,nan",1.5716274976730347,0.0
1788526840156677860,0,0,"nan,nan,nan","nan,nan,nan","nan,nan,nan","nan,nan,nan",1.5716274976730347,0.0
1788526840176749006,0,0,"nan,nan,nan","nan,nan,nan","nan,nan,nan","nan,nan,nan",1.5708351135253906,0.0
1788526840196682947,0,0,"nan,nan,nan","nan,nan,nan","nan,nan,nan","nan,nan,nan",1.5701159238815308,0.0
1788526840216677295,0,0,"nan,nan,nan","nan,nan,nan","nan,nan,nan","nan,nan,nan",1.5695620775222778,0.0
