record_time_ns,status,iteration_count,final_increment_norm
1785252866496077470,false,0,0.000000
1785252866529265016,false,0,0.000000
1785252866561509693,false,0,0.000000
1785252866595735238,false,0,0.000000
1785252866627950592,false,0,0.000000
1785252866661951149,false,0,0.000000
1785252866695185450,false,0,0.000000
1785252866728846306,false,0,0.000000
1785252866761825050,false,0,0.000000
1785252866795011783,false,0,0.000000
1785252866829041533,false,0,0.000000
1785252866861256911,false,0,0.000000
1785252866895548186,false,0,0.000000
1785252866927617755,false,0,0.000000
1785252866961990647,false,0,0.000000
1785252866995466821,false,0,0.000000
1785252867028799786,false,0,0.000000
1785252867061798389,false,0,0.000000
1785252867095008952,false,0,0.000000
1785252867128819769,false,0,0.000000
1785252867161389931,false,0,0.000000
1785252867195698756,false,0,0.000000
1785252867228075441,false,0,0.000000
1785252867262065056,false,0,0.000000
1785252867295130651,false,0,0.000000
1785252867328867348,false,0,0.000000
1785252867361943559,false,0,0.000000
1785252867394844766,false,0,0.000000
1785252867428974144,false,0,0.000000
1785252867461193463,false,0,0.000000
1785252867495506654,false,0,0.000000
1785252867527561866,false,0,0.000000
1785252867561674934,false,0,0.000000
1785252867594948328,false,0,0.000000
1785252867628953961,false,0,0.000000
1785252867661780383,false,0,0.000000
1785252867701038613,false,0,0.000000
1785252867737992218,false,10,0.017740
1785252867761075482,false,10,0.017740
1785252867846488696,true,6,0.000939
1785252867846660677,false,6,0.000939
1785252867893933668,true,7,0.001329
1785252867927921778,true,6,0.000123
1785252867936386333,true,5,0.000029
1785252868012437908,true,10,0.000016
1785252868043636353,true,6,0.000634
1785252868052080537,true,4,0.000042
1785252868061837448,false,4,0.000042
1785252868129569764,true,7,0.000003
1785252868129640953,false,7,0.000003
1785252868187733678,true,5,0.000458
1785252868217217618,true,4,0.000019
1785252868227605407,false,4,0.000019
1785252868291294226,true,6,0.000809
1785252868317113273,true,4,0.000171
1785252868335437796,true,3,0.000155
1785252868361151709,false,3,0.000155
1785252868420383228,true,4,0.000386
1785252868427662546,false,4,0.000386
1785252868485159596,true,5,0.000208
1785252868516322746,true,4,0.000366
1785252868537336538,true,3,0.000262
1785252868576785853,true,3,0.000059
1785252868611337410,true,3,0.000314
1785252868641376806,true,4,0.000001
1785252868661386877,false,4,0.000001
1785252868712681079,true,3,0.000290
1785252868727752152,false,3,0.000290
1785252868780968454,true,4,0.000197
1785252868811207723,true,3,0.000227
1785252868840385147,true,3,0.000010
1785252868861067926,false,3,0.000010
1785252868911056915,true,3,0.000135
1785252868944467743,true,4,0.000002
1785252868961224657,false,4,0.000002
1785252869012751259,true,3,0.000156
1785252869027890361,false,3,0.000156
1785252869076815612,true,4,0.000051
1785252869110848466,true,3,0.000046
1785252869143944284,true,3,0.000029
1785252869172738798,true,3,0.000064
1785252869212676127,true,3,0.000362
1785252869243321147,true,3,0.000330
1785252869261252007,false,3,0.000330
1785252869312736539,true,3,0.000127
1785252869327820756,false,3,0.000127
1785252869372616941,true,4,0.000001
1785252869412869784,true,3,0.000193
1785252869443730839,true,3,0.000227
1785252869469515135,true,3,0.000002
1785252869512108913,true,3,0.000042
1785252869546818439,true,3,0.000108
1785252869561232067,false,3,0.000108
1785252869612991890,true,3,0.000094
1785252869628046487,false,3,0.000094
1785252869669702193,true,3,0.000241
1785252869713146290,true,3,0.000208
1785252869749003087,true,3,0.000047
1785252869768933851,true,3,0.000067
1785252869814479733,true,3,0.000131
1785252869847220951,true,3,0.000183
1785252869861606939,false,3,0.000183
1785252869913496457,true,3,0.000188
1785252869927753180,false,3,0.000188
1785252869968067561,true,3,0.000089
1785252870016596343,true,3,0.000386
1785252870041958562,true,2,0.000261
1785252870067747647,true,3,0.000054
1785252870115552718,true,3,0.000118
1785252870147762606,true,3,0.000184
1785252870161495251,false,3,0.000184
1785252870215996059,true,3,0.000213
1785252870227688950,false,3,0.000213
1785252870267362248,true,3,0.000066
1785252870316261850,true,3,0.000308
1785252870348537142,true,3,0.000053
1785252870361255109,false,3,0.000053
1785252870412372481,true,3,0.000238
1785252870451521692,true,3,0.000079
1785252870461484849,false,3,0.000079
1785252870516321559,true,3,0.000247
1785252870527961565,false,3,0.000247
1785252870568727177,true,3,0.000001
1785252870612725985,true,3,0.000432
1785252870649447196,true,3,0.000128
1785252870669038411,true,3,0.000100
1785252870711048367,true,3,0.000153
1785252870746130779,true,3,0.000057
1785252870761498511,false,3,0.000057
1785252870811956972,true,3,0.000155
1785252870828006682,false,3,0.000155
1785252870870999588,true,3,0.000001
1785252870913675962,true,3,0.000194
1785252870948448119,true,3,0.000051
1785252870970130850,true,2,0.000072
1785252871009796270,true,3,0.000122
1785252871054261728,true,3,0.000061
1785252871061477368,false,3,0.000061
1785252871111903086,true,3,0.000121
1785252871127996659,false,3,0.000121
1785252871174166767,true,3,0.000222
1785252871208097770,true,3,0.000107
1785252871246612665,true,3,0.000265
1785252871273767032,true,3,0.000077
1785252871310155818,true,3,0.000250
1785252871347085931,true,3,0.000111
1785252871361629465,false,3,0.000111
1785252871406879324,true,3,0.000088
1785252871427822339,false,3,0.000088
1785252871476446438,true,3,0.000466
1785252871504287524,true,3,0.000173
1785252871545877786,true,3,0.000330
1785252871577908414,true,3,0.000136
1785252871604878291,true,3,0.000091
1785252871646145704,true,3,0.000161
1785252871661104411,false,3,0.000161
1785252871704880999,true,3,0.000142
1785252871727821247,false,3,0.000142
1785252871782597226,true,3,0.000144
1785252871803622899,true,3,0.000029
1785252871847100162,true,3,0.000152
1785252871879125857,true,3,0.000208
1785252871902412731,true,3,0.000071
1785252871949184738,true,3,0.000148
1785252871961476184,false,3,0.000148
1785252872002915694,true,3,0.000129
1785252872027846598,false,3,0.000129
1785252872079933502,true,3,0.000165
1785252872101724220,true,3,0.000094
1785252872149804905,true,3,0.000157
1785252872161121155,false,3,0.000157
1785252872203859612,true,3,0.000015
1785252872248479693,true,3,0.000259
1785252872261344055,false,3,0.000259
1785252872301369031,true,3,0.000166
1785252872327935621,false,3,0.000166
1785252872377635184,true,2,0.000366
1785252872400175120,true,3,0.000194
1785252872427539724,false,3,0.000194
1785252872485418111,true,3,0.000212
1785252872500207283,true,3,0.000006
1785252872546633587,true,3,0.000141
1785252872561185781,false,3,0.000141
1785252872601300336,true,3,0.000066
1785252872627812365,false,3,0.000066
1785252872680792328,true,3,0.000391
1785252872703969519,true,3,0.000034
1785252872740805034,true,2,0.000512
1785252872779900883,true,3,0.000208
1785252872801646388,true,3,0.000001
1785252872845830067,true,3,0.000091
1785252872861507783,false,3,0.000091
1785252872902648008,true,3,0.000042
1785252872927992234,false,3,0.000042
1785252872979691923,true,3,0.000175
1785252873003055910,true,3,0.000041
1785252873044596743,true,3,0.000227
1785252873078278960,true,3,0.000138
1785252873105419155,true,3,0.000051
1785252873144790562,true,3,0.000118
1785252873161348951,false,3,0.000118
1785252873204220809,true,3,0.000036
1785252873227781982,false,3,0.000036
1785252873278434021,true,3,0.000081
1785252873304333722,true,3,0.000067
1785252873343407283,true,3,0.000271
1785252873378263583,true,3,0.000051
1785252873405742484,true,3,0.000159
1785252873442888021,true,3,0.000136
1785252873461255745,false,3,0.000136
1785252873509207751,true,3,0.000218
1785252873527848532,false,3,0.000218
1785252873580445165,true,3,0.000207
1785252873607429621,true,3,0.000150
1785252873640923636,true,3,0.000210
1785252873678772857,true,3,0.000050
1785252873709012329,true,3,0.000011
1785252873740661020,true,3,0.000170
1785252873761198806,false,3,0.000170
1785252873810576388,true,3,0.000095
1785252873827745711,false,3,0.000095
1785252873878904905,true,3,0.000178
1785252873910772929,true,3,0.000354
1785252873935560496,true,2,0.000272
1785252873981381256,true,3,0.000070
1785252874011070107,true,3,0.000043
1785252874037005247,true,3,0.000070
1785252874061303720,false,3,0.000070
1785252874112251204,true,3,0.000424
1785252874127684136,false,3,0.000424
1785252874179949813,true,3,0.000139
1785252874212670848,true,3,0.000131
1785252874227537133,false,3,0.000131
1785252874279963617,true,3,0.000117
1785252874315066605,true,3,0.000152
1785252874335293361,true,3,0.000001
1785252874361615379,false,3,0.000001
1785252874414624632,true,3,0.000262
1785252874427809034,false,3,0.000262
1785252874482780890,true,3,0.000098
1785252874514133217,true,3,0.000045
1785252874534981060,true,3,0.000000
1785252874580549111,true,3,0.000139
1785252874615226409,true,3,0.000140
1785252874635077670,true,3,0.000096
1785252874660998589,false,3,0.000096
1785252874715084505,true,3,0.000178
1785252874727990252,false,3,0.000178
1785252874781022595,true,3,0.000063
1785252874815297879,true,3,0.000068
1785252874827638807,false,3,0.000068
1785252874881588579,true,3,0.000130
1785252874917894135,true,3,0.000109
1785252874935579621,true,3,0.000024
1785252874961090632,false,3,0.000024
1785252875014844061,true,3,0.000101
1785252875027824436,false,3,0.000101
1785252875080892394,true,3,0.000268
1785252875113177735,true,3,0.000216
1785252875135201179,true,3,0.000035
1785252875161225201,false,3,0.000035
1785252875213939952,true,3,0.000048
1785252875235121752,true,3,0.000048
1785252875261505400,false,3,0.000048
1785252875316495796,true,3,0.000074
1785252875327962862,false,3,0.000074
1785252875377441236,true,3,0.000161
1785252875416792387,true,3,0.000152
1785252875427346088,false,3,0.000152
1785252875478459963,true,3,0.000152
1785252875512548839,true,3,0.000073
1785252875538231533,true,3,0.000001
1785252875561301968,false,3,0.000001
1785252875614556150,true,3,0.000088
1785252875627795071,false,3,0.000088
1785252875677233711,true,3,0.000302
1785252875713229078,true,3,0.000407
1785252875740672104,true,3,0.000019
1785252875776392314,true,3,0.000298
1785252875811235279,true,3,0.000207
1785252875845594328,true,3,0.000068
1785252875861377306,false,3,0.000068
1785252875912254601,true,3,0.000126
1785252875927762451,false,3,0.000126
1785252875973944591,true,3,0.000185
1785252876012102466,true,3,0.000281
1785252876027682174,false,3,0.000281
1785252876073873793,true,3,0.000179
1785252876115732942,true,3,0.000037
1785252876143398769,true,3,0.000117
1785252876161406757,false,3,0.000117
1785252876212290391,true,3,0.000032
1785252876227965521,false,3,0.000032
1785252876271096222,true,3,0.000105
1785252876313714455,true,3,0.000067
1785252876348172946,true,3,0.000045
1785252876370785465,true,3,0.000066
1785252876415386894,true,3,0.000089
1785252876445369846,true,3,0.000265
1785252876461198629,false,3,0.000265
1785252876512892080,true,3,0.000077
1785252876527682227,false,3,0.000077
1785252876569518488,true,3,0.000004
1785252876614177831,true,3,0.000320
1785252876647025870,true,3,0.000164
1785252876668944611,true,3,0.000000
1785252876714132946,true,3,0.000078
1785252876751007275,true,3,0.000126
1785252876761249312,false,3,0.000126
1785252876815268378,true,3,0.000123
1785252876827818486,false,3,0.000123
1785252876868157592,true,3,0.000000
1785252876915245481,true,3,0.000336
1785252876947608110,true,3,0.000053
1785252876966351888,true,2,0.000117
1785252877016171966,true,3,0.000024
1785252877043339914,true,2,0.000213
1785252877061152829,false,2,0.000213
1785252877114603468,true,3,0.000255
1785252877128080934,false,3,0.000255
1785252877167204680,true,3,0.000000
1785252877212136794,true,2,0.000327
1785252877243137311,true,2,0.000238
1785252877267654504,true,3,0.000023
1785252877312495421,true,3,0.000312
1785252877349210494,true,3,0.000089
1785252877361198557,false,3,0.000089
1785252877411867373,true,3,0.000052
1785252877427984037,false,3,0.000052
1785252877467258120,true,2,0.000081
1785252877512026599,true,3,0.000044
1785252877548939537,true,3,0.000139
1785252877569390135,true,3,0.000006
1785252877616223592,true,3,0.000207
1785252877648759375,true,3,0.000117
1785252877661292987,false,3,0.000117
1785252877711835465,true,3,0.000162
1785252877727762630,false,3,0.000162
1785252877771518141,true,3,0.000071
1785252877810189782,true,3,0.000126
1785252877827356285,false,3,0.000126
1785252877870903652,true,3,0.000154
1785252877906519618,true,2,0.000704
1785252877946198936,true,3,0.000321
1785252877961454375,false,3,0.000321
1785252878010379432,true,3,0.000152
1785252878027611367,false,3,0.000152
1785252878073403003,true,3,0.000034
1785252878112201191,true,3,0.000229
1785252878146964886,true,3,0.000453
1785252878170797185,true,2,0.000297
1785252878207871141,true,3,0.000010
1785252878245414461,true,3,0.000084
1785252878261452545,false,3,0.000084
1785252878307782056,true,3,0.000211
1785252878327706598,false,3,0.000211
1785252878376568882,true,3,0.000344
1785252878405611397,true,3,0.000204
1785252878446750437,true,3,0.000316
1785252878477300651,true,3,0.000128
1785252878509248581,true,3,0.000037
1785252878546325427,true,3,0.000024
1785252878561229157,false,3,0.000024
1785252878605141844,true,3,0.000063
1785252878627654250,false,3,0.000063
1785252878678220504,true,3,0.000398
1785252878702929694,true,3,0.000024
1785252878746352819,true,3,0.000134
1785252878780483319,true,3,0.000132
1785252878802878565,true,3,0.000055
1785252878848727069,true,3,0.000093
1785252878861409869,false,3,0.000093
1785252878900925498,true,2,0.000122
1785252878927600851,false,2,0.000122
1785252878985182876,true,3,0.000205
1785252879001441163,true,3,0.000008
1785252879051379080,true,3,0.000143
1785252879061096044,false,3,0.000143
1785252879100876452,true,3,0.000131
1785252879148571202,true,3,0.000160
1785252879161414012,false,3,0.000160
1785252879205673698,true,3,0.000000
1785252879227921909,false,3,0.000000
1785252879287181195,true,3,0.000243
1785252879301053726,true,3,0.000029
1785252879349545439,true,3,0.000057
1785252879382725220,true,3,0.000048
1785252879405782012,true,3,0.000013
1785252879448154152,true,3,0.000055
1785252879461220956,false,3,0.000055
1785252879500663662,true,2,0.000164
1785252879527841263,false,2,0.000164
1785252879583824974,true,3,0.000171
1785252879602144234,true,3,0.000255
1785252879647540423,true,3,0.000079
1785252879681538714,true,3,0.000087
1785252879702720000,true,3,0.000011
1785252879747382428,true,3,0.000132
1785252879761159428,false,3,0.000132
1785252879803264198,true,3,0.000034
1785252879827709834,false,3,0.000034
1785252879889384827,true,3,0.000123
1785252879903550802,true,3,0.000000
1785252879946622564,true,3,0.000036
1785252879980275746,true,3,0.000142
1785252880003347286,true,3,0.000045
1785252880046314671,true,3,0.000270
1785252880061343957,false,3,0.000270
1785252880102440933,true,2,0.000364
1785252880127910526,false,2,0.000364
1785252880180816721,true,3,0.000153
1785252880204802666,true,3,0.000002
1785252880227547363,false,3,0.000002
1785252880279864184,true,3,0.000065
1785252880311061521,true,3,0.000128
1785252880343011166,true,3,0.000065
1785252880361225472,false,3,0.000065
1785252880406507187,true,3,0.000066
1785252880427805440,false,3,0.000066
1785252880477602372,true,3,0.000185
1785252880507534261,true,3,0.000095
1785252880541405770,true,3,0.000059
1785252880578313951,true,3,0.000196
1785252880605154284,true,2,0.000086
1785252880640122852,true,3,0.000125
1785252880661480040,false,3,0.000125
1785252880710219683,true,3,0.000133
1785252880728030186,false,3,0.000133
1785252880782562810,true,3,0.000077
1785252880812101839,true,3,0.000049
1785252880838986407,true,3,0.000166
1785252880861468836,false,3,0.000166
1785252880911220550,true,3,0.000089
1785252880937912254,true,3,0.000036
1785252880961298754,false,3,0.000036
1785252881013512590,true,3,0.000461
1785252881027898744,false,3,0.000461
1785252881080297926,true,3,0.000051
1785252881113520113,true,3,0.000630
1785252881135725594,true,3,0.000077
1785252881179912738,true,3,0.000153
1785252881218942497,true,3,0.000032
1785252881236692549,true,3,0.000031
1785252881261338532,false,3,0.000031
1785252881314503650,true,3,0.000041
1785252881327487857,false,3,0.000041
1785252881381674857,true,3,0.000171
1785252881415685159,true,3,0.000047
1785252881435096056,true,3,0.000045
1785252881480511095,true,3,0.000016
1785252881513860511,true,3,0.000089
1785252881534893445,true,3,0.000047
1785252881561300074,false,3,0.000047
1785252881615097740,true,3,0.000120
1785252881627686706,false,3,0.000120
1785252881685794423,true,3,0.000243
1785252881714119937,true,3,0.000090
1785252881735177228,true,3,0.000110
1785252881781102388,true,3,0.000021
1785252881808706690,true,2,0.000114
1785252881835226491,true,3,0.000012
1785252881861297663,false,3,0.000012
1785252881911093064,true,2,0.000167
1785252881927631062,false,2,0.000167
1785252881981549178,true,3,0.000091
1785252882014853944,true,3,0.000055
1785252882027642441,false,3,0.000055
1785252882079856027,true,3,0.000112
1785252882118779194,true,3,0.000046
1785252882135790476,true,3,0.000023
1785252882161221956,false,3,0.000023
1785252882215186390,true,3,0.000129
1785252882227711929,false,3,0.000129
1785252882279293084,true,3,0.000154
1785252882316346609,true,3,0.000087
1785252882337121371,true,3,0.000000
1785252882378994666,true,3,0.000175
1785252882412838564,true,3,0.000097
1785252882435772122,true,2,0.000234
1785252882461139602,false,2,0.000234
1785252882513948528,true,3,0.000258
1785252882528051880,false,3,0.000258
1785252882579892107,true,3,0.000152
1785252882612044170,true,3,0.000155
1785252882640058905,true,3,0.000026
1785252882675944685,true,3,0.000477
1785252882711653214,true,3,0.000101
1785252882740784862,true,3,0.000054
1785252882761491704,false,3,0.000054
1785252882812573036,true,3,0.000099
1785252882827727280,false,3,0.000099
1785252882874038097,true,3,0.000149
1785252882912066775,true,3,0.000166
1785252882941960638,true,3,0.000389
1785252882961050314,false,3,0.000389
1785252883015970545,true,3,0.000095
1785252883043142932,true,3,0.000118
1785252883061242748,false,3,0.000118
1785252883113580258,true,3,0.000022
1785252883128170724,false,3,0.000022
1785252883172072279,true,3,0.000146
1785252883208325128,true,2,0.000517
1785252883227374021,false,2,0.000517
1785252883271238202,true,3,0.000115
1785252883314061097,true,3,0.000135
1785252883346316023,true,3,0.000138
1785252883361294090,false,3,0.000138
1785252883413671931,true,3,0.000101
1785252883427885665,false,3,0.000101
1785252883469973081,true,3,0.000073
1785252883519313053,true,3,0.000352
1785252883547039171,true,3,0.000044
1785252883568989021,true,3,0.000000
1785252883616789615,true,3,0.000194
1785252883647864602,true,3,0.000156
1785252883661335904,false,3,0.000156
1785252883715698078,true,3,0.000115
1785252883727827267,false,3,0.000115
1785252883767940369,true,3,0.000000
1785252883817626467,true,3,0.000204
1785252883827859404,false,3,0.000204
1785252883867542673,true,3,0.000061
1785252883915734828,true,3,0.000303
1785252883954404262,true,3,0.000253
1785252883961028323,false,3,0.000253
1785252884015228281,true,3,0.000233
1785252884027857519,false,3,0.000233
1785252884067511970,true,3,0.000038
1785252884114438103,true,3,0.000097
1785252884150013352,true,3,0.000061
1785252884167878920,true,3,0.000000
1785252884211654016,true,3,0.000114
1785252884249767651,true,3,0.000315
1785252884261333894,false,3,0.000315
1785252884313637665,true,3,0.000168
1785252884327944307,false,3,0.000168
1785252884368801491,true,3,0.000034
1785252884411353891,true,2,0.000443
1785252884449076266,true,3,0.000314
1785252884467363749,true,2,0.000156
1785252884515978933,true,3,0.000185
1785252884547680542,true,3,0.000122
1785252884561053225,false,3,0.000122
1785252884614479665,true,3,0.000062
1785252884627567999,false,3,0.000062
1785252884668312796,true,2,0.000050
1785252884712643706,true,3,0.000216
1785252884746722792,true,3,0.000092
1785252884769234435,true,2,0.000103
1785252884810545466,true,2,0.000240
1785252884848179926,true,3,0.000028
1785252884861456127,false,3,0.000028
1785252884911394417,true,3,0.000387
1785252884928171984,false,3,0.000387
1785252884972823748,true,3,0.000158
1785252885009668339,true,3,0.000042
1785252885027413382,false,3,0.000042
1785252885074019994,true,3,0.000064
1785252885108770659,true,3,0.000027
1785252885147491742,true,3,0.000136
1785252885161224929,false,3,0.000136
1785252885208475189,true,3,0.000019
1785252885227673104,false,3,0.000019
1785252885276577519,true,3,0.000287
1785252885311183394,true,3,0.000015
1785252885346845083,true,3,0.000051
1785252885360900158,false,3,0.000051
1785252885405432587,true,3,0.000054
1785252885446748051,true,3,0.000056
1785252885461211841,false,3,0.000056
1785252885506053619,true,3,0.000171
1785252885527830968,false,3,0.000171
1785252885579201714,true,3,0.000262
1785252885603293188,true,3,0.000006
1785252885627382867,false,3,0.000006
1785252885678898164,true,3,0.000121
1785252885702863175,true,3,0.000168
1785252885748765308,true,3,0.000122
1785252885761099671,false,3,0.000122
1785252885806895233,true,3,0.000139
1785252885827673845,false,3,0.000139
1785252885880017803,true,3,0.000419
1785252885899783864,true,2,0.000182
1785252885950231061,true,3,0.000106
1785252885981822149,true,3,0.000239
1785252885999789460,true,2,0.000013
1785252886048755813,true,3,0.000275
1785252886061366464,false,3,0.000275
1785252886101967545,true,3,0.000029
1785252886127826584,false,3,0.000029
1785252886184239092,true,3,0.000464
1785252886199878204,true,2,0.000046
1785252886227295912,false,2,0.000046
1785252886287113533,true,3,0.000070
1785252886301090804,true,3,0.000010
1785252886347568275,true,3,0.000199
1785252886361349514,false,3,0.000199
1785252886400536119,true,2,0.000167
1785252886428002212,false,2,0.000167
1785252886482068529,true,3,0.000567
1785252886500001692,true,2,0.000259
1785252886548702078,true,3,0.000472
1785252886580890635,true,3,0.000045
1785252886602444175,true,3,0.000059
1785252886647197156,true,2,0.000264
1785252886661286136,false,2,0.000264
1785252886705898145,true,2,0.000078
1785252886727845303,false,2,0.000078
1785252886782251871,true,3,0.000083
1785252886800382573,true,2,0.000324
1785252886827603732,false,2,0.000324
1785252886880835439,true,3,0.000319
1785252886902405961,true,3,0.000051
1785252886945705371,true,3,0.000087
1785252886960987113,false,3,0.000087
1785252887004083011,true,3,0.000037
1785252887027826781,false,3,0.000037
1785252887079666113,true,3,0.000264
1785252887104202247,true,3,0.000011
1785252887145333256,true,3,0.000353
1785252887183439369,true,3,0.000166
1785252887206116487,true,3,0.000042
1785252887245696801,true,3,0.000145
1785252887261248706,false,3,0.000145
1785252887307365567,true,3,0.000152
1785252887327745180,false,3,0.000152
1785252887378905769,true,3,0.000269
1785252887405014906,true,2,0.000476
1785252887427192073,false,2,0.000476
1785252887478974893,true,3,0.000137
1785252887508795978,true,3,0.000269
1785252887540418767,true,3,0.000118
1785252887561004496,false,3,0.000118
1785252887612007384,true,3,0.000231
1785252887627830682,false,3,0.000231
1785252887683988547,true,3,0.000199
1785252887710720842,true,3,0.000060
1785252887738980582,true,3,0.000148
1785252887780325200,true,3,0.000115
1785252887810827079,true,3,0.000222
1785252887838776097,true,3,0.000045
1785252887860963655,false,3,0.000045
1785252887913253516,true,3,0.000192
1785252887927803781,false,3,0.000192
1785252887980701813,true,3,0.000116
1785252888014254824,true,3,0.000103
1785252888036527467,true,3,0.000007
1785252888084819472,true,3,0.000051
1785252888114227768,true,3,0.000129
1785252888136680823,true,3,0.000000
1785252888161504102,false,3,0.000000
1785252888211216075,true,2,0.000428
1785252888227778814,false,2,0.000428
1785252888282157317,true,3,0.000365
1785252888315723171,true,3,0.000343
1785252888335386540,true,3,0.000094
1785252888381555014,true,3,0.000094
1785252888409412805,true,2,0.000091
1785252888435192417,true,3,0.000043
1785252888461403343,false,3,0.000043
1785252888520488403,true,3,0.000076
1785252888527826159,false,3,0.000076
1785252888583984808,true,3,0.000141
1785252888614839533,true,3,0.000067
1785252888627544652,false,3,0.000067
1785252888680957844,true,2,0.000584
1785252888715909933,true,3,0.000246
1785252888734689197,true,3,0.000000
1785252888761202742,false,3,0.000000
1785252888810382648,true,2,0.000236
1785252888828008750,false,2,0.000236
1785252888888676536,true,3,0.000130
1785252888919904086,true,3,0.000161
1785252888935581033,true,3,0.000042
1785252888987647450,true,3,0.000075
1785252889010761738,true,2,0.000222
1785252889035838487,true,3,0.000000
1785252889061167800,false,3,0.000000
1785252889116482882,true,3,0.000301
1785252889127701434,false,3,0.000301
1785252889180894468,true,3,0.000145
1785252889214754370,true,3,0.000116
1785252889227640231,false,3,0.000116
1785252889278490800,true,3,0.000114
1785252889316108714,true,3,0.000208
1785252889338203099,true,3,0.000145
1785252889361124098,false,3,0.000145
1785252889415410521,true,3,0.000225
1785252889427957531,false,3,0.000225
1785252889486662891,true,3,0.000113
1785252889515999109,true,3,0.000079
1785252889542738543,true,3,0.000069
1785252889578520734,true,3,0.000249
1785252889614000780,true,3,0.000169
1785252889641664638,true,3,0.000109
1785252889661304335,false,3,0.000109
1785252889714806902,true,3,0.000337
1785252889727943110,false,3,0.000337
1785252889776325288,true,3,0.000190
1785252889814144255,true,3,0.000083
1785252889843452615,true,3,0.000092
1785252889861241427,false,3,0.000092
1785252889924791714,true,4,0.000010
1785252889946495986,true,3,0.000096
1785252889961078086,false,3,0.000096
1785252890015600696,true,3,0.000101
1785252890027931153,false,3,0.000101
1785252890077914756,true,3,0.000061
1785252890116402135,true,3,0.000134
1785252890147457310,true,3,0.000150
1785252890173213860,true,3,0.000054
1785252890214901448,true,3,0.000030
1785252890249828288,true,3,0.000045
1785252890261298835,false,3,0.000045
1785252890315721104,true,3,0.000002
1785252890327977430,false,3,0.000002
1785252890374770168,true,3,0.000001
1785252890417276566,true,3,0.000080
1785252890427419994,false,3,0.000080
1785252890468910671,true,3,0.000108
1785252890518994134,true,3,0.000308
1785252890550366821,true,3,0.000158
1785252890561342957,false,3,0.000158
1785252890617130152,true,3,0.000169
1785252890627560037,false,3,0.000169
1785252890668523720,true,3,0.000040
1785252890718796335,true,3,0.000090
1785252890749889034,true,3,0.000137
1785252890767394206,true,3,0.000041
1785252890822484367,true,3,0.000039
1785252890854195562,true,3,0.000076
1785252890860876761,false,3,0.000076
1785252890918216941,true,3,0.000263
1785252890927777419,false,3,0.000263
1785252890968432425,true,3,0.000106
1785252891019565225,true,3,0.000118
1785252891027730677,false,3,0.000118
1785252891068390662,true,3,0.000100
1785252891114894998,true,3,0.000052
1785252891145502708,true,2,0.000772
1785252891161378263,false,2,0.000772
1785252891209764289,true,2,0.000538
1785252891227928037,false,2,0.000538
1785252891270513703,true,3,0.000079
1785252891318971400,true,3,0.000191
1785252891327460356,false,3,0.000191
1785252891369446993,true,3,0.000041
1785252891413281707,true,3,0.000037
1785252891448179038,true,3,0.000294
1785252891461541573,false,3,0.000294
1785252891510285708,true,2,0.000513
1785252891527420350,false,2,0.000513
1785252891571181825,true,3,0.000056
1785252891619894314,true,3,0.000272
1785252891627349334,false,3,0.000272
1785252891675497965,true,3,0.000054
1785252891720845253,true,3,0.000177
1785252891749732398,true,3,0.000018
1785252891761224607,false,3,0.000018
1785252891817660020,true,3,0.000259
1785252891827783496,false,3,0.000259
1785252891874525821,true,3,0.000078
1785252891910744161,true,3,0.000081
1785252891946946665,true,3,0.000085
1785252891975393843,true,3,0.000064
1785252892011614414,true,3,0.000132
1785252892046719555,true,3,0.000014
1785252892061342506,false,3,0.000014
1785252892111365455,true,3,0.000143
1785252892127767915,false,3,0.000143
1785252892176026781,true,3,0.000066
1785252892206412412,true,3,0.000036
1785252892250181731,true,3,0.000065
1785252892277304481,true,3,0.000039
1785252892306273255,true,3,0.000322
1785252892345577108,true,3,0.000059
1785252892361124884,false,3,0.000059
1785252892405825567,true,3,0.000033
1785252892427858981,false,3,0.000033
1785252892477818830,true,3,0.000087
1785252892503096038,true,3,0.000153
1785252892547989558,true,3,0.000135
1785252892561087841,false,3,0.000135
1785252892603148342,true,3,0.000011
1785252892650786409,true,3,0.000132
1785252892661120341,false,3,0.000132
1785252892709386044,true,3,0.000123
1785252892727740480,false,3,0.000123
1785252892790804852,true,4,0.000107
1785252892801876570,true,3,0.000033
1785252892827327355,false,3,0.000033
1785252892889337213,true,3,0.000461
1785252892907498140,true,3,0.000027
1785252892950757876,true,3,0.000192
1785252892961140504,false,3,0.000192
1785252893002194357,true,3,0.000186
1785252893027584892,false,3,0.000186
1785252893082715473,true,3,0.000324
1785252893100725152,true,3,0.000024
1785252893147192982,true,3,0.000154
1785252893185380249,true,3,0.000112
1785252893201028319,true,3,0.000000
1785252893248769597,true,3,0.000055
1785252893261346054,false,3,0.000055
1785252893302303550,true,3,0.000060
1785252893327722005,false,3,0.000060
1785252893382162981,true,3,0.000366
1785252893402652603,true,3,0.000063
1785252893427500507,false,3,0.000063
1785252893482277124,true,3,0.000236
1785252893501763473,true,3,0.000119
1785252893549556949,true,3,0.000246
1785252893561090129,false,3,0.000246
1785252893601303645,true,3,0.000023
1785252893627837091,false,3,0.000023
1785252893687486584,true,3,0.000091
1785252893701647619,true,3,0.000034
1785252893745703349,true,3,0.000170
1785252893780799589,true,3,0.000295
1785252893800536515,true,2,0.000231
1785252893846509075,true,3,0.000217
1785252893861163160,false,3,0.000217
1785252893904435933,true,3,0.000116
1785252893927469929,false,3,0.000116
1785252893982387942,true,3,0.000319
1785252894006117734,true,3,0.000000
1785252894027139114,false,3,0.000000
1785252894081361888,true,3,0.000170
1785252894111274844,true,3,0.000179
1785252894143934401,true,3,0.000113
1785252894161421547,false,3,0.000113
1785252894208919434,true,3,0.000090
1785252894227714346,false,3,0.000090
1785252894278928143,true,3,0.000157
1785252894310846724,true,3,0.000091
1785252894342518448,true,3,0.000163
1785252894379522179,true,3,0.000103
1785252894408972518,true,3,0.000011
1785252894441827174,true,3,0.000029
1785252894461290299,false,3,0.000029
1785252894510425091,true,3,0.000126
1785252894527539063,false,3,0.000126
1785252894585386285,true,3,0.000129
1785252894611575847,true,3,0.000091
1785252894627550626,false,3,0.000091
1785252894680357139,true,3,0.000131
1785252894710845882,true,3,0.000077
1785252894737462322,true,3,0.000076
1785252894761226503,false,3,0.000076
1785252894811424071,true,3,0.000104
1785252894827914963,false,3,0.000104
1785252894882279639,true,3,0.000378
1785252894913383362,true,3,0.000127
1785252894937717532,true,3,0.000000
1785252894981080524,true,3,0.000106
1785252895019903871,true,3,0.000286
1785252895035221241,true,2,0.000101
1785252895061157801,false,2,0.000101
1785252895112965407,true,3,0.000168
1785252895127790386,false,3,0.000168
1785252895187871666,true,4,0.000258
1785252895214952564,true,3,0.000126
1785252895227414460,false,3,0.000126
1785252895291008985,true,4,0.000395
1785252895322606371,true,4,0.000200
1785252895334406135,true,3,0.000069
1785252895360940310,false,3,0.000069
1785252895417032914,true,3,0.000390
1785252895427715522,false,3,0.000390
1785252895486758554,true,3,0.000305
1785252895521440999,true,3,0.000201
1785252895533610251,true,3,0.000238
1785252895589613498,true,3,0.000150
1785252895621186367,true,3,0.000118
1785252895632781341,true,3,0.000000
1785252895660935941,false,3,0.000000
1785252895721027801,true,3,0.000354
1785252895727516402,false,3,0.000354
1785252895783460962,true,3,0.000154
1785252895823350722,true,3,0.000202
1785252895827372649,false,3,0.000202
1785252895885886382,true,3,0.000294
1785252895923000733,true,3,0.000298
1785252895939547449,true,2,0.000147
1785252895961152815,false,2,0.000147
1785252896032261975,true,4,0.000004
1785252896032319805,false,4,0.000004
1785252896087794369,true,4,0.000183
1785252896120396199,true,3,0.000244
1785252896127531318,false,3,0.000244
1785252896178345527,true,3,0.000287
1785252896220435199,true,3,0.000159
1785252896235234626,true,2,0.000060
1785252896261197485,false,2,0.000060
1785252896322524420,true,3,0.000255
1785252896327916565,false,3,0.000255
1785252896381897811,true,4,0.000137
1785252896419835887,true,3,0.000174
1785252896427166881,false,3,0.000174
1785252896481319517,true,3,0.000210
1785252896520516660,true,3,0.000240
1785252896540455455,true,3,0.000225
1785252896560966502,false,3,0.000225
1785252896620844726,true,3,0.000420
1785252896627570110,false,3,0.000420
1785252896673962383,true,3,0.000340
1785252896721079157,true,3,0.000216
1785252896727214312,false,3,0.000216
1785252896773178948,true,3,0.000092
1785252896820483937,true,3,0.000254
1785252896842604555,true,3,0.000180
1785252896861091792,false,3,0.000180
1785252896921772304,true,3,0.000334
1785252896927677898,false,3,0.000334
1785252896976981256,true,3,0.000286
1785252897021931690,true,3,0.000324
1785252897027105640,false,3,0.000324
1785252897070183285,true,3,0.000002
1785252897124791666,true,3,0.000152
1785252897146550195,true,3,0.000272
1785252897161151952,false,3,0.000272
1785252897221130328,true,3,0.000168
1785252897227576105,false,3,0.000168
1785252897269264120,true,3,0.000052
1785252897324444153,true,3,0.000299
1785252897348694524,true,3,0.000151
1785252897366997083,true,3,0.000053
1785252897427611078,true,3,0.000677
1785252897447199401,true,3,0.000170
1785252897461200530,false,3,0.000170
1785252897522802620,true,3,0.000109
1785252897527739058,false,3,0.000109
1785252897566218264,true,3,0.000000
1785252897621112495,true,3,0.000085
1785252897649726160,true,3,0.000150
1785252897661117409,false,3,0.000150
1785252897721204219,true,3,0.000239
1785252897752796206,true,3,0.000547
1785252897761235839,false,3,0.000547
1785252897819424082,true,3,0.000210
1785252897827581763,false,3,0.000210
1785252897866157926,true,3,0.000000
1785252897927326929,true,4,0.000071
1785252897953691303,true,3,0.000351
1785252897966346582,true,3,0.000000
1785252898016909497,true,3,0.000396
1785252898052113569,true,3,0.000391
1785252898060963087,false,3,0.000391
1785252898116980751,true,3,0.000115
1785252898127814290,false,3,0.000115
1785252898166833149,true,3,0.000025
1785252898214425736,true,3,0.000418
1785252898227060286,false,3,0.000418
1785252898266812368,true,3,0.000131
1785252898322718916,true,4,0.000368
1785252898361089498,true,3,0.000314
1785252898361968749,false,3,0.000314
1785252898412511775,true,3,0.000246
1785252898427861590,false,3,0.000246
1785252898466816919,true,3,0.000040
1785252898512021701,true,3,0.000429
1785252898569035777,true,4,0.000050
1785252898574494764,true,2,0.000054
1785252898615562578,true,3,0.000229
1785252898672443024,true,4,0.000365
1785252898672531930,false,4,0.000365
1785252898711554794,true,3,0.000145
1785252898727528335,false,3,0.000145
1785252898769821107,true,3,0.000648
1785252898818510796,true,3,0.000291
1785252898864031635,true,4,0.000309
1785252898873955085,true,3,0.000153
1785252898908565007,true,3,0.000080
1785252898964749280,true,4,0.000079
1785252898964783178,false,4,0.000079
1785252899007272219,true,3,0.000300
1785252899027813497,false,3,0.000300
1785252899074819891,true,3,0.000311
1785252899106088664,true,3,0.000241
1785252899127345997,false,3,0.000241
1785252899180647535,true,4,0.000285
1785252899203729586,true,3,0.000167
1785252899271214828,true,4,0.000245
1785252899272080112,false,4,0.000245
1785252899302961419,true,3,0.000141
1785252899327749968,false,3,0.000141
1785252899378456431,true,3,0.000485
1785252899400984218,true,3,0.000000
1785252899427327193,false,3,0.000000
1785252899482167210,true,4,0.000405
1785252899500726883,true,3,0.000273
1785252899564604085,true,4,0.000345
1785252899564684421,false,4,0.000345
1785252899602906533,true,3,0.000044
1785252899627691457,false,3,0.000044
1785252899679811865,true,3,0.000243
1785252899699599937,true,3,0.000000
1785252899766403323,true,4,0.000213
1785252899787529647,true,3,0.000279
1785252899800238038,true,3,0.000062
1785252899861637651,true,4,0.000093
1785252899861663854,false,4,0.000093
1785252899901002140,true,3,0.000043
1785252899927869753,false,3,0.000043
1785252899989984357,true,4,0.000084
1785252900000300849,true,3,0.000213
1785252900057294053,true,4,0.000159
1785252900089659972,true,4,0.000006
1785252900100847472,true,3,0.000356
1785252900158585203,true,3,0.000329
1785252900161035106,false,3,0.000329
1785252900201944800,true,3,0.000111
1785252900227932358,false,3,0.000111
1785252900291194213,true,4,0.000154
1785252900301274314,true,3,0.000089
1785252900355713763,true,4,0.000077
1785252900383886672,true,3,0.000195
1785252900400039137,true,2,0.000134
1785252900449937240,true,3,0.000169
1785252900461042346,false,3,0.000169
1785252900502755948,true,3,0.000057
1785252900527742575,false,3,0.000057
1785252900593388583,true,4,0.000586
1785252900607823309,true,3,0.000071
1785252900627457904,false,3,0.000071
1785252900698628083,true,5,0.000114
1785252900706439965,true,3,0.000053
1785252900752474982,true,4,0.000028
1785252900761115078,false,4,0.000028
1785252900805419731,true,3,0.000040
1785252900827824823,false,3,0.000040
1785252900891524179,true,4,0.000502
1785252900908358509,true,4,0.000331
1785252900945667659,true,3,0.000321
1785252900981989430,true,3,0.000645
1785252901006500719,true,3,0.000038
1785252901051300276,true,3,0.000153
1785252901061489483,false,3,0.000153
1785252901107396552,true,3,0.000220
1785252901127552472,false,3,0.000220
1785252901187158361,true,4,0.000195
1785252901207519571,true,3,0.000066
1785252901227533128,false,3,0.000066
1785252901285570843,true,4,0.000276
1785252901309806325,true,3,0.000360
1785252901340561408,true,3,0.000159
1785252901361089735,false,3,0.000159
1785252901413056333,true,4,0.000533
1785252901427892610,false,4,0.000533
1785252901488724657,true,4,0.000175
1785252901510530438,true,3,0.000241
1785252901544341936,true,2,0.000396
1785252901584372076,true,3,0.000567
1785252901614803638,true,3,0.000054
1785252901639273830,true,3,0.000002
1785252901661487245,false,3,0.000002
1785252901713009967,true,3,0.000958
1785252901727824184,false,3,0.000958
1785252901786793695,true,3,0.000893
1785252901813455323,true,3,0.000187
1785252901827331191,false,3,0.000187
1785252901889901435,true,3,0.000242
1785252901914150382,true,3,0.000582
1785252901936554529,true,3,0.000105
1785252901961536796,false,3,0.000105
1785252902028102286,true,4,0.000168
1785252902029109727,false,4,0.000168
1785252902102061438,true,4,0.000577
1785252902126511180,true,3,0.000481
1785252902127406487,false,3,0.000481
1785252902201816859,true,4,0.000229
1785252902226563840,true,3,0.000127
1785252902234020865,true,3,0.000000
1785252902261171050,false,3,0.000000
1785252902326576847,true,4,0.000101
1785252902327647567,false,4,0.000101
1785252902397262804,true,4,0.000162
1785252902424947468,true,3,0.000319
1785252902427257169,false,3,0.000319
1785252902496849154,true,4,0.000180
1785252902532668386,true,3,0.000330
1785252902537633032,true,3,0.000000
1785252902561053085,false,3,0.000000
1785252902636073072,true,4,0.000148
1785252902636102247,false,4,0.000148
1785252902693873614,true,4,0.000164
1785252902731619516,true,4,0.000040
1785252902731653142,false,4,0.000040
1785252902784867435,true,3,0.000168
1785252902825427528,true,3,0.000353
1785252902834152357,true,3,0.000000
1785252902861869415,false,3,0.000000
1785252902923794446,true,3,0.000389
1785252902927935128,false,3,0.000389
1785252902989834227,true,4,0.000309
1785252903039507116,true,4,0.000204
1785252903046231466,true,3,0.000177
1785252903080871019,true,3,0.000208
1785252903132133420,true,4,0.000104
1785252903138302144,true,3,0.000000
1785252903161103826,false,3,0.000000
1785252903228024670,true,3,0.000514
1785252903228074915,false,3,0.000514
1785252903276811625,true,3,0.000221
1785252903326173398,true,3,0.000154
1785252903327191092,false,3,0.000154
1785252903375908742,true,3,0.000368
1785252903426274835,true,3,0.000568
1785252903444132267,true,3,0.000043
1785252903460989072,false,3,0.000043
1785252903535145819,true,4,0.000275
1785252903535174530,false,4,0.000275
1785252903573009219,true,3,0.000105
1785252903637987307,true,4,0.000051
1785252903638094249,false,4,0.000051
1785252903672478424,true,3,0.000213
1785252903736219172,true,4,0.000146
1785252903747799826,true,3,0.000112
1785252903760954346,false,3,0.000112
1785252903828175826,true,3,0.000315
1785252903828215633,false,3,0.000315
1785252903869815396,true,3,0.000498
1785252903927909806,true,3,0.000352
1785252903951129997,true,3,0.000246
1785252903961017341,false,3,0.000246
1785252904037092289,true,4,0.000140
1785252904051924827,true,3,0.000216
1785252904061351483,false,3,0.000216
1785252904128043847,true,3,0.000388
1785252904128128525,false,3,0.000388
1785252904169326264,true,3,0.000112
1785252904226425781,true,3,0.000396
1785252904227261877,false,3,0.000396
1785252904266152896,true,3,0.000072
1785252904328665843,true,4,0.000406
1785252904346803209,true,3,0.000170
1785252904361112470,false,3,0.000170
1785252904429102010,true,4,0.000113
1785252904429139102,false,4,0.000113
1785252904473738765,true,3,0.000024
1785252904532135142,true,5,0.000128
1785252904554679025,true,3,0.000310
1785252904565707761,true,3,0.000025
1785252904618426172,true,3,0.000136
1785252904651130610,true,3,0.000343
1785252904660936307,false,3,0.000343
1785252904717337198,true,3,0.000553
1785252904727485773,false,3,0.000553
1785252904766222645,true,3,0.000000
1785252904824631932,true,4,0.000393
1785252904827472442,false,4,0.000393
1785252904866496598,true,3,0.000056
1785252904924699640,true,3,0.000383
1785252904952406986,true,3,0.000315
1785252904961067529,false,3,0.000315
1785252905018329084,true,3,0.000186
1785252905027730066,false,3,0.000186
1785252905068169980,true,3,0.000115
1785252905114956962,true,3,0.000698
1785252905158473231,true,4,0.000086
1785252905167706716,true,3,0.000095
1785252905213470521,true,3,0.000840
1785252905257516875,true,4,0.000055
1785252905260906958,false,4,0.000055
1785252905312685890,true,3,0.000549
1785252905327345382,false,3,0.000549
1785252905375408727,true,3,0.000334
1785252905410401143,true,3,0.000135
1785252905427219811,false,3,0.000135
1785252905469641496,true,3,0.000021
1785252905511356982,true,3,0.000428
1785252905561129849,true,4,0.000348
1785252905561170089,false,4,0.000348
1785252905614817928,true,4,0.000183
1785252905627750328,false,4,0.000183
1785252905671060639,true,3,0.000127
1785252905711123515,true,3,0.000269
1785252905767601897,true,4,0.000021
1785252905780355989,true,3,0.000272
1785252905816135870,true,3,0.000095
1785252905853414641,true,3,0.000200
1785252905861077963,false,3,0.000200
1785252905907607873,true,3,0.000423
1785252905927659732,false,3,0.000423
1785252905975062710,true,3,0.000305
1785252906005418461,true,3,0.000151
1785252906027313549,false,3,0.000151
1785252906079551754,true,4,0.000146
1785252906104206649,true,3,0.000195
1785252906160203415,true,4,0.000265
1785252906160637804,false,4,0.000265
1785252906203823516,true,3,0.000148
1785252906227394983,false,3,0.000148
1785252906277010531,true,3,0.000254
1785252906310656384,true,3,0.000063
1785252906360878645,true,4,0.000385
1785252906379471891,true,3,0.000013
1785252906402001273,true,3,0.000001
1785252906460469635,true,4,0.000182
1785252906461103303,false,4,0.000182
1785252906500960874,true,2,0.000165
1785252906527754488,false,2,0.000165
1785252906582145672,true,3,0.000288
1785252906600851998,true,3,0.000032
1785252906627102184,false,3,0.000032
1785252906686523616,true,4,0.000037
1785252906700640484,true,3,0.000244
1785252906761786795,true,3,0.000734
1785252906762341924,false,3,0.000734
1785252906801023189,true,3,0.000033
1785252906827712759,false,3,0.000033
1785252906884738172,true,3,0.000772
1785252906899444001,true,3,0.000112
1785252906927265969,false,3,0.000112
1785252906993903673,true,4,0.000074
1785252906997777375,true,2,0.000110
1785252907054693054,true,3,0.000106
1785252907060919847,false,3,0.000106
1785252907099288789,true,3,0.000145
1785252907127720382,false,3,0.000145
1785252907193756290,true,4,0.000614
1785252907198334058,true,2,0.000152
1785252907227397765,false,2,0.000152
1785252907311319309,true,5,0.000298
1785252907316427275,true,3,0.000000
1785252907350282466,true,3,0.001053
1785252907361191576,false,3,0.001053
1785252907399041240,true,3,0.000000
1785252907427681992,false,3,0.000000
1785252907500588060,true,4,0.001050
1785252907504486027,true,3,0.000000
1785252907550806785,true,3,0.000052
1785252907593249121,true,3,0.000153
1785252907599736276,true,3,0.000102
1785252907649715667,true,3,0.000417
1785252907661387501,false,3,0.000417
1785252907709898534,true,3,0.000001
1785252907727587202,false,3,0.000001
1785252907808895939,true,5,0.000300
1785252907816381233,true,3,0.000070
1785252907827448260,false,3,0.000070
1785252907892704742,true,3,0.000768
1785252907903483018,true,3,0.000069
1785252907944687795,true,3,0.000143
1785252907961413236,false,3,0.000143
1785252908004591080,true,3,0.000096
1785252908027698030,false,3,0.000096
1785252908101213421,true,4,0.000106
1785252908111151214,true,3,0.000064
1785252908127744685,false,3,0.000064
1785252908203100523,true,4,0.000245
1785252908223590059,true,3,0.000073
1785252908240630172,true,3,0.000056
1785252908261472018,false,3,0.000056
1785252908307255825,true,3,0.000334
1785252908327852923,false,3,0.000334
1785252908390932068,true,3,0.000264
1785252908409422461,true,3,0.000334
1785252908427342567,false,3,0.000334
1785252908498402675,true,4,0.000097
1785252908513271024,true,3,0.000056
1785252908536799334,true,3,0.000067
1785252908560712209,false,3,0.000067
1785252908611221771,true,3,0.000443
1785252908627472986,false,3,0.000443
1785252908698715568,true,4,0.000221
1785252908723385677,true,3,0.000046
1785252908733388470,true,2,0.000199
1785252908791155189,true,3,0.000307
1785252908813093389,true,3,0.000059
1785252908834001626,true,3,0.000000
1785252908861095529,false,3,0.000000
1785252908921162540,true,4,0.000054
1785252908927816684,false,4,0.000054
1785252908992778586,true,3,0.000129
1785252909016548556,true,3,0.000097
1785252909027158212,false,3,0.000097
1785252909092340989,true,3,0.000225
1785252909118045959,true,3,0.000057
1785252909139874785,true,2,0.000001
1785252909161007511,false,2,0.000001
1785252909220300701,true,3,0.000842
1785252909227493495,false,3,0.000842
1785252909291156054,true,3,0.000257
1785252909321453061,true,3,0.000259
1785252909327008457,false,3,0.000259
1785252909398661300,true,4,0.000321
1785252909428869884,true,3,0.000068
1785252909431248439,true,2,0.000003
1785252909461030499,false,2,0.000003
1785252909531332126,true,4,0.000059
1785252909531371112,false,4,0.000059
1785252909591035597,true,4,0.000211
1785252909622772902,true,3,0.000531
1785252909627204577,false,3,0.000531
1785252909698709462,true,4,0.000065
1785252909730137395,true,3,0.000239
1785252909733412734,true,2,0.000051
1785252909761131832,false,2,0.000051
1785252909823651932,true,3,0.000151
1785252909827714413,false,3,0.000151
1785252909880507880,true,3,0.000559
1785252909926150244,true,3,0.000273
1785252909933860077,true,2,0.000031
1785252909980146055,true,3,0.000030
1785252910025700566,true,3,0.000129
1785252910034635791,true,3,0.000043
1785252910061140445,false,3,0.000043
1785252910132774244,true,3,0.000402
1785252910133867066,false,3,0.000402
1785252910176158542,true,3,0.000160
1785252910219625117,true,3,0.000160
1785252910227238571,false,3,0.000160
1785252910274219110,true,3,0.000064
1785252910320433890,true,3,0.000078
1785252910336410168,true,3,0.000000
1785252910361419707,false,3,0.000000
1785252910420686796,true,3,0.000200
1785252910427562679,false,3,0.000200
1785252910473822409,true,3,0.000223
1785252910525873541,true,4,0.000223
1785252910527276989,false,4,0.000223
1785252910571822710,true,3,0.000171
1785252910627891516,true,3,0.000585
1785252910640473204,true,3,0.000064
1785252910661040020,false,3,0.000064
1785252910719479329,true,3,0.000116
1785252910727670493,false,3,0.000116
1785252910770545816,true,3,0.000085
1785252910823396449,true,4,0.000344
1785252910827168702,false,4,0.000344
1785252910869174856,true,3,0.000034
1785252910923018803,true,4,0.000264
1785252910943610172,true,3,0.000340
1785252910960847702,false,3,0.000340
1785252911018791739,true,3,0.000425
1785252911027670721,false,3,0.000425
1785252911066253336,true,2,0.000329
1785252911127344108,true,3,0.000642
1785252911128191918,false,3,0.000642
1785252911166215618,true,2,0.000024
1785252911217782739,true,3,0.001596
1785252911241944305,true,2,0.000065
1785252911261143204,false,2,0.000065
1785252911323365714,true,4,0.000058
1785252911327602857,false,4,0.000058
1785252911366293900,true,2,0.000126
1785252911423359912,true,4,0.000075
1785252911449742480,true,3,0.000095
1785252911466182130,true,2,0.000169
1785252911522156457,true,4,0.000081
1785252911562004414,true,4,0.000138
1785252911562798957,false,4,0.000138
1785252911619192871,true,3,0.000269
1785252911627565885,false,3,0.000269
1785252911667316532,true,3,0.000037
1785252911716292385,true,3,0.000126
1785252911750572474,true,3,0.000452
1785252911765864373,true,2,0.000154
1785252911815628874,true,3,0.000508
1785252911851530032,true,3,0.000046
1785252911861154163,false,3,0.000046
1785252911915380245,true,3,0.000194
1785252911927783460,false,3,0.000194
1785252911967661703,true,3,0.000153
1785252912036381898,true,4,0.000170
1785252912037332737,false,4,0.000170
1785252912066991218,true,3,0.000095
1785252912113355116,true,3,0.000208
1785252912152717128,true,3,0.000290
1785252912161067634,false,3,0.000290
1785252912214268343,true,3,0.000342
1785252912227693457,false,3,0.000342
1785252912266271009,true,3,0.000247
1785252912314263902,true,3,0.000353
1785252912359459172,true,3,0.000301
1785252912365623278,true,2,0.000082
1785252912409712744,true,3,0.000357
1785252912461980481,true,3,0.000476
1785252912463010923,false,3,0.000476
1785252912509624246,true,3,0.000324
1785252912527510467,false,3,0.000324
1785252912568558951,true,3,0.000149
1785252912600679277,true,2,0.000373
