record_time_ns,trace,minimum_eigenvalue,maximum_asymmetry
1785252866496077470,0.017000,0.000000,0.000000
1785252866529265016,0.017000,0.000000,0.000000
1785252866561509693,0.017000,0.000000,0.000000
1785252866595735238,0.017000,0.000000,0.000000
1785252866627950592,0.017000,0.000000,0.000000
1785252866661951149,0.017000,0.000000,0.000000
1785252866695185450,0.017000,0.000000,0.000000
1785252866728846306,0.017000,0.000000,0.000000
1785252866761825050,0.017000,0.000000,0.000000
1785252866795011783,0.017000,0.000000,0.000000
1785252866829041533,0.017000,0.000000,0.000000
1785252866861256911,0.017000,0.000000,0.000000
1785252866895548186,0.017000,0.000000,0.000000
1785252866927617755,0.017000,0.000000,0.000000
1785252866961990647,0.017000,0.000000,0.000000
1785252866995466821,0.017000,0.000000,0.000000
1785252867028799786,0.017000,0.000000,0.000000
1785252867061798389,0.017000,0.000000,0.000000
1785252867095008952,0.017000,0.000000,0.000000
1785252867128819769,0.017000,0.000000,0.000000
1785252867161389931,0.017000,0.000000,0.000000
1785252867195698756,0.017000,0.000000,0.000000
1785252867228075441,0.017000,0.000000,0.000000
1785252867262065056,0.017000,0.000000,0.000000
1785252867295130651,0.017000,0.000000,0.000000
1785252867328867348,0.017000,0.000000,0.000000
1785252867361943559,0.017000,0.000000,0.000000
1785252867394844766,0.017000,0.000000,0.000000
1785252867428974144,0.017000,0.000000,0.000000
1785252867461193463,0.017000,0.000000,0.000000
1785252867495506654,0.017000,0.000000,0.000000
1785252867527561866,0.017000,0.000000,0.000000
1785252867561674934,0.017000,0.000000,0.000000
1785252867594948328,0.017000,0.000000,0.000000
1785252867628953961,0.017000,0.000000,0.000000
1785252867661780383,0.017000,0.000000,0.000000
1785252867701038613,0.017425,0.000000,0.000000
1785252867737992218,0.018768,0.000000,0.000000
1785252867761075482,0.018768,0.000000,0.000000
1785252867846488696,0.014324,0.000000,0.000000
1785252867846660677,0.014324,0.000000,0.000000
1785252867893933668,0.009173,0.000000,0.000000
1785252867927921778,0.007030,0.000000,0.000000
1785252867936386333,0.007537,0.000000,0.000000
1785252868012437908,0.005000,0.000000,0.000000
1785252868043636353,0.004338,0.000000,0.000000
1785252868052080537,0.004421,0.000000,0.000000
1785252868061837448,0.004421,0.000000,0.000000
1785252868129569764,0.003710,0.000000,0.000000
1785252868129640953,0.003710,0.000000,0.000000
1785252868187733678,0.003429,0.000000,0.000000
1785252868217217618,0.003252,0.000000,0.000000
1785252868227605407,0.003252,0.000000,0.000000
1785252868291294226,0.003113,0.000000,0.000000
1785252868317113273,0.002922,0.000000,0.000000
1785252868335437796,0.002947,0.000000,0.000000
1785252868361151709,0.002947,0.000000,0.000000
1785252868420383228,0.002686,0.000000,0.000000
1785252868427662546,0.002686,0.000000,0.000000
1785252868485159596,0.002586,0.000000,0.000000
1785252868516322746,0.002451,0.000000,0.000000
1785252868537336538,0.002453,0.000000,0.000000
1785252868576785853,0.002401,0.000000,0.000000
1785252868611337410,0.002328,0.000000,0.000000
1785252868641376806,0.002328,0.000000,0.000000
1785252868661386877,0.002328,0.000000,0.000000
1785252868712681079,0.002274,0.000000,0.000000
1785252868727752152,0.002274,0.000000,0.000000
1785252868780968454,0.002258,0.000000,0.000000
1785252868811207723,0.002215,0.000000,0.000000
1785252868840385147,0.002211,0.000000,0.000000
1785252868861067926,0.002211,0.000000,0.000000
1785252868911056915,0.002189,0.000000,0.000000
1785252868944467743,0.002181,0.000000,0.000000
1785252868961224657,0.002181,0.000000,0.000000
1785252869012751259,0.002166,0.000000,0.000000
1785252869027890361,0.002166,0.000000,0.000000
1785252869076815612,0.002168,0.000000,0.000000
1785252869110848466,0.002146,0.000000,0.000000
1785252869143944284,0.002141,0.000000,0.000000
1785252869172738798,0.002143,0.000000,0.000000
1785252869212676127,0.002129,0.000000,0.000000
1785252869243321147,0.002128,0.000000,0.000000
1785252869261252007,0.002128,0.000000,0.000000
1785252869312736539,0.002124,0.000000,0.000000
1785252869327820756,0.002124,0.000000,0.000000
1785252869372616941,0.002135,0.000000,0.000000
1785252869412869784,0.002117,0.000000,0.000000
1785252869443730839,0.002113,0.000000,0.000000
1785252869469515135,0.002118,0.000000,0.000000
1785252869512108913,0.002107,0.000000,0.000000
1785252869546818439,0.002105,0.000000,0.000000
1785252869561232067,0.002105,0.000000,0.000000
1785252869612991890,0.002105,0.000000,0.000000
1785252869628046487,0.002105,0.000000,0.000000
1785252869669702193,0.002117,0.000000,0.000000
1785252869713146290,0.002103,0.000000,0.000000
1785252869749003087,0.002098,0.000000,0.000000
1785252869768933851,0.002104,0.000000,0.000000
1785252869814479733,0.002096,0.000000,0.000000
1785252869847220951,0.002093,0.000000,0.000000
1785252869861606939,0.002093,0.000000,0.000000
1785252869913496457,0.002094,0.000000,0.000000
1785252869927753180,0.002094,0.000000,0.000000
1785252869968067561,0.002106,0.000000,0.000000
1785252870016596343,0.002093,0.000000,0.000000
1785252870041958562,0.002089,0.000000,0.000000
1785252870067747647,0.002094,0.000000,0.000000
1785252870115552718,0.002088,0.000000,0.000000
1785252870147762606,0.002085,0.000000,0.000000
1785252870161495251,0.002085,0.000000,0.000000
1785252870215996059,0.002087,0.000000,0.000000
1785252870227688950,0.002087,0.000000,0.000000
1785252870267362248,0.002100,0.000000,0.000000
1785252870316261850,0.002088,0.000000,0.000000
1785252870348537142,0.002082,0.000000,0.000000
1785252870361255109,0.002082,0.000000,0.000000
1785252870412372481,0.002084,0.000000,0.000000
1785252870451521692,0.002080,0.000000,0.000000
1785252870461484849,0.002080,0.000000,0.000000
1785252870516321559,0.002083,0.000000,0.000000
1785252870527961565,0.002083,0.000000,0.000000
1785252870568727177,0.002095,0.000000,0.000000
1785252870612725985,0.002087,0.000000,0.000000
1785252870649447196,0.002079,0.000000,0.000000
1785252870669038411,0.002083,0.000000,0.000000
1785252870711048367,0.002081,0.000000,0.000000
1785252870746130779,0.002076,0.000000,0.000000
1785252870761498511,0.002076,0.000000,0.000000
1785252870811956972,0.002081,0.000000,0.000000
1785252870828006682,0.002081,0.000000,0.000000
1785252870870999588,0.002091,0.000000,0.000000
1785252870913675962,0.002086,0.000000,0.000000
1785252870948448119,0.002077,0.000000,0.000000
1785252870970130850,0.002079,0.000000,0.000000
1785252871009796270,0.002079,0.000000,0.000000
1785252871054261728,0.002075,0.000000,0.000000
1785252871061477368,0.002075,0.000000,0.000000
1785252871111903086,0.002081,0.000000,0.000000
1785252871127996659,0.002081,0.000000,0.000000
1785252871174166767,0.002087,0.000000,0.000000
1785252871208097770,0.002085,0.000000,0.000000
1785252871246612665,0.002076,0.000000,0.000000
1785252871273767032,0.002076,0.000000,0.000000
1785252871310155818,0.002078,0.000000,0.000000
1785252871347085931,0.002073,0.000000,0.000000
1785252871361629465,0.002073,0.000000,0.000000
1785252871406879324,0.002081,0.000000,0.000000
1785252871427822339,0.002081,0.000000,0.000000
1785252871476446438,0.002083,0.000000,0.000000
1785252871504287524,0.002085,0.000000,0.000000
1785252871545877786,0.002074,0.000000,0.000000
1785252871577908414,0.002073,0.000000,0.000000
1785252871604878291,0.002076,0.000000,0.000000
1785252871646145704,0.002071,0.000000,0.000000
1785252871661104411,0.002071,0.000000,0.000000
1785252871704880999,0.002081,0.000000,0.000000
1785252871727821247,0.002081,0.000000,0.000000
1785252871782597226,0.002080,0.000000,0.000000
1785252871803622899,0.002083,0.000000,0.000000
1785252871847100162,0.002073,0.000000,0.000000
1785252871879125857,0.002071,0.000000,0.000000
1785252871902412731,0.002075,0.000000,0.000000
1785252871949184738,0.002069,0.000000,0.000000
1785252871961476184,0.002069,0.000000,0.000000
1785252872002915694,0.002081,0.000000,0.000000
1785252872027846598,0.002081,0.000000,0.000000
1785252872079933502,0.002077,0.000000,0.000000
1785252872101724220,0.002081,0.000000,0.000000
1785252872149804905,0.002071,0.000000,0.000000
1785252872161121155,0.002071,0.000000,0.000000
1785252872203859612,0.002082,0.000000,0.000000
1785252872248479693,0.002072,0.000000,0.000000
1785252872261344055,0.002072,0.000000,0.000000
1785252872301369031,0.002083,0.000000,0.000000
1785252872327935621,0.002083,0.000000,0.000000
1785252872377635184,0.002073,0.000000,0.000000
1785252872400175120,0.002079,0.000000,0.000000
1785252872427539724,0.002079,0.000000,0.000000
1785252872485418111,0.002072,0.000000,0.000000
1785252872500207283,0.002077,0.000000,0.000000
1785252872546633587,0.002069,0.000000,0.000000
1785252872561185781,0.002069,0.000000,0.000000
1785252872601300336,0.002080,0.000000,0.000000
1785252872627812365,0.002080,0.000000,0.000000
1785252872680792328,0.002072,0.000000,0.000000
1785252872703969519,0.002076,0.000000,0.000000
1785252872740805034,0.002070,0.000000,0.000000
1785252872779900883,0.002065,0.000000,0.000000
1785252872801646388,0.002070,0.000000,0.000000
1785252872845830067,0.002067,0.000000,0.000000
1785252872861507783,0.002067,0.000000,0.000000
1785252872902648008,0.002078,0.000000,0.000000
1785252872927992234,0.002078,0.000000,0.000000
1785252872979691923,0.002072,0.000000,0.000000
1785252873003055910,0.002074,0.000000,0.000000
1785252873044596743,0.002070,0.000000,0.000000
1785252873078278960,0.002065,0.000000,0.000000
1785252873105419155,0.002069,0.000000,0.000000
1785252873144790562,0.002068,0.000000,0.000000
1785252873161348951,0.002068,0.000000,0.000000
1785252873204220809,0.002077,0.000000,0.000000
1785252873227781982,0.002077,0.000000,0.000000
1785252873278434021,0.002070,0.000000,0.000000
1785252873304333722,0.002072,0.000000,0.000000
1785252873343407283,0.002070,0.000000,0.000000
1785252873378263583,0.002065,0.000000,0.000000
1785252873405742484,0.002067,0.000000,0.000000
1785252873442888021,0.002067,0.000000,0.000000
1785252873461255745,0.002067,0.000000,0.000000
1785252873509207751,0.002075,0.000000,0.000000
1785252873527848532,0.002075,0.000000,0.000000
1785252873580445165,0.002069,0.000000,0.000000
1785252873607429621,0.002068,0.000000,0.000000
1785252873640923636,0.002069,0.000000,0.000000
1785252873678772857,0.002064,0.000000,0.000000
1785252873709012329,0.002065,0.000000,0.000000
1785252873740661020,0.002067,0.000000,0.000000
1785252873761198806,0.002067,0.000000,0.000000
1785252873810576388,0.002072,0.000000,0.000000
1785252873827745711,0.002072,0.000000,0.000000
1785252873878904905,0.002067,0.000000,0.000000
1785252873910772929,0.002066,0.000000,0.000000
1785252873935560496,0.002069,0.000000,0.000000
1785252873981381256,0.002063,0.000000,0.000000
1785252874011070107,0.002063,0.000000,0.000000
1785252874037005247,0.002067,0.000000,0.000000
1785252874061303720,0.002067,0.000000,0.000000
1785252874112251204,0.002069,0.000000,0.000000
1785252874127684136,0.002069,0.000000,0.000000
1785252874179949813,0.002065,0.000000,0.000000
1785252874212670848,0.002063,0.000000,0.000000
1785252874227537133,0.002063,0.000000,0.000000
1785252874279963617,0.002063,0.000000,0.000000
1785252874315066605,0.002062,0.000000,0.000000
1785252874335293361,0.002067,0.000000,0.000000
1785252874361615379,0.002067,0.000000,0.000000
1785252874414624632,0.002067,0.000000,0.000000
1785252874427809034,0.002067,0.000000,0.000000
1785252874482780890,0.002065,0.000000,0.000000
1785252874514133217,0.002061,0.000000,0.000000
1785252874534981060,0.002066,0.000000,0.000000
1785252874580549111,0.002062,0.000000,0.000000
1785252874615226409,0.002059,0.000000,0.000000
1785252874635077670,0.002065,0.000000,0.000000
1785252874660998589,0.002065,0.000000,0.000000
1785252874715084505,0.002064,0.000000,0.000000
1785252874727990252,0.002064,0.000000,0.000000
1785252874781022595,0.002064,0.000000,0.000000
1785252874815297879,0.002060,0.000000,0.000000
1785252874827638807,0.002060,0.000000,0.000000
1785252874881588579,0.002062,0.000000,0.000000
1785252874917894135,0.002059,0.000000,0.000000
1785252874935579621,0.002064,0.000000,0.000000
1785252874961090632,0.002064,0.000000,0.000000
1785252875014844061,0.002063,0.000000,0.000000
1785252875027824436,0.002063,0.000000,0.000000
1785252875080892394,0.002064,0.000000,0.000000
1785252875113177735,0.002060,0.000000,0.000000
1785252875135201179,0.002065,0.000000,0.000000
1785252875161225201,0.002065,0.000000,0.000000
1785252875213939952,0.002063,0.000000,0.000000
1785252875235121752,0.002067,0.000000,0.000000
1785252875261505400,0.002067,0.000000,0.000000
1785252875316495796,0.002063,0.000000,0.000000
1785252875327962862,0.002063,0.000000,0.000000
1785252875377441236,0.002065,0.000000,0.000000
1785252875416792387,0.002060,0.000000,0.000000
1785252875427346088,0.002060,0.000000,0.000000
1785252875478459963,0.002064,0.000000,0.000000
1785252875512548839,0.002060,0.000000,0.000000
1785252875538231533,0.002063,0.000000,0.000000
1785252875561301968,0.002063,0.000000,0.000000
1785252875614556150,0.002063,0.000000,0.000000
1785252875627795071,0.002063,0.000000,0.000000
1785252875677233711,0.002066,0.000000,0.000000
1785252875713229078,0.002061,0.000000,0.000000
1785252875740672104,0.002063,0.000000,0.000000
1785252875776392314,0.002063,0.000000,0.000000
1785252875811235279,0.002060,0.000000,0.000000
1785252875845594328,0.002062,0.000000,0.000000
1785252875861377306,0.002062,0.000000,0.000000
1785252875912254601,0.002062,0.000000,0.000000
1785252875927762451,0.002062,0.000000,0.000000
1785252875973944591,0.002068,0.000000,0.000000
1785252876012102466,0.002062,0.000000,0.000000
1785252876027682174,0.002062,0.000000,0.000000
1785252876073873793,0.002069,0.000000,0.000000
1785252876115732942,0.002061,0.000000,0.000000
1785252876143398769,0.002061,0.000000,0.000000
1785252876161406757,0.002061,0.000000,0.000000
1785252876212290391,0.002062,0.000000,0.000000
1785252876227965521,0.002062,0.000000,0.000000
1785252876271096222,0.002070,0.000000,0.000000
1785252876313714455,0.002062,0.000000,0.000000
1785252876348172946,0.002060,0.000000,0.000000
1785252876370785465,0.002064,0.000000,0.000000
1785252876415386894,0.002059,0.000000,0.000000
1785252876445369846,0.002059,0.000000,0.000000
1785252876461198629,0.002059,0.000000,0.000000
1785252876512892080,0.002061,0.000000,0.000000
1785252876527682227,0.002061,0.000000,0.000000
1785252876569518488,0.002070,0.000000,0.000000
1785252876614177831,0.002062,0.000000,0.000000
1785252876647025870,0.002060,0.000000,0.000000
1785252876668944611,0.002064,0.000000,0.000000
1785252876714132946,0.002059,0.000000,0.000000
1785252876751007275,0.002057,0.000000,0.000000
1785252876761249312,0.002057,0.000000,0.000000
1785252876815268378,0.002059,0.000000,0.000000
1785252876827818486,0.002059,0.000000,0.000000
1785252876868157592,0.002070,0.000000,0.000000
1785252876915245481,0.002061,0.000000,0.000000
1785252876947608110,0.002058,0.000000,0.000000
1785252876966351888,0.002063,0.000000,0.000000
1785252877016171966,0.002058,0.000000,0.000000
1785252877043339914,0.002056,0.000000,0.000000
1785252877061152829,0.002056,0.000000,0.000000
1785252877114603468,0.002059,0.000000,0.000000
1785252877128080934,0.002059,0.000000,0.000000
1785252877167204680,0.002070,0.000000,0.000000
1785252877212136794,0.002062,0.000000,0.000000
1785252877243137311,0.002057,0.000000,0.000000
1785252877267654504,0.002062,0.000000,0.000000
1785252877312495421,0.002059,0.000000,0.000000
1785252877349210494,0.002057,0.000000,0.000000
1785252877361198557,0.002057,0.000000,0.000000
1785252877411867373,0.002060,0.000000,0.000000
1785252877427984037,0.002060,0.000000,0.000000
1785252877467258120,0.002070,0.000000,0.000000
1785252877512026599,0.002064,0.000000,0.000000
1785252877548939537,0.002058,0.000000,0.000000
1785252877569390135,0.002062,0.000000,0.000000
1785252877616223592,0.002060,0.000000,0.000000
1785252877648759375,0.002057,0.000000,0.000000
1785252877661292987,0.002057,0.000000,0.000000
1785252877711835465,0.002062,0.000000,0.000000
1785252877727762630,0.002062,0.000000,0.000000
1785252877771518141,0.002070,0.000000,0.000000
1785252877810189782,0.002066,0.000000,0.000000
1785252877827356285,0.002066,0.000000,0.000000
1785252877870903652,0.002074,0.000000,0.000000
1785252877906519618,0.002068,0.000000,0.000000
1785252877946198936,0.002059,0.000000,0.000000
1785252877961454375,0.002059,0.000000,0.000000
1785252878010379432,0.002064,0.000000,0.000000
1785252878027611367,0.002064,0.000000,0.000000
1785252878073403003,0.002070,0.000000,0.000000
1785252878112201191,0.002068,0.000000,0.000000
1785252878146964886,0.002060,0.000000,0.000000
1785252878170797185,0.002061,0.000000,0.000000
1785252878207871141,0.002063,0.000000,0.000000
1785252878245414461,0.002059,0.000000,0.000000
1785252878261452545,0.002059,0.000000,0.000000
1785252878307782056,0.002066,0.000000,0.000000
1785252878327706598,0.002066,0.000000,0.000000
1785252878376568882,0.002069,0.000000,0.000000
1785252878405611397,0.002070,0.000000,0.000000
1785252878446750437,0.002061,0.000000,0.000000
1785252878477300651,0.002060,0.000000,0.000000
1785252878509248581,0.002063,0.000000,0.000000
1785252878546325427,0.002058,0.000000,0.000000
1785252878561229157,0.002058,0.000000,0.000000
1785252878605141844,0.002067,0.000000,0.000000
1785252878627654250,0.002067,0.000000,0.000000
1785252878678220504,0.002067,0.000000,0.000000
1785252878702929694,0.002070,0.000000,0.000000
1785252878746352819,0.002060,0.000000,0.000000
1785252878780483319,0.002058,0.000000,0.000000
1785252878802878565,0.002063,0.000000,0.000000
1785252878848727069,0.002058,0.000000,0.000000
1785252878861409869,0.002058,0.000000,0.000000
1785252878900925498,0.002068,0.000000,0.000000
1785252878927600851,0.002068,0.000000,0.000000
1785252878985182876,0.002065,0.000000,0.000000
1785252879001441163,0.002069,0.000000,0.000000
1785252879051379080,0.002059,0.000000,0.000000
1785252879061096044,0.002059,0.000000,0.000000
1785252879100876452,0.002070,0.000000,0.000000
1785252879148571202,0.002061,0.000000,0.000000
1785252879161414012,0.002061,0.000000,0.000000
1785252879205673698,0.002072,0.000000,0.000000
1785252879227921909,0.002072,0.000000,0.000000
1785252879287181195,0.002064,0.000000,0.000000
1785252879301053726,0.002069,0.000000,0.000000
1785252879349545439,0.002061,0.000000,0.000000
1785252879382725220,0.002057,0.000000,0.000000
1785252879405782012,0.002062,0.000000,0.000000
1785252879448154152,0.002059,0.000000,0.000000
1785252879461220956,0.002059,0.000000,0.000000
1785252879500663662,0.002069,0.000000,0.000000
1785252879527841263,0.002069,0.000000,0.000000
1785252879583824974,0.002063,0.000000,0.000000
1785252879602144234,0.002067,0.000000,0.000000
1785252879647540423,0.002061,0.000000,0.000000
1785252879681538714,0.002058,0.000000,0.000000
1785252879702720000,0.002061,0.000000,0.000000
1785252879747382428,0.002059,0.000000,0.000000
1785252879761159428,0.002059,0.000000,0.000000
1785252879803264198,0.002069,0.000000,0.000000
1785252879827709834,0.002069,0.000000,0.000000
1785252879889384827,0.002063,0.000000,0.000000
1785252879903550802,0.002066,0.000000,0.000000
1785252879946622564,0.002062,0.000000,0.000000
1785252879980275746,0.002058,0.000000,0.000000
1785252880003347286,0.002061,0.000000,0.000000
1785252880046314671,0.002060,0.000000,0.000000
1785252880061343957,0.002060,0.000000,0.000000
1785252880102440933,0.002069,0.000000,0.000000
1785252880127910526,0.002069,0.000000,0.000000
1785252880180816721,0.002062,0.000000,0.000000
1785252880204802666,0.002064,0.000000,0.000000
1785252880227547363,0.002064,0.000000,0.000000
1785252880279864184,0.002061,0.000000,0.000000
1785252880311061521,0.002062,0.000000,0.000000
1785252880343011166,0.002061,0.000000,0.000000
1785252880361225472,0.002061,0.000000,0.000000
1785252880406507187,0.002068,0.000000,0.000000
1785252880427805440,0.002068,0.000000,0.000000
1785252880477602372,0.002063,0.000000,0.000000
1785252880507534261,0.002062,0.000000,0.000000
1785252880541405770,0.002063,0.000000,0.000000
1785252880578313951,0.002058,0.000000,0.000000
1785252880605154284,0.002059,0.000000,0.000000
1785252880640122852,0.002061,0.000000,0.000000
1785252880661480040,0.002061,0.000000,0.000000
1785252880710219683,0.002065,0.000000,0.000000
1785252880728030186,0.002065,0.000000,0.000000
1785252880782562810,0.002061,0.000000,0.000000
1785252880812101839,0.002060,0.000000,0.000000
1785252880838986407,0.002063,0.000000,0.000000
1785252880861468836,0.002063,0.000000,0.000000
1785252880911220550,0.002065,0.000000,0.000000
1785252880937912254,0.002067,0.000000,0.000000
1785252880961298754,0.002067,0.000000,0.000000
1785252881013512590,0.002066,0.000000,0.000000
1785252881027898744,0.002066,0.000000,0.000000
1785252881080297926,0.002061,0.000000,0.000000
1785252881113520113,0.002058,0.000000,0.000000
1785252881135725594,0.002063,0.000000,0.000000
1785252881179912738,0.002058,0.000000,0.000000
1785252881218942497,0.002056,0.000000,0.000000
1785252881236692549,0.002061,0.000000,0.000000
1785252881261338532,0.002061,0.000000,0.000000
1785252881314503650,0.002061,0.000000,0.000000
1785252881327487857,0.002061,0.000000,0.000000
1785252881381674857,0.002060,0.000000,0.000000
1785252881415685159,0.002056,0.000000,0.000000
1785252881435096056,0.002061,0.000000,0.000000
1785252881480511095,0.002056,0.000000,0.000000
1785252881513860511,0.002055,0.000000,0.000000
1785252881534893445,0.002059,0.000000,0.000000
1785252881561300074,0.002059,0.000000,0.000000
1785252881615097740,0.002059,0.000000,0.000000
1785252881627686706,0.002059,0.000000,0.000000
1785252881685794423,0.002059,0.000000,0.000000
1785252881714119937,0.002055,0.000000,0.000000
1785252881735177228,0.002060,0.000000,0.000000
1785252881781102388,0.002056,0.000000,0.000000
1785252881808706690,0.002054,0.000000,0.000000
1785252881835226491,0.002059,0.000000,0.000000
1785252881861297663,0.002059,0.000000,0.000000
1785252881911093064,0.002059,0.000000,0.000000
1785252881927631062,0.002059,0.000000,0.000000
1785252881981549178,0.002059,0.000000,0.000000
1785252882014853944,0.002056,0.000000,0.000000
1785252882027642441,0.002056,0.000000,0.000000
1785252882079856027,0.002059,0.000000,0.000000
1785252882118779194,0.002055,0.000000,0.000000
1785252882135790476,0.002060,0.000000,0.000000
1785252882161221956,0.002060,0.000000,0.000000
1785252882215186390,0.002059,0.000000,0.000000
1785252882227711929,0.002059,0.000000,0.000000
1785252882279293084,0.002061,0.000000,0.000000
1785252882316346609,0.002056,0.000000,0.000000
1785252882337121371,0.002059,0.000000,0.000000
1785252882378994666,0.002058,0.000000,0.000000
1785252882412838564,0.002055,0.000000,0.000000
1785252882435772122,0.002059,0.000000,0.000000
1785252882461139602,0.002059,0.000000,0.000000
1785252882513948528,0.002059,0.000000,0.000000
1785252882528051880,0.002059,0.000000,0.000000
1785252882579892107,0.002063,0.000000,0.000000
1785252882612044170,0.002057,0.000000,0.000000
1785252882640058905,0.002059,0.000000,0.000000
1785252882675944685,0.002059,0.000000,0.000000
1785252882711653214,0.002055,0.000000,0.000000
1785252882740784862,0.002058,0.000000,0.000000
1785252882761491704,0.002058,0.000000,0.000000
1785252882812573036,0.002059,0.000000,0.000000
1785252882827727280,0.002059,0.000000,0.000000
1785252882874038097,0.002065,0.000000,0.000000
1785252882912066775,0.002058,0.000000,0.000000
1785252882941960638,0.002059,0.000000,0.000000
1785252882961050314,0.002059,0.000000,0.000000
1785252883015970545,0.002059,0.000000,0.000000
1785252883043142932,0.002058,0.000000,0.000000
1785252883061242748,0.002058,0.000000,0.000000
1785252883113580258,0.002059,0.000000,0.000000
1785252883128170724,0.002059,0.000000,0.000000
1785252883172072279,0.002066,0.000000,0.000000
1785252883208325128,0.002058,0.000000,0.000000
1785252883227374021,0.002058,0.000000,0.000000
1785252883271238202,0.002066,0.000000,0.000000
1785252883314061097,0.002059,0.000000,0.000000
1785252883346316023,0.002057,0.000000,0.000000
1785252883361294090,0.002057,0.000000,0.000000
1785252883413671931,0.002058,0.000000,0.000000
1785252883427885665,0.002058,0.000000,0.000000
1785252883469973081,0.002067,0.000000,0.000000
1785252883519313053,0.002059,0.000000,0.000000
1785252883547039171,0.002057,0.000000,0.000000
1785252883568989021,0.002061,0.000000,0.000000
1785252883616789615,0.002056,0.000000,0.000000
1785252883647864602,0.002055,0.000000,0.000000
1785252883661335904,0.002055,0.000000,0.000000
1785252883715698078,0.002057,0.000000,0.000000
1785252883727827267,0.002057,0.000000,0.000000
1785252883767940369,0.002067,0.000000,0.000000
1785252883817626467,0.002058,0.000000,0.000000
1785252883827859404,0.002058,0.000000,0.000000
1785252883867542673,0.002069,0.000000,0.000000
1785252883915734828,0.002059,0.000000,0.000000
1785252883954404262,0.002055,0.000000,0.000000
1785252883961028323,0.002055,0.000000,0.000000
1785252884015228281,0.002057,0.000000,0.000000
1785252884027857519,0.002057,0.000000,0.000000
1785252884067511970,0.002067,0.000000,0.000000
1785252884114438103,0.002059,0.000000,0.000000
1785252884150013352,0.002055,0.000000,0.000000
1785252884167878920,0.002059,0.000000,0.000000
1785252884211654016,0.002057,0.000000,0.000000
1785252884249767651,0.002054,0.000000,0.000000
1785252884261333894,0.002054,0.000000,0.000000
1785252884313637665,0.002057,0.000000,0.000000
1785252884327944307,0.002057,0.000000,0.000000
1785252884368801491,0.002067,0.000000,0.000000
1785252884411353891,0.002061,0.000000,0.000000
1785252884449076266,0.002055,0.000000,0.000000
1785252884467363749,0.002059,0.000000,0.000000
1785252884515978933,0.002057,0.000000,0.000000
1785252884547680542,0.002054,0.000000,0.000000
1785252884561053225,0.002054,0.000000,0.000000
1785252884614479665,0.002058,0.000000,0.000000
1785252884627567999,0.002058,0.000000,0.000000
1785252884668312796,0.002067,0.000000,0.000000
1785252884712643706,0.002063,0.000000,0.000000
1785252884746722792,0.002056,0.000000,0.000000
1785252884769234435,0.002059,0.000000,0.000000
1785252884810545466,0.002058,0.000000,0.000000
1785252884848179926,0.002055,0.000000,0.000000
1785252884861456127,0.002055,0.000000,0.000000
1785252884911394417,0.002060,0.000000,0.000000
1785252884928171984,0.002060,0.000000,0.000000
1785252884972823748,0.002067,0.000000,0.000000
1785252885009668339,0.002065,0.000000,0.000000
1785252885027413382,0.002065,0.000000,0.000000
1785252885074019994,0.002070,0.000000,0.000000
1785252885108770659,0.002067,0.000000,0.000000
1785252885147491742,0.002058,0.000000,0.000000
1785252885161224929,0.002058,0.000000,0.000000
1785252885208475189,0.002063,0.000000,0.000000
1785252885227673104,0.002063,0.000000,0.000000
1785252885276577519,0.002066,0.000000,0.000000
1785252885311183394,0.002067,0.000000,0.000000
1785252885346845083,0.002058,0.000000,0.000000
1785252885360900158,0.002058,0.000000,0.000000
1785252885405432587,0.002065,0.000000,0.000000
1785252885446748051,0.002059,0.000000,0.000000
1785252885461211841,0.002059,0.000000,0.000000
1785252885506053619,0.002066,0.000000,0.000000
1785252885527830968,0.002066,0.000000,0.000000
1785252885579201714,0.002066,0.000000,0.000000
1785252885603293188,0.002069,0.000000,0.000000
1785252885627382867,0.002069,0.000000,0.000000
1785252885678898164,0.002066,0.000000,0.000000
1785252885702863175,0.002068,0.000000,0.000000
1785252885748765308,0.002058,0.000000,0.000000
1785252885761099671,0.002058,0.000000,0.000000
1785252885806895233,0.002068,0.000000,0.000000
1785252885827673845,0.002068,0.000000,0.000000
1785252885880017803,0.002064,0.000000,0.000000
1785252885899783864,0.002068,0.000000,0.000000
1785252885950231061,0.002059,0.000000,0.000000
1785252885981822149,0.002057,0.000000,0.000000
1785252885999789460,0.002061,0.000000,0.000000
1785252886048755813,0.002057,0.000000,0.000000
1785252886061366464,0.002057,0.000000,0.000000
1785252886101967545,0.002067,0.000000,0.000000
1785252886127826584,0.002067,0.000000,0.000000
1785252886184239092,0.002062,0.000000,0.000000
1785252886199878204,0.002066,0.000000,0.000000
1785252886227295912,0.002066,0.000000,0.000000
1785252886287113533,0.002061,0.000000,0.000000
1785252886301090804,0.002064,0.000000,0.000000
1785252886347568275,0.002058,0.000000,0.000000
1785252886361349514,0.002058,0.000000,0.000000
1785252886400536119,0.002068,0.000000,0.000000
1785252886428002212,0.002068,0.000000,0.000000
1785252886482068529,0.002061,0.000000,0.000000
1785252886500001692,0.002065,0.000000,0.000000
1785252886548702078,0.002059,0.000000,0.000000
1785252886580890635,0.002055,0.000000,0.000000
1785252886602444175,0.002059,0.000000,0.000000
1785252886647197156,0.002057,0.000000,0.000000
1785252886661286136,0.002057,0.000000,0.000000
1785252886705898145,0.002067,0.000000,0.000000
1785252886727845303,0.002067,0.000000,0.000000
1785252886782251871,0.002061,0.000000,0.000000
1785252886800382573,0.002064,0.000000,0.000000
1785252886827603732,0.002064,0.000000,0.000000
1785252886880835439,0.002059,0.000000,0.000000
1785252886902405961,0.002063,0.000000,0.000000
1785252886945705371,0.002059,0.000000,0.000000
1785252886960987113,0.002059,0.000000,0.000000
1785252887004083011,0.002068,0.000000,0.000000
1785252887027826781,0.002068,0.000000,0.000000
1785252887079666113,0.002061,0.000000,0.000000
1785252887104202247,0.002063,0.000000,0.000000
1785252887145333256,0.002060,0.000000,0.000000
1785252887183439369,0.002056,0.000000,0.000000
1785252887206116487,0.002058,0.000000,0.000000
1785252887245696801,0.002059,0.000000,0.000000
1785252887261248706,0.002059,0.000000,0.000000
1785252887307365567,0.002066,0.000000,0.000000
1785252887327745180,0.002066,0.000000,0.000000
1785252887378905769,0.002061,0.000000,0.000000
1785252887405014906,0.002061,0.000000,0.000000
1785252887427192073,0.002061,0.000000,0.000000
1785252887478974893,0.002060,0.000000,0.000000
1785252887508795978,0.002059,0.000000,0.000000
1785252887540418767,0.002061,0.000000,0.000000
1785252887561004496,0.002061,0.000000,0.000000
1785252887612007384,0.002065,0.000000,0.000000
1785252887627830682,0.002065,0.000000,0.000000
1785252887683988547,0.002060,0.000000,0.000000
1785252887710720842,0.002058,0.000000,0.000000
1785252887738980582,0.002061,0.000000,0.000000
1785252887780325200,0.002056,0.000000,0.000000
1785252887810827079,0.002056,0.000000,0.000000
1785252887838776097,0.002059,0.000000,0.000000
1785252887860963655,0.002059,0.000000,0.000000
1785252887913253516,0.002062,0.000000,0.000000
1785252887927803781,0.002062,0.000000,0.000000
1785252887980701813,0.002059,0.000000,0.000000
1785252888014254824,0.002057,0.000000,0.000000
1785252888036527467,0.002061,0.000000,0.000000
1785252888084819472,0.002056,0.000000,0.000000
1785252888114227768,0.002055,0.000000,0.000000
1785252888136680823,0.002060,0.000000,0.000000
1785252888161504102,0.002060,0.000000,0.000000
1785252888211216075,0.002060,0.000000,0.000000
1785252888227778814,0.002060,0.000000,0.000000
1785252888282157317,0.002058,0.000000,0.000000
1785252888315723171,0.002055,0.000000,0.000000
1785252888335386540,0.002059,0.000000,0.000000
1785252888381555014,0.002055,0.000000,0.000000
1785252888409412805,0.002053,0.000000,0.000000
1785252888435192417,0.002058,0.000000,0.000000
1785252888461403343,0.002058,0.000000,0.000000
1785252888520488403,0.002058,0.000000,0.000000
1785252888527826159,0.002058,0.000000,0.000000
1785252888583984808,0.002058,0.000000,0.000000
1785252888614839533,0.002055,0.000000,0.000000
1785252888627544652,0.002055,0.000000,0.000000
1785252888680957844,0.002056,0.000000,0.000000
1785252888715909933,0.002054,0.000000,0.000000
1785252888734689197,0.002059,0.000000,0.000000
1785252888761202742,0.002059,0.000000,0.000000
1785252888810382648,0.002058,0.000000,0.000000
1785252888828008750,0.002058,0.000000,0.000000
1785252888888676536,0.002058,0.000000,0.000000
1785252888919904086,0.002054,0.000000,0.000000
1785252888935581033,0.002059,0.000000,0.000000
1785252888987647450,0.002056,0.000000,0.000000
1785252889010761738,0.002053,0.000000,0.000000
1785252889035838487,0.002058,0.000000,0.000000
1785252889061167800,0.002058,0.000000,0.000000
1785252889116482882,0.002057,0.000000,0.000000
1785252889127701434,0.002057,0.000000,0.000000
1785252889180894468,0.002059,0.000000,0.000000
1785252889214754370,0.002055,0.000000,0.000000
1785252889227640231,0.002055,0.000000,0.000000
1785252889278490800,0.002058,0.000000,0.000000
1785252889316108714,0.002054,0.000000,0.000000
1785252889338203099,0.002058,0.000000,0.000000
1785252889361124098,0.002058,0.000000,0.000000
1785252889415410521,0.002057,0.000000,0.000000
1785252889427957531,0.002057,0.000000,0.000000
1785252889486662891,0.002061,0.000000,0.000000
1785252889515999109,0.002056,0.000000,0.000000
1785252889542738543,0.002058,0.000000,0.000000
1785252889578520734,0.002058,0.000000,0.000000
1785252889614000780,0.002054,0.000000,0.000000
1785252889641664638,0.002057,0.000000,0.000000
1785252889661304335,0.002057,0.000000,0.000000
1785252889714806902,0.002057,0.000000,0.000000
1785252889727943110,0.002057,0.000000,0.000000
1785252889776325288,0.002062,0.000000,0.000000
1785252889814144255,0.002057,0.000000,0.000000
1785252889843452615,0.002058,0.000000,0.000000
1785252889861241427,0.002058,0.000000,0.000000
1785252889924791714,0.002058,0.000000,0.000000
1785252889946495986,0.002058,0.000000,0.000000
1785252889961078086,0.002058,0.000000,0.000000
1785252890015600696,0.002058,0.000000,0.000000
1785252890027931153,0.002058,0.000000,0.000000
1785252890077914756,0.002064,0.000000,0.000000
1785252890116402135,0.002058,0.000000,0.000000
1785252890147457310,0.002057,0.000000,0.000000
1785252890173213860,0.002060,0.000000,0.000000
1785252890214901448,0.002055,0.000000,0.000000
1785252890249828288,0.002055,0.000000,0.000000
1785252890261298835,0.002055,0.000000,0.000000
1785252890315721104,0.002056,0.000000,0.000000
1785252890327977430,0.002056,0.000000,0.000000
1785252890374770168,0.002065,0.000000,0.000000
1785252890417276566,0.002058,0.000000,0.000000
1785252890427419994,0.002058,0.000000,0.000000
1785252890468910671,0.002067,0.000000,0.000000
1785252890518994134,0.002058,0.000000,0.000000
1785252890550366821,0.002055,0.000000,0.000000
1785252890561342957,0.002055,0.000000,0.000000
1785252890617130152,0.002056,0.000000,0.000000
1785252890627560037,0.002056,0.000000,0.000000
1785252890668523720,0.002066,0.000000,0.000000
1785252890718796335,0.002057,0.000000,0.000000
1785252890749889034,0.002055,0.000000,0.000000
1785252890767394206,0.002059,0.000000,0.000000
1785252890822484367,0.002055,0.000000,0.000000
1785252890854195562,0.002053,0.000000,0.000000
1785252890860876761,0.002053,0.000000,0.000000
1785252890918216941,0.002056,0.000000,0.000000
1785252890927777419,0.002056,0.000000,0.000000
1785252890968432425,0.002066,0.000000,0.000000
1785252891019565225,0.002059,0.000000,0.000000
1785252891027730677,0.002059,0.000000,0.000000
1785252891068390662,0.002069,0.000000,0.000000
1785252891114894998,0.002060,0.000000,0.000000
1785252891145502708,0.002055,0.000000,0.000000
1785252891161378263,0.002055,0.000000,0.000000
1785252891209764289,0.002057,0.000000,0.000000
1785252891227928037,0.002057,0.000000,0.000000
1785252891270513703,0.002067,0.000000,0.000000
1785252891318971400,0.002060,0.000000,0.000000
1785252891327460356,0.002060,0.000000,0.000000
1785252891369446993,0.002069,0.000000,0.000000
1785252891413281707,0.002061,0.000000,0.000000
1785252891448179038,0.002055,0.000000,0.000000
1785252891461541573,0.002055,0.000000,0.000000
1785252891510285708,0.002058,0.000000,0.000000
1785252891527420350,0.002058,0.000000,0.000000
1785252891571181825,0.002068,0.000000,0.000000
1785252891619894314,0.002063,0.000000,0.000000
1785252891627349334,0.002063,0.000000,0.000000
1785252891675497965,0.002071,0.000000,0.000000
1785252891720845253,0.002065,0.000000,0.000000
1785252891749732398,0.002057,0.000000,0.000000
1785252891761224607,0.002057,0.000000,0.000000
1785252891817660020,0.002061,0.000000,0.000000
1785252891827783496,0.002061,0.000000,0.000000
1785252891874525821,0.002068,0.000000,0.000000
1785252891910744161,0.002065,0.000000,0.000000
1785252891946946665,0.002057,0.000000,0.000000
1785252891975393843,0.002059,0.000000,0.000000
1785252892011614414,0.002059,0.000000,0.000000
1785252892046719555,0.002056,0.000000,0.000000
1785252892061342506,0.002056,0.000000,0.000000
1785252892111365455,0.002062,0.000000,0.000000
1785252892127767915,0.002062,0.000000,0.000000
1785252892176026781,0.002066,0.000000,0.000000
1785252892206412412,0.002067,0.000000,0.000000
1785252892250181731,0.002058,0.000000,0.000000
1785252892277304481,0.002057,0.000000,0.000000
1785252892306273255,0.002059,0.000000,0.000000
1785252892345577108,0.002056,0.000000,0.000000
1785252892361124884,0.002056,0.000000,0.000000
1785252892405825567,0.002064,0.000000,0.000000
1785252892427858981,0.002064,0.000000,0.000000
1785252892477818830,0.002064,0.000000,0.000000
1785252892503096038,0.002067,0.000000,0.000000
1785252892547989558,0.002057,0.000000,0.000000
1785252892561087841,0.002057,0.000000,0.000000
1785252892603148342,0.002066,0.000000,0.000000
1785252892650786409,0.002057,0.000000,0.000000
1785252892661120341,0.002057,0.000000,0.000000
1785252892709386044,0.002067,0.000000,0.000000
1785252892727740480,0.002067,0.000000,0.000000
1785252892790804852,0.002063,0.000000,0.000000
1785252892801876570,0.002067,0.000000,0.000000
1785252892827327355,0.002067,0.000000,0.000000
1785252892889337213,0.002062,0.000000,0.000000
1785252892907498140,0.002066,0.000000,0.000000
1785252892950757876,0.002058,0.000000,0.000000
1785252892961140504,0.002058,0.000000,0.000000
1785252893002194357,0.002068,0.000000,0.000000
1785252893027584892,0.002068,0.000000,0.000000
1785252893082715473,0.002062,0.000000,0.000000
1785252893100725152,0.002066,0.000000,0.000000
1785252893147192982,0.002058,0.000000,0.000000
1785252893185380249,0.002055,0.000000,0.000000
1785252893201028319,0.002060,0.000000,0.000000
1785252893248769597,0.002056,0.000000,0.000000
1785252893261346054,0.002056,0.000000,0.000000
1785252893302303550,0.002066,0.000000,0.000000
1785252893327722005,0.002066,0.000000,0.000000
1785252893382162981,0.002069,0.000000,0.000000
1785252893402652603,0.002072,0.000000,0.000000
1785252893427500507,0.002072,0.000000,0.000000
1785252893482277124,0.002066,0.000000,0.000000
1785252893501763473,0.002070,0.000000,0.000000
1785252893549556949,0.002062,0.000000,0.000000
1785252893561090129,0.002062,0.000000,0.000000
1785252893601303645,0.002072,0.000000,0.000000
1785252893627837091,0.002072,0.000000,0.000000
1785252893687486584,0.002062,0.000000,0.000000
1785252893701647619,0.002066,0.000000,0.000000
1785252893745703349,0.002060,0.000000,0.000000
1785252893780799589,0.002055,0.000000,0.000000
1785252893800536515,0.002059,0.000000,0.000000
1785252893846509075,0.002058,0.000000,0.000000
1785252893861163160,0.002058,0.000000,0.000000
1785252893904435933,0.002067,0.000000,0.000000
1785252893927469929,0.002067,0.000000,0.000000
1785252893982387942,0.002061,0.000000,0.000000
1785252894006117734,0.002062,0.000000,0.000000
1785252894027139114,0.002062,0.000000,0.000000
1785252894081361888,0.002059,0.000000,0.000000
1785252894111274844,0.002061,0.000000,0.000000
1785252894143934401,0.002059,0.000000,0.000000
1785252894161421547,0.002059,0.000000,0.000000
1785252894208919434,0.002066,0.000000,0.000000
1785252894227714346,0.002066,0.000000,0.000000
1785252894278928143,0.002061,0.000000,0.000000
1785252894310846724,0.002060,0.000000,0.000000
1785252894342518448,0.002061,0.000000,0.000000
1785252894379522179,0.002056,0.000000,0.000000
1785252894408972518,0.002057,0.000000,0.000000
1785252894441827174,0.002058,0.000000,0.000000
1785252894461290299,0.002058,0.000000,0.000000
1785252894510425091,0.002064,0.000000,0.000000
1785252894527539063,0.002064,0.000000,0.000000
1785252894585386285,0.002059,0.000000,0.000000
1785252894611575847,0.002058,0.000000,0.000000
1785252894627550626,0.002058,0.000000,0.000000
1785252894680357139,0.002058,0.000000,0.000000
1785252894710845882,0.002057,0.000000,0.000000
1785252894737462322,0.002060,0.000000,0.000000
1785252894761226503,0.002060,0.000000,0.000000
1785252894811424071,0.002062,0.000000,0.000000
1785252894827914963,0.002062,0.000000,0.000000
1785252894882279639,0.002059,0.000000,0.000000
1785252894913383362,0.002056,0.000000,0.000000
1785252894937717532,0.002060,0.000000,0.000000
1785252894981080524,0.002056,0.000000,0.000000
1785252895019903871,0.002054,0.000000,0.000000
1785252895035221241,0.002058,0.000000,0.000000
1785252895061157801,0.002058,0.000000,0.000000
1785252895112965407,0.002060,0.000000,0.000000
1785252895127790386,0.002060,0.000000,0.000000
1785252895187871666,0.002057,0.000000,0.000000
1785252895214952564,0.002054,0.000000,0.000000
1785252895227414460,0.002054,0.000000,0.000000
1785252895291008985,0.002054,0.000000,0.000000
1785252895322606371,0.002052,0.000000,0.000000
1785252895334406135,0.002057,0.000000,0.000000
1785252895360940310,0.002057,0.000000,0.000000
1785252895417032914,0.002055,0.000000,0.000000
1785252895427715522,0.002055,0.000000,0.000000
1785252895486758554,0.002052,0.000000,0.000000
1785252895521440999,0.002048,0.000000,0.000000
1785252895533610251,0.002053,0.000000,0.000000
1785252895589613498,0.002047,0.000000,0.000000
1785252895621186367,0.002044,0.000000,0.000000
1785252895632781341,0.002049,0.000000,0.000000
1785252895660935941,0.002049,0.000000,0.000000
1785252895721027801,0.002044,0.000000,0.000000
1785252895727516402,0.002044,0.000000,0.000000
1785252895783460962,0.002043,0.000000,0.000000
1785252895823350722,0.002037,0.000000,0.000000
1785252895827372649,0.002037,0.000000,0.000000
1785252895885886382,0.002039,0.000000,0.000000
1785252895923000733,0.002033,0.000000,0.000000
1785252895939547449,0.002038,0.000000,0.000000
1785252895961152815,0.002038,0.000000,0.000000
1785252896032261975,0.002034,0.000000,0.000000
1785252896032319805,0.002034,0.000000,0.000000
1785252896087794369,0.002036,0.000000,0.000000
1785252896120396199,0.002029,0.000000,0.000000
1785252896127531318,0.002029,0.000000,0.000000
1785252896178345527,0.002033,0.000000,0.000000
1785252896220435199,0.002028,0.000000,0.000000
1785252896235234626,0.002032,0.000000,0.000000
1785252896261197485,0.002032,0.000000,0.000000
1785252896322524420,0.002029,0.000000,0.000000
1785252896327916565,0.002029,0.000000,0.000000
1785252896381897811,0.002034,0.000000,0.000000
1785252896419835887,0.002027,0.000000,0.000000
1785252896427166881,0.002027,0.000000,0.000000
1785252896481319517,0.002032,0.000000,0.000000
1785252896520516660,0.002025,0.000000,0.000000
1785252896540455455,0.002028,0.000000,0.000000
1785252896560966502,0.002028,0.000000,0.000000
1785252896620844726,0.002026,0.000000,0.000000
1785252896627570110,0.002026,0.000000,0.000000
1785252896673962383,0.002032,0.000000,0.000000
1785252896721079157,0.002023,0.000000,0.000000
1785252896727214312,0.002023,0.000000,0.000000
1785252896773178948,0.002030,0.000000,0.000000
1785252896820483937,0.002021,0.000000,0.000000
1785252896842604555,0.002022,0.000000,0.000000
1785252896861091792,0.002022,0.000000,0.000000
1785252896921772304,0.002019,0.000000,0.000000
1785252896927677898,0.002019,0.000000,0.000000
1785252896976981256,0.002027,0.000000,0.000000
1785252897021931690,0.002017,0.000000,0.000000
1785252897027105640,0.002017,0.000000,0.000000
1785252897070183285,0.002026,0.000000,0.000000
1785252897124791666,0.002014,0.000000,0.000000
1785252897146550195,0.002013,0.000000,0.000000
1785252897161151952,0.002013,0.000000,0.000000
1785252897221130328,0.002010,0.000000,0.000000
1785252897227576105,0.002010,0.000000,0.000000
1785252897269264120,0.002020,0.000000,0.000000
1785252897324444153,0.002008,0.000000,0.000000
1785252897348694524,0.002006,0.000000,0.000000
1785252897366997083,0.002011,0.000000,0.000000
1785252897427611078,0.002001,0.000000,0.000000
1785252897447199401,0.002000,0.000000,0.000000
1785252897461200530,0.002000,0.000000,0.000000
1785252897522802620,0.001998,0.000000,0.000000
1785252897527739058,0.001998,0.000000,0.000000
1785252897566218264,0.002009,0.000000,0.000000
1785252897621112495,0.001997,0.000000,0.000000
1785252897649726160,0.001993,0.000000,0.000000
1785252897661117409,0.001993,0.000000,0.000000
1785252897721204219,0.001991,0.000000,0.000000
1785252897752796206,0.001987,0.000000,0.000000
1785252897761235839,0.001987,0.000000,0.000000
1785252897819424082,0.001986,0.000000,0.000000
1785252897827581763,0.001986,0.000000,0.000000
1785252897866157926,0.001997,0.000000,0.000000
1785252897927326929,0.001986,0.000000,0.000000
1785252897953691303,0.001978,0.000000,0.000000
1785252897966346582,0.001983,0.000000,0.000000
1785252898016909497,0.001976,0.000000,0.000000
1785252898052113569,0.001969,0.000000,0.000000
1785252898060963087,0.001969,0.000000,0.000000
1785252898116980751,0.001970,0.000000,0.000000
1785252898127814290,0.001970,0.000000,0.000000
1785252898166833149,0.001980,0.000000,0.000000
1785252898214425736,0.001970,0.000000,0.000000
1785252898227060286,0.001970,0.000000,0.000000
1785252898266812368,0.001980,0.000000,0.000000
1785252898322718916,0.001967,0.000000,0.000000
1785252898361089498,0.001951,0.000000,0.000000
1785252898361968749,0.001951,0.000000,0.000000
1785252898412511775,0.001952,0.000000,0.000000
1785252898427861590,0.001952,0.000000,0.000000
1785252898466816919,0.001962,0.000000,0.000000
1785252898512021701,0.001955,0.000000,0.000000
1785252898569035777,0.001935,0.000000,0.000000
1785252898574494764,0.001939,0.000000,0.000000
1785252898615562578,0.001936,0.000000,0.000000
1785252898672443024,0.001924,0.000000,0.000000
1785252898672531930,0.001924,0.000000,0.000000
1785252898711554794,0.001928,0.000000,0.000000
1785252898727528335,0.001928,0.000000,0.000000
1785252898769821107,0.001934,0.000000,0.000000
1785252898818510796,0.001929,0.000000,0.000000
1785252898864031635,0.001905,0.000000,0.000000
1785252898873955085,0.001907,0.000000,0.000000
1785252898908565007,0.001905,0.000000,0.000000
1785252898964749280,0.001886,0.000000,0.000000
1785252898964783178,0.001886,0.000000,0.000000
1785252899007272219,0.001892,0.000000,0.000000
1785252899027813497,0.001892,0.000000,0.000000
1785252899074819891,0.001893,0.000000,0.000000
1785252899106088664,0.001890,0.000000,0.000000
1785252899127345997,0.001890,0.000000,0.000000
1785252899180647535,0.001883,0.000000,0.000000
1785252899203729586,0.001880,0.000000,0.000000
1785252899271214828,0.001837,0.000000,0.000000
1785252899272080112,0.001837,0.000000,0.000000
1785252899302961419,0.001845,0.000000,0.000000
1785252899327749968,0.001845,0.000000,0.000000
1785252899378456431,0.001837,0.000000,0.000000
1785252899400984218,0.001838,0.000000,0.000000
1785252899427327193,0.001838,0.000000,0.000000
1785252899482167210,0.001824,0.000000,0.000000
1785252899500726883,0.001825,0.000000,0.000000
1785252899564604085,0.001785,0.000000,0.000000
1785252899564684421,0.001785,0.000000,0.000000
1785252899602906533,0.001794,0.000000,0.000000
1785252899627691457,0.001794,0.000000,0.000000
1785252899679811865,0.001781,0.000000,0.000000
1785252899699599937,0.001784,0.000000,0.000000
1785252899766403323,0.001752,0.000000,0.000000
1785252899787529647,0.001744,0.000000,0.000000
1785252899800238038,0.001748,0.000000,0.000000
1785252899861637651,0.001731,0.000000,0.000000
1785252899861663854,0.001731,0.000000,0.000000
1785252899901002140,0.001741,0.000000,0.000000
1785252899927869753,0.001741,0.000000,0.000000
1785252899989984357,0.001722,0.000000,0.000000
1785252900000300849,0.001725,0.000000,0.000000
1785252900057294053,0.001701,0.000000,0.000000
1785252900089659972,0.001689,0.000000,0.000000
1785252900100847472,0.001693,0.000000,0.000000
1785252900158585203,0.001679,0.000000,0.000000
1785252900161035106,0.001679,0.000000,0.000000
1785252900201944800,0.001689,0.000000,0.000000
1785252900227932358,0.001689,0.000000,0.000000
1785252900291194213,0.001668,0.000000,0.000000
1785252900301274314,0.001671,0.000000,0.000000
1785252900355713763,0.001652,0.000000,0.000000
1785252900383886672,0.001639,0.000000,0.000000
1785252900400039137,0.001643,0.000000,0.000000
1785252900449937240,0.001632,0.000000,0.000000
1785252900461042346,0.001632,0.000000,0.000000
1785252900502755948,0.001641,0.000000,0.000000
1785252900527742575,0.001641,0.000000,0.000000
1785252900593388583,0.001619,0.000000,0.000000
1785252900607823309,0.001621,0.000000,0.000000
1785252900627457904,0.001621,0.000000,0.000000
1785252900698628083,0.001603,0.000000,0.000000
1785252900706439965,0.001603,0.000000,0.000000
1785252900752474982,0.001592,0.000000,0.000000
1785252900761115078,0.001592,0.000000,0.000000
1785252900805419731,0.001596,0.000000,0.000000
1785252900827824823,0.001596,0.000000,0.000000
1785252900891524179,0.001576,0.000000,0.000000
1785252900908358509,0.001574,0.000000,0.000000
1785252900945667659,0.001565,0.000000,0.000000
1785252900981989430,0.001551,0.000000,0.000000
1785252901006500719,0.001551,0.000000,0.000000
1785252901051300276,0.001545,0.000000,0.000000
1785252901061489483,0.001545,0.000000,0.000000
1785252901107396552,0.001549,0.000000,0.000000
1785252901127552472,0.001549,0.000000,0.000000
1785252901187158361,0.001531,0.000000,0.000000
1785252901207519571,0.001526,0.000000,0.000000
1785252901227533128,0.001526,0.000000,0.000000
1785252901285570843,0.001516,0.000000,0.000000
1785252901309806325,0.001509,0.000000,0.000000
1785252901340561408,0.001506,0.000000,0.000000
1785252901361089735,0.001506,0.000000,0.000000
1785252901413056333,0.001504,0.000000,0.000000
1785252901427892610,0.001504,0.000000,0.000000
1785252901488724657,0.001486,0.000000,0.000000
1785252901510530438,0.001478,0.000000,0.000000
1785252901544341936,0.001478,0.000000,0.000000
1785252901584372076,0.001465,0.000000,0.000000
1785252901614803638,0.001461,0.000000,0.000000
1785252901639273830,0.001462,0.000000,0.000000
1785252901661487245,0.001462,0.000000,0.000000
1785252901713009967,0.001458,0.000000,0.000000
1785252901727824184,0.001458,0.000000,0.000000
1785252901786793695,0.001441,0.000000,0.000000
1785252901813455323,0.001434,0.000000,0.000000
1785252901827331191,0.001434,0.000000,0.000000
1785252901889901435,0.001423,0.000000,0.000000
1785252901914150382,0.001419,0.000000,0.000000
1785252901936554529,0.001422,0.000000,0.000000
1785252901961536796,0.001422,0.000000,0.000000
1785252902028102286,0.001415,0.000000,0.000000
1785252902029109727,0.001415,0.000000,0.000000
1785252902102061438,0.001392,0.000000,0.000000
1785252902126511180,0.001382,0.000000,0.000000
1785252902127406487,0.001382,0.000000,0.000000
1785252902201816859,0.001368,0.000000,0.000000
1785252902226563840,0.001360,0.000000,0.000000
1785252902234020865,0.001365,0.000000,0.000000
1785252902261171050,0.001365,0.000000,0.000000
1785252902326576847,0.001345,0.000000,0.000000
1785252902327647567,0.001345,0.000000,0.000000
1785252902397262804,0.001318,0.000000,0.000000
1785252902424947468,0.001301,0.000000,0.000000
1785252902427257169,0.001301,0.000000,0.000000
1785252902496849154,0.001284,0.000000,0.000000
1785252902532668386,0.001268,0.000000,0.000000
1785252902537633032,0.001273,0.000000,0.000000
1785252902561053085,0.001273,0.000000,0.000000
1785252902636073072,0.001243,0.000000,0.000000
1785252902636102247,0.001243,0.000000,0.000000
1785252902693873614,0.001226,0.000000,0.000000
1785252902731619516,0.001202,0.000000,0.000000
1785252902731653142,0.001202,0.000000,0.000000
1785252902784867435,0.001192,0.000000,0.000000
1785252902825427528,0.001171,0.000000,0.000000
1785252902834152357,0.001175,0.000000,0.000000
1785252902861869415,0.001175,0.000000,0.000000
1785252902923794446,0.001147,0.000000,0.000000
1785252902927935128,0.001147,0.000000,0.000000
1785252902989834227,0.001140,0.000000,0.000000
1785252903039507116,0.001114,0.000000,0.000000
1785252903046231466,0.001118,0.000000,0.000000
1785252903080871019,0.001110,0.000000,0.000000
1785252903132133420,0.001088,0.000000,0.000000
1785252903138302144,0.001092,0.000000,0.000000
1785252903161103826,0.001092,0.000000,0.000000
1785252903228024670,0.001070,0.000000,0.000000
1785252903228074915,0.001070,0.000000,0.000000
1785252903276811625,0.001071,0.000000,0.000000
1785252903326173398,0.001046,0.000000,0.000000
1785252903327191092,0.001046,0.000000,0.000000
1785252903375908742,0.001050,0.000000,0.000000
1785252903426274835,0.001029,0.000000,0.000000
1785252903444132267,0.001032,0.000000,0.000000
1785252903460989072,0.001032,0.000000,0.000000
1785252903535145819,0.001016,0.000000,0.000000
1785252903535174530,0.001016,0.000000,0.000000
1785252903573009219,0.001022,0.000000,0.000000
1785252903637987307,0.001001,0.000000,0.000000
1785252903638094249,0.001001,0.000000,0.000000
1785252903672478424,0.001008,0.000000,0.000000
1785252903736219172,0.000989,0.000000,0.000000
1785252903747799826,0.000991,0.000000,0.000000
1785252903760954346,0.000991,0.000000,0.000000
1785252903828175826,0.000978,0.000000,0.000000
1785252903828215633,0.000978,0.000000,0.000000
1785252903869815396,0.000987,0.000000,0.000000
1785252903927909806,0.000968,0.000000,0.000000
1785252903951129997,0.000968,0.000000,0.000000
1785252903961017341,0.000968,0.000000,0.000000
1785252904037092289,0.000957,0.000000,0.000000
1785252904051924827,0.000958,0.000000,0.000000
1785252904061351483,0.000958,0.000000,0.000000
1785252904128043847,0.000949,0.000000,0.000000
1785252904128128525,0.000949,0.000000,0.000000
1785252904169326264,0.000960,0.000000,0.000000
1785252904226425781,0.000945,0.000000,0.000000
1785252904227261877,0.000945,0.000000,0.000000
1785252904266152896,0.000956,0.000000,0.000000
1785252904328665843,0.000940,0.000000,0.000000
1785252904346803209,0.000938,0.000000,0.000000
1785252904361112470,0.000938,0.000000,0.000000
1785252904429102010,0.000935,0.000000,0.000000
1785252904429139102,0.000935,0.000000,0.000000
1785252904473738765,0.000946,0.000000,0.000000
1785252904532135142,0.000935,0.000000,0.000000
1785252904554679025,0.000931,0.000000,0.000000
1785252904565707761,0.000936,0.000000,0.000000
1785252904618426172,0.000929,0.000000,0.000000
1785252904651130610,0.000927,0.000000,0.000000
1785252904660936307,0.000927,0.000000,0.000000
1785252904717337198,0.000927,0.000000,0.000000
1785252904727485773,0.000927,0.000000,0.000000
1785252904766222645,0.000938,0.000000,0.000000
1785252904824631932,0.000929,0.000000,0.000000
1785252904827472442,0.000929,0.000000,0.000000
1785252904866496598,0.000940,0.000000,0.000000
1785252904924699640,0.000928,0.000000,0.000000
1785252904952406986,0.000921,0.000000,0.000000
1785252904961067529,0.000921,0.000000,0.000000
1785252905018329084,0.000922,0.000000,0.000000
1785252905027730066,0.000922,0.000000,0.000000
1785252905068169980,0.000932,0.000000,0.000000
1785252905114956962,0.000923,0.000000,0.000000
1785252905158473231,0.000916,0.000000,0.000000
1785252905167706716,0.000920,0.000000,0.000000
1785252905213470521,0.000917,0.000000,0.000000
1785252905257516875,0.000911,0.000000,0.000000
1785252905260906958,0.000911,0.000000,0.000000
1785252905312685890,0.000912,0.000000,0.000000
1785252905327345382,0.000912,0.000000,0.000000
1785252905375408727,0.000921,0.000000,0.000000
1785252905410401143,0.000914,0.000000,0.000000
1785252905427219811,0.000914,0.000000,0.000000
1785252905469641496,0.000921,0.000000,0.000000
1785252905511356982,0.000913,0.000000,0.000000
1785252905561129849,0.000898,0.000000,0.000000
1785252905561170089,0.000898,0.000000,0.000000
1785252905614817928,0.000901,0.000000,0.000000
1785252905627750328,0.000901,0.000000,0.000000
1785252905671060639,0.000907,0.000000,0.000000
1785252905711123515,0.000904,0.000000,0.000000
1785252905767601897,0.000890,0.000000,0.000000
1785252905780355989,0.000892,0.000000,0.000000
1785252905816135870,0.000893,0.000000,0.000000
1785252905853414641,0.000885,0.000000,0.000000
1785252905861077963,0.000885,0.000000,0.000000
1785252905907607873,0.000892,0.000000,0.000000
1785252905927659732,0.000892,0.000000,0.000000
1785252905975062710,0.000897,0.000000,0.000000
1785252906005418461,0.000896,0.000000,0.000000
1785252906027313549,0.000896,0.000000,0.000000
1785252906079551754,0.000897,0.000000,0.000000
1785252906104206649,0.000896,0.000000,0.000000
1785252906160203415,0.000869,0.000000,0.000000
1785252906160637804,0.000869,0.000000,0.000000
1785252906203823516,0.000877,0.000000,0.000000
1785252906227394983,0.000877,0.000000,0.000000
1785252906277010531,0.000876,0.000000,0.000000
1785252906310656384,0.000879,0.000000,0.000000
1785252906360878645,0.000855,0.000000,0.000000
1785252906379471891,0.000853,0.000000,0.000000
1785252906402001273,0.000857,0.000000,0.000000
1785252906460469635,0.000846,0.000000,0.000000
1785252906461103303,0.000846,0.000000,0.000000
1785252906500960874,0.000856,0.000000,0.000000
1785252906527754488,0.000856,0.000000,0.000000
1785252906582145672,0.000851,0.000000,0.000000
1785252906600851998,0.000855,0.000000,0.000000
1785252906627102184,0.000855,0.000000,0.000000
1785252906686523616,0.000844,0.000000,0.000000
1785252906700640484,0.000849,0.000000,0.000000
1785252906761786795,0.000829,0.000000,0.000000
1785252906762341924,0.000829,0.000000,0.000000
1785252906801023189,0.000840,0.000000,0.000000
1785252906827712759,0.000840,0.000000,0.000000
1785252906884738172,0.000828,0.000000,0.000000
1785252906899444001,0.000833,0.000000,0.000000
1785252906927265969,0.000833,0.000000,0.000000
1785252906993903673,0.000819,0.000000,0.000000
1785252906997777375,0.000824,0.000000,0.000000
1785252907054693054,0.000808,0.000000,0.000000
1785252907060919847,0.000808,0.000000,0.000000
1785252907099288789,0.000820,0.000000,0.000000
1785252907127720382,0.000820,0.000000,0.000000
1785252907193756290,0.000801,0.000000,0.000000
1785252907198334058,0.000806,0.000000,0.000000
1785252907227397765,0.000806,0.000000,0.000000
1785252907311319309,0.000789,0.000000,0.000000
1785252907316427275,0.000794,0.000000,0.000000
1785252907350282466,0.000783,0.000000,0.000000
1785252907361191576,0.000783,0.000000,0.000000
1785252907399041240,0.000794,0.000000,0.000000
1785252907427681992,0.000794,0.000000,0.000000
1785252907500588060,0.000767,0.000000,0.000000
1785252907504486027,0.000772,0.000000,0.000000
1785252907550806785,0.000762,0.000000,0.000000
1785252907593249121,0.000748,0.000000,0.000000
1785252907599736276,0.000753,0.000000,0.000000
1785252907649715667,0.000748,0.000000,0.000000
1785252907661387501,0.000748,0.000000,0.000000
1785252907709898534,0.000758,0.000000,0.000000
1785252907727587202,0.000758,0.000000,0.000000
1785252907808895939,0.000728,0.000000,0.000000
1785252907816381233,0.000731,0.000000,0.000000
1785252907827448260,0.000731,0.000000,0.000000
1785252907892704742,0.000712,0.000000,0.000000
1785252907903483018,0.000715,0.000000,0.000000
1785252907944687795,0.000713,0.000000,0.000000
1785252907961413236,0.000713,0.000000,0.000000
1785252908004591080,0.000719,0.000000,0.000000
1785252908027698030,0.000719,0.000000,0.000000
1785252908101213421,0.000694,0.000000,0.000000
1785252908111151214,0.000695,0.000000,0.000000
1785252908127744685,0.000695,0.000000,0.000000
1785252908203100523,0.000684,0.000000,0.000000
1785252908223590059,0.000686,0.000000,0.000000
1785252908240630172,0.000687,0.000000,0.000000
1785252908261472018,0.000687,0.000000,0.000000
1785252908307255825,0.000693,0.000000,0.000000
1785252908327852923,0.000693,0.000000,0.000000
1785252908390932068,0.000674,0.000000,0.000000
1785252908409422461,0.000674,0.000000,0.000000
1785252908427342567,0.000674,0.000000,0.000000
1785252908498402675,0.000666,0.000000,0.000000
1785252908513271024,0.000667,0.000000,0.000000
1785252908536799334,0.000671,0.000000,0.000000
1785252908560712209,0.000671,0.000000,0.000000
1785252908611221771,0.000673,0.000000,0.000000
1785252908627472986,0.000673,0.000000,0.000000
1785252908698715568,0.000660,0.000000,0.000000
1785252908723385677,0.000659,0.000000,0.000000
1785252908733388470,0.000663,0.000000,0.000000
1785252908791155189,0.000652,0.000000,0.000000
1785252908813093389,0.000652,0.000000,0.000000
1785252908834001626,0.000657,0.000000,0.000000
1785252908861095529,0.000657,0.000000,0.000000
1785252908921162540,0.000657,0.000000,0.000000
1785252908927816684,0.000657,0.000000,0.000000
1785252908992778586,0.000647,0.000000,0.000000
1785252909016548556,0.000644,0.000000,0.000000
1785252909027158212,0.000644,0.000000,0.000000
1785252909092340989,0.000641,0.000000,0.000000
1785252909118045959,0.000639,0.000000,0.000000
1785252909139874785,0.000645,0.000000,0.000000
1785252909161007511,0.000645,0.000000,0.000000
1785252909220300701,0.000643,0.000000,0.000000
1785252909227493495,0.000643,0.000000,0.000000
1785252909291156054,0.000638,0.000000,0.000000
1785252909321453061,0.000634,0.000000,0.000000
1785252909327008457,0.000634,0.000000,0.000000
1785252909398661300,0.000633,0.000000,0.000000
1785252909428869884,0.000630,0.000000,0.000000
1785252909431248439,0.000636,0.000000,0.000000
1785252909461030499,0.000636,0.000000,0.000000
1785252909531332126,0.000632,0.000000,0.000000
1785252909531371112,0.000632,0.000000,0.000000
1785252909591035597,0.000632,0.000000,0.000000
1785252909622772902,0.000626,0.000000,0.000000
1785252909627204577,0.000626,0.000000,0.000000
1785252909698709462,0.000629,0.000000,0.000000
1785252909730137395,0.000623,0.000000,0.000000
1785252909733412734,0.000629,0.000000,0.000000
1785252909761131832,0.000629,0.000000,0.000000
1785252909823651932,0.000625,0.000000,0.000000
1785252909827714413,0.000625,0.000000,0.000000
1785252909880507880,0.000629,0.000000,0.000000
1785252909926150244,0.000621,0.000000,0.000000
1785252909933860077,0.000627,0.000000,0.000000
1785252909980146055,0.000627,0.000000,0.000000
1785252910025700566,0.000620,0.000000,0.000000
1785252910034635791,0.000625,0.000000,0.000000
1785252910061140445,0.000625,0.000000,0.000000
1785252910132774244,0.000622,0.000000,0.000000
1785252910133867066,0.000622,0.000000,0.000000
1785252910176158542,0.000628,0.000000,0.000000
1785252910219625117,0.000621,0.000000,0.000000
1785252910227238571,0.000621,0.000000,0.000000
1785252910274219110,0.000628,0.000000,0.000000
1785252910320433890,0.000622,0.000000,0.000000
1785252910336410168,0.000626,0.000000,0.000000
1785252910361419707,0.000626,0.000000,0.000000
1785252910420686796,0.000624,0.000000,0.000000
1785252910427562679,0.000624,0.000000,0.000000
1785252910473822409,0.000631,0.000000,0.000000
1785252910525873541,0.000622,0.000000,0.000000
1785252910527276989,0.000622,0.000000,0.000000
1785252910571822710,0.000630,0.000000,0.000000
1785252910627891516,0.000622,0.000000,0.000000
1785252910640473204,0.000624,0.000000,0.000000
1785252910661040020,0.000624,0.000000,0.000000
1785252910719479329,0.000621,0.000000,0.000000
1785252910727670493,0.000621,0.000000,0.000000
1785252910770545816,0.000631,0.000000,0.000000
1785252910823396449,0.000619,0.000000,0.000000
1785252910827168702,0.000619,0.000000,0.000000
1785252910869174856,0.000629,0.000000,0.000000
1785252910923018803,0.000616,0.000000,0.000000
1785252910943610172,0.000616,0.000000,0.000000
1785252910960847702,0.000616,0.000000,0.000000
1785252911018791739,0.000611,0.000000,0.000000
1785252911027670721,0.000611,0.000000,0.000000
1785252911066253336,0.000622,0.000000,0.000000
1785252911127344108,0.000608,0.000000,0.000000
1785252911128191918,0.000608,0.000000,0.000000
1785252911166215618,0.000619,0.000000,0.000000
1785252911217782739,0.000603,0.000000,0.000000
1785252911241944305,0.000600,0.000000,0.000000
1785252911261143204,0.000600,0.000000,0.000000
1785252911323365714,0.000595,0.000000,0.000000
1785252911327602857,0.000595,0.000000,0.000000
1785252911366293900,0.000605,0.000000,0.000000
1785252911423359912,0.000591,0.000000,0.000000
1785252911449742480,0.000587,0.000000,0.000000
1785252911466182130,0.000592,0.000000,0.000000
1785252911522156457,0.000583,0.000000,0.000000
1785252911562004414,0.000580,0.000000,0.000000
1785252911562798957,0.000580,0.000000,0.000000
1785252911619192871,0.000578,0.000000,0.000000
1785252911627565885,0.000578,0.000000,0.000000
1785252911667316532,0.000589,0.000000,0.000000
1785252911716292385,0.000576,0.000000,0.000000
1785252911750572474,0.000569,0.000000,0.000000
1785252911765864373,0.000574,0.000000,0.000000
1785252911815628874,0.000567,0.000000,0.000000
1785252911851530032,0.000562,0.000000,0.000000
1785252911861154163,0.000562,0.000000,0.000000
1785252911915380245,0.000562,0.000000,0.000000
1785252911927783460,0.000562,0.000000,0.000000
1785252911967661703,0.000573,0.000000,0.000000
1785252912036381898,0.000563,0.000000,0.000000
1785252912037332737,0.000563,0.000000,0.000000
1785252912066991218,0.000574,0.000000,0.000000
1785252912113355116,0.000561,0.000000,0.000000
1785252912152717128,0.000547,0.000000,0.000000
1785252912161067634,0.000547,0.000000,0.000000
1785252912214268343,0.000550,0.000000,0.000000
1785252912227693457,0.000550,0.000000,0.000000
1785252912266271009,0.000561,0.000000,0.000000
1785252912314263902,0.000553,0.000000,0.000000
1785252912359459172,0.000539,0.000000,0.000000
1785252912365623278,0.000544,0.000000,0.000000
1785252912409712744,0.000543,0.000000,0.000000
1785252912461980481,0.000534,0.000000,0.000000
1785252912463010923,0.000534,0.000000,0.000000
1785252912509624246,0.000540,0.000000,0.000000
1785252912527510467,0.000540,0.000000,0.000000
1785252912568558951,0.000549,0.000000,0.000000
1785252912600679277,0.000551,0.000000,0.000000
