record_time_ns,accepted_count,rms_m
1785252866496077470,0,0.000000
1785252866529265016,0,0.000000
1785252866561509693,0,0.000000
1785252866595735238,0,0.000000
1785252866627950592,0,0.000000
1785252866661951149,0,0.000000
1785252866695185450,0,0.000000
1785252866728846306,0,0.000000
1785252866761825050,0,0.000000
1785252866795011783,0,0.000000
1785252866829041533,0,0.000000
1785252866861256911,0,0.000000
1785252866895548186,0,0.000000
1785252866927617755,0,0.000000
1785252866961990647,0,0.000000
1785252866995466821,0,0.000000
1785252867028799786,0,0.000000
1785252867061798389,0,0.000000
1785252867095008952,0,0.000000
1785252867128819769,0,0.000000
1785252867161389931,0,0.000000
1785252867195698756,0,0.000000
1785252867228075441,0,0.000000
1785252867262065056,0,0.000000
1785252867295130651,0,0.000000
1785252867328867348,0,0.000000
1785252867361943559,0,0.000000
1785252867394844766,0,0.000000
1785252867428974144,0,0.000000
1785252867461193463,0,0.000000
1785252867495506654,0,0.000000
1785252867527561866,0,0.000000
1785252867561674934,0,0.000000
1785252867594948328,0,0.000000
1785252867628953961,0,0.000000
1785252867661780383,0,0.000000
1785252867701038613,0,0.000000
1785252867737992218,185,0.128659
1785252867761075482,185,0.128659
1785252867846488696,1426,0.104139
1785252867846660677,1426,0.104139
1785252867893933668,1653,0.082179
1785252867927921778,1828,0.082017
1785252867936386333,150,0.152912
1785252868012437908,1759,0.073004
1785252868043636353,1855,0.059751
1785252868052080537,537,0.083543
1785252868061837448,537,0.083543
1785252868129569764,1815,0.060356
1785252868129640953,1815,0.060356
1785252868187733678,1776,0.067796
1785252868217217618,1887,0.056738
1785252868227605407,1887,0.056738
1785252868291294226,1681,0.066663
1785252868317113273,1950,0.050024
1785252868335437796,546,0.070896
1785252868361151709,546,0.070896
1785252868420383228,2001,0.051119
1785252868427662546,2001,0.051119
1785252868485159596,1472,0.059180
1785252868516322746,1970,0.045967
1785252868537336538,695,0.065496
1785252868576785853,1432,0.060778
1785252868611337410,1942,0.040722
1785252868641376806,857,0.058981
1785252868661386877,857,0.058981
1785252868712681079,1894,0.043291
1785252868727752152,1894,0.043291
1785252868780968454,1342,0.053661
1785252868811207723,1799,0.035849
1785252868840385147,1034,0.048400
1785252868861067926,1034,0.048400
1785252868911056915,1861,0.033340
1785252868944467743,1171,0.049206
1785252868961224657,1171,0.049206
1785252869012751259,1882,0.035453
1785252869027890361,1882,0.035453
1785252869076815612,1029,0.050471
1785252869110848466,1840,0.034585
1785252869143944284,1278,0.047252
1785252869172738798,931,0.065349
1785252869212676127,1917,0.040646
1785252869243321147,1300,0.057879
1785252869261252007,1300,0.057879
1785252869312736539,1867,0.039324
1785252869327820756,1867,0.039324
1785252869372616941,741,0.047814
1785252869412869784,1945,0.040435
1785252869443730839,1502,0.048681
1785252869469515135,658,0.051272
1785252869512108913,1925,0.039590
1785252869546818439,1625,0.054226
1785252869561232067,1625,0.054226
1785252869612991890,1863,0.036862
1785252869628046487,1863,0.036862
1785252869669702193,587,0.047555
1785252869713146290,1897,0.041569
1785252869749003087,1808,0.048867
1785252869768933851,517,0.049212
1785252869814479733,1873,0.042795
1785252869847220951,1794,0.045686
1785252869861606939,1794,0.045686
1785252869913496457,1951,0.037812
1785252869927753180,1951,0.037812
1785252869968067561,491,0.042177
1785252870016596343,1954,0.043084
1785252870041958562,1808,0.041196
1785252870067747647,462,0.043922
1785252870115552718,1964,0.038934
1785252870147762606,1867,0.039158
1785252870161495251,1867,0.039158
1785252870215996059,1936,0.041027
1785252870227688950,1936,0.041027
1785252870267362248,394,0.044463
1785252870316261850,1868,0.041232
1785252870348537142,1951,0.040146
1785252870361255109,1951,0.040146
1785252870412372481,1738,0.044228
1785252870451521692,2053,0.038147
1785252870461484849,2053,0.038147
1785252870516321559,1600,0.040319
1785252870527961565,1600,0.040319
1785252870568727177,519,0.045337
1785252870612725985,1492,0.045609
1785252870649447196,2006,0.036296
1785252870669038411,583,0.042993
1785252870711048367,1501,0.041962
1785252870746130779,1936,0.033253
1785252870761498511,1936,0.033253
1785252870811956972,1457,0.045327
1785252870828006682,1457,0.045327
1785252870870999588,723,0.042472
1785252870913675962,1327,0.044002
1785252870948448119,1895,0.035698
1785252870970130850,849,0.043154
1785252871009796270,1282,0.045243
1785252871054261728,1855,0.032271
1785252871061477368,1855,0.032271
1785252871111903086,1189,0.045586
1785252871127996659,1189,0.045586
1785252871174166767,938,0.042442
1785252871208097770,1022,0.041705
1785252871246612665,1795,0.029035
1785252871273767032,970,0.041666
1785252871310155818,955,0.043986
1785252871347085931,1831,0.028505
1785252871361629465,1831,0.028505
1785252871406879324,889,0.042124
1785252871427822339,889,0.042124
1785252871476446438,1206,0.043517
1785252871504287524,724,0.043686
1785252871545877786,1870,0.032244
1785252871577908414,1303,0.046741
1785252871604878291,748,0.041508
1785252871646145704,1868,0.032962
1785252871661104411,1868,0.032962
1785252871704880999,687,0.039510
1785252871727821247,687,0.039510
1785252871782597226,1440,0.041548
1785252871803622899,571,0.037654
1785252871847100162,1852,0.031893
1785252871879125857,1570,0.041884
1785252871902412731,515,0.041393
1785252871949184738,1988,0.035889
1785252871961476184,1988,0.035889
1785252872002915694,452,0.041480
1785252872027846598,452,0.041480
1785252872079933502,1604,0.042516
1785252872101724220,422,0.044129
1785252872149804905,2001,0.036982
1785252872161121155,2001,0.036982
1785252872203859612,370,0.041822
1785252872248479693,1945,0.035722
1785252872261344055,1945,0.035722
1785252872301369031,352,0.038824
1785252872327935621,352,0.038824
1785252872377635184,1932,0.035963
1785252872400175120,307,0.046859
1785252872427539724,307,0.046859
1785252872485418111,1948,0.037277
1785252872500207283,405,0.041858
1785252872546633587,1735,0.038785
1785252872561185781,1735,0.038785
1785252872601300336,478,0.037885
1785252872627812365,478,0.037885
1785252872680792328,1938,0.034303
1785252872703969519,446,0.043263
1785252872740805034,1625,0.038690
1785252872779900883,1942,0.036503
1785252872801646388,498,0.037201
1785252872845830067,1610,0.036522
1785252872861507783,1610,0.036522
1785252872902648008,551,0.041986
1785252872927992234,551,0.041986
1785252872979691923,1840,0.029673
1785252873003055910,602,0.036113
1785252873044596743,1424,0.038041
1785252873078278960,1855,0.029728
1785252873105419155,612,0.036822
1785252873144790562,1293,0.035319
1785252873161348951,1293,0.035319
1785252873204220809,626,0.039578
1785252873227781982,626,0.039578
1785252873278434021,1878,0.031379
1785252873304333722,725,0.040716
1785252873343407283,1153,0.043569
1785252873378263583,1813,0.030069
1785252873405742484,817,0.041746
1785252873442888021,1140,0.040792
1785252873461255745,1140,0.040792
1785252873509207751,896,0.040384
1785252873527848532,896,0.040384
1785252873580445165,1798,0.030628
1785252873607429621,1086,0.039970
1785252873640923636,972,0.041749
1785252873678772857,1813,0.029949
1785252873709012329,1136,0.041887
1785252873740661020,894,0.038900
1785252873761198806,894,0.038900
1785252873810576388,1244,0.039137
1785252873827745711,1244,0.039137
1785252873878904905,1849,0.030321
1785252873910772929,1276,0.039982
1785252873935560496,673,0.040835
1785252873981381256,1825,0.029415
1785252874011070107,1368,0.040281
1785252874037005247,607,0.038585
1785252874061303720,607,0.038585
1785252874112251204,1335,0.039028
1785252874127684136,1335,0.039028
1785252874179949813,1930,0.032210
1785252874212670848,1505,0.038566
1785252874227537133,1505,0.038566
1785252874279963617,1883,0.031909
1785252874315066605,1652,0.034549
1785252874335293361,407,0.041150
1785252874361615379,407,0.041150
1785252874414624632,1654,0.035280
1785252874427809034,1654,0.035280
1785252874482780890,1834,0.033041
1785252874514133217,1822,0.034563
1785252874534981060,428,0.038556
1785252874580549111,1809,0.034453
1785252874615226409,1860,0.033930
1785252874635077670,393,0.035628
1785252874660998589,393,0.035628
1785252874715084505,1824,0.032852
1785252874727990252,1824,0.032852
1785252874781022595,1805,0.032784
1785252874815297879,1868,0.033452
1785252874827638807,1868,0.033452
1785252874881588579,1788,0.033371
1785252874917894135,1824,0.032548
1785252874935579621,446,0.038209
1785252874961090632,446,0.038209
1785252875014844061,1856,0.032742
1785252875027824436,1856,0.032742
1785252875080892394,1722,0.034265
1785252875113177735,1813,0.032045
1785252875135201179,407,0.038146
1785252875161225201,407,0.038146
1785252875213939952,1928,0.030688
1785252875235121752,424,0.041524
1785252875261505400,424,0.041524
1785252875316495796,1982,0.030489
1785252875327962862,1982,0.030489
1785252875377441236,1367,0.037245
1785252875416792387,1902,0.029034
1785252875427346088,1902,0.029034
1785252875478459963,1356,0.037338
1785252875512548839,1826,0.028646
1785252875538231533,652,0.036628
1785252875561301968,652,0.036628
1785252875614556150,1837,0.028384
1785252875627795071,1837,0.028384
1785252875677233711,1194,0.036471
1785252875713229078,1821,0.031000
1785252875740672104,853,0.040626
1785252875776392314,1095,0.040334
1785252875811235279,1757,0.028029
1785252875845594328,934,0.039689
1785252875861377306,934,0.039689
1785252875912254601,1779,0.027235
1785252875927762451,1779,0.027235
1785252875973944591,908,0.037582
1785252876012102466,1773,0.027257
1785252876027682174,1773,0.027257
1785252876073873793,808,0.038724
1785252876115732942,1826,0.027418
1785252876143398769,1131,0.039362
1785252876161406757,1131,0.039362
1785252876212290391,1783,0.026991
1785252876227965521,1783,0.026991
1785252876271096222,664,0.038276
1785252876313714455,1850,0.032170
1785252876348172946,1324,0.036763
1785252876370785465,623,0.034769
1785252876415386894,1804,0.028279
1785252876445369846,1403,0.038954
1785252876461198629,1403,0.038954
1785252876512892080,1821,0.028682
1785252876527682227,1821,0.028682
1785252876569518488,493,0.040818
1785252876614177831,1806,0.029917
1785252876647025870,1552,0.033532
1785252876668944611,449,0.039051
1785252876714132946,1865,0.030593
1785252876751007275,1575,0.036851
1785252876761249312,1575,0.036851
1785252876815268378,1885,0.031139
1785252876827818486,1885,0.031139
1785252876868157592,392,0.039096
1785252876915245481,1848,0.033000
1785252876947608110,1661,0.032738
1785252876966351888,348,0.037367
1785252877016171966,1944,0.032391
1785252877043339914,1746,0.032004
1785252877061152829,1746,0.032004
1785252877114603468,1811,0.034566
1785252877128080934,1811,0.034566
1785252877167204680,346,0.037641
1785252877212136794,1711,0.036130
1785252877243137311,1867,0.032627
1785252877267654504,375,0.036705
1785252877312495421,1592,0.034073
1785252877349210494,1937,0.031287
1785252877361198557,1937,0.031287
1785252877411867373,1496,0.031870
1785252877427984037,1496,0.031870
1785252877467258120,445,0.037233
1785252877512026599,1426,0.037099
1785252877548939537,1892,0.035076
1785252877569390135,502,0.034524
1785252877616223592,1477,0.034985
1785252877648759375,1873,0.032733
1785252877661292987,1873,0.032733
1785252877711835465,1327,0.034589
1785252877727762630,1327,0.034589
1785252877771518141,649,0.037541
1785252877810189782,1222,0.035747
1785252877827356285,1222,0.035747
1785252877870903652,701,0.037354
1785252877906519618,1193,0.040694
1785252877946198936,1787,0.029221
1785252877961454375,1787,0.029221
1785252878010379432,1112,0.037291
1785252878027611367,1112,0.037291
1785252878073403003,815,0.036127
1785252878112201191,937,0.035836
1785252878146964886,1881,0.029978
1785252878170797185,891,0.038286
1785252878207871141,891,0.038808
1785252878245414461,1771,0.027976
1785252878261452545,1771,0.027976
1785252878307782056,882,0.036147
1785252878327706598,882,0.036147
1785252878376568882,1075,0.034985
1785252878405611397,710,0.037330
1785252878446750437,1801,0.029219
1785252878477300651,1143,0.037278
1785252878509248581,732,0.036462
1785252878546325427,1822,0.033026
1785252878561229157,1822,0.033026
1785252878605141844,627,0.035318
1785252878627654250,627,0.035318
1785252878678220504,1350,0.036599
1785252878702929694,525,0.035271
1785252878746352819,1840,0.033066
1785252878780483319,1465,0.033322
1785252878802878565,465,0.035098
1785252878848727069,1936,0.032111
1785252878861409869,1936,0.032111
1785252878900925498,386,0.037106
1785252878927600851,386,0.037106
1785252878985182876,1560,0.034539
1785252879001441163,365,0.035134
1785252879051379080,1927,0.032713
1785252879061096044,1927,0.032713
1785252879100876452,346,0.035023
1785252879148571202,1785,0.033998
1785252879161414012,1785,0.033998
1785252879205673698,353,0.036319
1785252879227921909,353,0.036319
1785252879287181195,1852,0.033143
1785252879301053726,329,0.035151
1785252879349545439,1721,0.033827
1785252879382725220,1822,0.031644
1785252879405782012,371,0.033558
1785252879448154152,1648,0.032550
1785252879461220956,1648,0.032550
1785252879500663662,389,0.034028
1785252879527841263,389,0.034028
1785252879583824974,1870,0.029936
1785252879602144234,396,0.035012
1785252879647540423,1626,0.030438
1785252879681538714,1823,0.028893
1785252879702720000,445,0.036765
1785252879747382428,1556,0.033700
1785252879761159428,1556,0.033700
1785252879803264198,444,0.034866
1785252879827709834,444,0.034866
1785252879889384827,1822,0.028060
1785252879903550802,505,0.034743
1785252879946622564,1304,0.034561
1785252879980275746,1789,0.028642
1785252880003347286,529,0.034076
1785252880046314671,1280,0.033927
1785252880061343957,1280,0.033927
1785252880102440933,558,0.035121
1785252880127910526,558,0.035121
1785252880180816721,1832,0.027937
1785252880204802666,673,0.037135
1785252880227547363,673,0.037135
1785252880279864184,1771,0.027142
1785252880311061521,763,0.037125
1785252880343011166,1098,0.035456
1785252880361225472,1098,0.035456
1785252880406507187,772,0.036182
1785252880427805440,772,0.036182
1785252880477602372,1724,0.026167
1785252880507534261,932,0.036148
1785252880541405770,913,0.034666
1785252880578313951,1720,0.025299
1785252880605154284,1015,0.036760
1785252880640122852,808,0.035054
1785252880661480040,808,0.035054
1785252880710219683,1131,0.035297
1785252880728030186,1131,0.035297
1785252880782562810,1823,0.027150
1785252880812101839,1177,0.035220
1785252880838986407,639,0.035251
1785252880861468836,639,0.035251
1785252880911220550,1263,0.036370
1785252880937912254,589,0.035619
1785252880961298754,589,0.035619
1785252881013512590,1295,0.033117
1785252881027898744,1295,0.033117
1785252881080297926,1786,0.029880
1785252881113520113,1410,0.036368
1785252881135725594,413,0.038115
1785252881179912738,1758,0.027941
1785252881218942497,1574,0.034092
1785252881236692549,454,0.036012
1785252881261338532,454,0.036012
1785252881314503650,1572,0.032635
1785252881327487857,1572,0.032635
1785252881381674857,1792,0.030155
1785252881415685159,1671,0.031143
1785252881435096056,387,0.035597
1785252881480511095,1789,0.028533
1785252881513860511,1710,0.030641
1785252881534893445,385,0.034000
1785252881561300074,385,0.034000
1785252881615097740,1691,0.029341
1785252881627686706,1691,0.029341
1785252881685794423,1797,0.030467
1785252881714119937,1716,0.030841
1785252881735177228,404,0.036669
1785252881781102388,1745,0.029638
1785252881808706690,1719,0.030204
1785252881835226491,349,0.033135
1785252881861297663,349,0.033135
1785252881911093064,1822,0.029454
1785252881927631062,1822,0.029454
1785252881981549178,1640,0.031105
1785252882014853944,1770,0.029353
1785252882027642441,1770,0.029353
1785252882079856027,1550,0.031274
1785252882118779194,1881,0.029052
1785252882135790476,388,0.032543
1785252882161221956,388,0.032543
1785252882215186390,1860,0.029627
1785252882227711929,1860,0.029627
1785252882279293084,1335,0.029712
1785252882316346609,1898,0.027001
1785252882337121371,537,0.036236
1785252882378994666,1337,0.032523
1785252882412838564,1775,0.026554
1785252882435772122,585,0.035321
1785252882461139602,585,0.035321
1785252882513948528,1799,0.028032
1785252882528051880,1799,0.028032
1785252882579892107,1106,0.036297
1785252882612044170,1787,0.024904
1785252882640058905,784,0.035411
1785252882675944685,1070,0.035737
1785252882711653214,1739,0.025377
1785252882740784862,850,0.035826
1785252882761491704,850,0.035826
1785252882812573036,1708,0.024316
1785252882827727280,1708,0.024316
1785252882874038097,853,0.036077
1785252882912066775,1790,0.025473
1785252882941960638,978,0.034756
1785252882961050314,978,0.034756
1785252883015970545,1772,0.025812
1785252883043142932,1084,0.038306
1785252883061242748,1084,0.038306
1785252883113580258,1746,0.024890
1785252883128170724,1746,0.024890
1785252883172072279,709,0.037561
1785252883208325128,1759,0.028595
1785252883227374021,1759,0.028595
1785252883271238202,625,0.034799
1785252883314061097,1716,0.025424
1785252883346316023,1320,0.035992
1785252883361294090,1320,0.035992
1785252883413671931,1801,0.026272
1785252883427885665,1801,0.026272
1785252883469973081,479,0.036513
1785252883519313053,1782,0.027830
1785252883547039171,1474,0.032013
1785252883568989021,381,0.037269
1785252883616789615,1836,0.029673
1785252883647864602,1483,0.032540
1785252883661335904,1483,0.032540
1785252883715698078,1824,0.027943
1785252883727827267,1824,0.027943
1785252883767940369,377,0.035032
1785252883817626467,1845,0.029342
1785252883827859404,1845,0.029342
1785252883867542673,267,0.035774
1785252883915734828,1824,0.027986
1785252883954404262,1760,0.029580
1785252883961028323,1760,0.029580
1785252884015228281,1734,0.030120
1785252884027857519,1734,0.030120
1785252884067511970,339,0.034187
1785252884114438103,1620,0.030610
1785252884150013352,1806,0.030515
1785252884167878920,388,0.033597
1785252884211654016,1534,0.030851
1785252884249767651,1881,0.028391
1785252884261333894,1881,0.028391
1785252884313637665,1499,0.029717
1785252884327944307,1499,0.029717
1785252884368801491,385,0.037280
1785252884411353891,1431,0.033611
1785252884449076266,1815,0.028134
1785252884467363749,445,0.037053
1785252884515978933,1425,0.032173
1785252884547680542,1781,0.026827
1785252884561053225,1781,0.026827
1785252884614479665,1361,0.034147
1785252884627567999,1361,0.034147
1785252884668312796,531,0.037226
1785252884712643706,1185,0.035613
1785252884746722792,1801,0.027795
1785252884769234435,636,0.036194
1785252884810545466,1180,0.034454
1785252884848179926,1788,0.024943
1785252884861456127,1788,0.024943
1785252884911394417,1123,0.036049
1785252884928171984,1123,0.036049
1785252884972823748,671,0.035447
1785252885009668339,965,0.037132
1785252885027413382,965,0.037132
1785252885074019994,831,0.036216
1785252885108770659,939,0.034039
1785252885147491742,1717,0.025657
1785252885161224929,1717,0.025657
1785252885208475189,930,0.035186
1785252885227673104,930,0.035186
1785252885276577519,1024,0.034739
1785252885311183394,732,0.033652
1785252885346845083,1808,0.025557
1785252885360900158,1808,0.025557
1785252885405432587,692,0.034101
1785252885446748051,1764,0.026496
1785252885461211841,1764,0.026496
1785252885506053619,650,0.035843
1785252885527830968,650,0.035843
1785252885579201714,1214,0.036136
1785252885603293188,532,0.035709
1785252885627382867,532,0.035709
1785252885678898164,1344,0.032384
1785252885702863175,505,0.034329
1785252885748765308,1905,0.029054
1785252885761099671,1905,0.029054
1785252885806895233,374,0.033804
1785252885827673845,374,0.033804
1785252885880017803,1456,0.032885
1785252885899783864,321,0.035278
1785252885950231061,1842,0.027514
1785252885981822149,1606,0.030814
1785252885999789460,336,0.034097
1785252886048755813,1677,0.029853
1785252886061366464,1677,0.029853
1785252886101967545,354,0.033549
1785252886127826584,354,0.033549
1785252886184239092,1766,0.028630
1785252886199878204,358,0.035820
1785252886227295912,358,0.035820
1785252886287113533,1696,0.029927
1785252886301090804,359,0.032501
1785252886347568275,1651,0.029160
1785252886361349514,1651,0.029160
1785252886400536119,353,0.032354
1785252886428002212,353,0.032354
1785252886482068529,1749,0.027961
1785252886500001692,362,0.034401
1785252886548702078,1654,0.031306
1785252886580890635,1749,0.028089
1785252886602444175,429,0.034762
1785252886647197156,1570,0.029790
1785252886661286136,1570,0.029790
1785252886705898145,377,0.034254
1785252886727845303,377,0.034254
1785252886782251871,1841,0.027058
1785252886800382573,427,0.031869
1785252886827603732,427,0.031869
1785252886880835439,1854,0.027719
1785252886902405961,438,0.037230
1785252886945705371,1258,0.032189
1785252886960987113,1258,0.032189
1785252887004083011,516,0.034370
1785252887027826781,516,0.034370
1785252887079666113,1810,0.025975
1785252887104202247,590,0.036785
1785252887145333256,1138,0.035520
1785252887183439369,1713,0.026243
1785252887206116487,722,0.035223
1785252887245696801,1081,0.033955
1785252887261248706,1081,0.033955
1785252887307365567,789,0.034932
1785252887327745180,789,0.034932
1785252887378905769,1685,0.025285
1785252887405014906,852,0.036869
1785252887427192073,852,0.036869
1785252887478974893,1703,0.026035
1785252887508795978,989,0.036552
1785252887540418767,800,0.035350
1785252887561004496,800,0.035350
1785252887612007384,994,0.032935
1785252887627830682,994,0.032935
1785252887683988547,1752,0.025376
1785252887710720842,1131,0.034531
1785252887738980582,615,0.035230
1785252887780325200,1754,0.024942
1785252887810827079,1174,0.035917
1785252887838776097,606,0.035126
1785252887860963655,606,0.035126
1785252887913253516,1238,0.034984
1785252887927803781,1238,0.034984
1785252887980701813,1719,0.026957
1785252888014254824,1329,0.032235
1785252888036527467,454,0.032844
1785252888084819472,1690,0.027683
1785252888114227768,1451,0.033223
1785252888136680823,458,0.033607
1785252888161504102,458,0.033607
1785252888211216075,1457,0.030829
1785252888227778814,1457,0.030829
1785252888282157317,1752,0.027455
1785252888315723171,1643,0.032189
1785252888335386540,378,0.033921
1785252888381555014,1765,0.027007
1785252888409412805,1633,0.028809
1785252888435192417,346,0.034743
1785252888461403343,346,0.034743
1785252888520488403,1628,0.027389
1785252888527826159,1628,0.027389
1785252888583984808,1754,0.027974
1785252888614839533,1625,0.029596
1785252888627544652,1625,0.029596
1785252888680957844,1744,0.028133
1785252888715909933,1667,0.028375
1785252888734689197,272,0.034475
1785252888761202742,272,0.034475
1785252888810382648,1790,0.027923
1785252888828008750,1790,0.027923
1785252888888676536,1576,0.029339
1785252888919904086,1823,0.027678
1785252888935581033,345,0.029985
1785252888987647450,1441,0.030813
1785252889010761738,1879,0.028272
1785252889035838487,383,0.033813
1785252889061167800,383,0.033813
1785252889116482882,1825,0.028443
1785252889127701434,1825,0.028443
1785252889180894468,1361,0.030228
1785252889214754370,1813,0.024529
1785252889227640231,1813,0.024529
1785252889278490800,1300,0.032617
1785252889316108714,1764,0.025454
1785252889338203099,530,0.033351
1785252889361124098,530,0.033351
1785252889415410521,1777,0.027645
1785252889427957531,1777,0.027645
1785252889486662891,1123,0.034409
1785252889515999109,1762,0.024389
1785252889542738543,744,0.034072
1785252889578520734,1043,0.034526
1785252889614000780,1751,0.025303
1785252889641664638,775,0.033353
1785252889661304335,775,0.033353
1785252889714806902,1719,0.024996
1785252889727943110,1719,0.024996
1785252889776325288,887,0.034826
1785252889814144255,1735,0.022555
1785252889843452615,869,0.034550
1785252889861241427,869,0.034550
1785252889924791714,1671,0.024519
1785252889946495986,990,0.034467
1785252889961078086,990,0.034467
1785252890015600696,1717,0.022745
1785252890027931153,1717,0.022745
1785252890077914756,727,0.033567
1785252890116402135,1706,0.024712
1785252890147457310,1120,0.032877
1785252890173213860,622,0.033875
1785252890214901448,1729,0.025416
1785252890249828288,1213,0.035392
1785252890261298835,1213,0.035392
1785252890315721104,1793,0.026045
1785252890327977430,1793,0.026045
1785252890374770168,457,0.034581
1785252890417276566,1762,0.027209
1785252890427419994,1762,0.027209
1785252890468910671,385,0.033812
1785252890518994134,1814,0.026382
1785252890550366821,1377,0.031149
1785252890561342957,1377,0.031149
1785252890617130152,1858,0.026196
1785252890627560037,1858,0.026196
1785252890668523720,287,0.030927
1785252890718796335,1866,0.028460
1785252890749889034,1582,0.029693
1785252890767394206,284,0.035696
1785252890822484367,1759,0.026407
1785252890854195562,1722,0.028242
1785252890860876761,1722,0.028242
1785252890918216941,1616,0.027445
1785252890927777419,1616,0.027445
1785252890968432425,350,0.032855
1785252891019565225,1602,0.028791
1785252891027730677,1602,0.028791
1785252891068390662,351,0.033563
1785252891114894998,1518,0.029714
1785252891145502708,1797,0.027906
1785252891161378263,1797,0.027906
1785252891209764289,1525,0.029622
1785252891227928037,1525,0.029622
1785252891270513703,404,0.033756
1785252891318971400,1443,0.032147
1785252891327460356,1443,0.032147
1785252891369446993,454,0.034774
1785252891413281707,1366,0.029857
1785252891448179038,1742,0.025987
1785252891461541573,1742,0.025987
1785252891510285708,1317,0.031563
1785252891527420350,1317,0.031563
1785252891571181825,464,0.034421
1785252891619894314,1150,0.031283
1785252891627349334,1150,0.031283
1785252891675497965,534,0.035203
1785252891720845253,1157,0.034881
1785252891749732398,1765,0.024265
1785252891761224607,1765,0.024265
1785252891817660020,1069,0.036472
1785252891827783496,1069,0.036472
1785252891874525821,667,0.032947
1785252891910744161,962,0.034433
1785252891946946665,1713,0.025325
1785252891975393843,786,0.033928
1785252892011614414,981,0.033069
1785252892046719555,1696,0.024418
1785252892061342506,1696,0.024418
1785252892111365455,918,0.034018
1785252892127767915,918,0.034018
1785252892176026781,972,0.034073
1785252892206412412,762,0.033331
1785252892250181731,1740,0.023255
1785252892277304481,1063,0.032492
1785252892306273255,733,0.033670
1785252892345577108,1667,0.023353
1785252892361124884,1667,0.023353
1785252892405825567,631,0.034234
1785252892427858981,631,0.034234
1785252892477818830,1162,0.032410
1785252892503096038,546,0.033835
1785252892547989558,1779,0.025338
1785252892561087841,1779,0.025338
1785252892603148342,443,0.033263
1785252892650786409,1876,0.026980
1785252892661120341,1876,0.026980
1785252892709386044,406,0.034158
1785252892727740480,406,0.034158
1785252892790804852,1444,0.032138
1785252892801876570,374,0.032946
1785252892827327355,374,0.032946
1785252892889337213,1538,0.030506
1785252892907498140,368,0.035258
1785252892950757876,1664,0.028355
1785252892961140504,1664,0.028355
1785252893002194357,376,0.033437
1785252893027584892,376,0.033437
1785252893082715473,1655,0.029670
1785252893100725152,337,0.036503
1785252893147192982,1703,0.029816
1785252893185380249,1676,0.028780
1785252893201028319,333,0.033231
1785252893248769597,1683,0.029042
1785252893261346054,1683,0.029042
1785252893302303550,362,0.032429
1785252893327722005,362,0.032429
1785252893382162981,1667,0.028248
1785252893402652603,389,0.036402
1785252893427500507,389,0.036402
1785252893482277124,1685,0.027110
1785252893501763473,371,0.033146
1785252893549556949,1563,0.029417
1785252893561090129,1563,0.029417
1785252893601303645,338,0.033099
1785252893627837091,338,0.033099
1785252893687486584,1851,0.026000
1785252893701647619,333,0.033909
1785252893745703349,1382,0.032579
1785252893780799589,1807,0.027625
1785252893800536515,425,0.033694
1785252893846509075,1245,0.030088
1785252893861163160,1245,0.030088
1785252893904435933,515,0.034446
1785252893927469929,515,0.034446
1785252893982387942,1725,0.026199
1785252894006117734,615,0.031930
1785252894027139114,615,0.031930
1785252894081361888,1692,0.026932
1785252894111274844,679,0.034585
1785252894143934401,1084,0.031889
1785252894161421547,1084,0.031889
1785252894208919434,758,0.032211
1785252894227714346,758,0.032211
1785252894278928143,1684,0.023775
1785252894310846724,866,0.034790
1785252894342518448,896,0.034020
1785252894379522179,1650,0.023881
1785252894408972518,921,0.033397
1785252894441827174,842,0.034131
1785252894461290299,842,0.034131
1785252894510425091,955,0.031445
1785252894527539063,955,0.031445
1785252894585386285,1724,0.025048
1785252894611575847,1043,0.033559
1785252894627550626,1043,0.033559
1785252894680357139,1700,0.026505
1785252894710845882,1150,0.033028
1785252894737462322,554,0.033505
1785252894761226503,554,0.033505
1785252894811424071,1159,0.032946
1785252894827914963,1159,0.032946
1785252894882279639,1672,0.026197
1785252894913383362,1278,0.030772
1785252894937717532,496,0.030722
1785252894981080524,1635,0.025190
1785252895019903871,1368,0.030887
1785252895035221241,483,0.035723
1785252895061157801,483,0.035723
1785252895112965407,1368,0.033750
1785252895127790386,1368,0.033750
1785252895187871666,1743,0.035602
1785252895214952564,1514,0.033783
1785252895227414460,1514,0.033783
1785252895291008985,1942,0.040423
1785252895322606371,1669,0.034456
1785252895334406135,259,0.067434
1785252895360940310,259,0.067434
1785252895417032914,1747,0.032097
1785252895427715522,1747,0.032097
1785252895486758554,2032,0.038124
1785252895521440999,1879,0.029268
1785252895533610251,229,0.043615
1785252895589613498,1939,0.036251
1785252895621186367,1937,0.037176
1785252895632781341,180,0.044741
1785252895660935941,180,0.044741
1785252895721027801,2242,0.031635
1785252895727516402,2242,0.031635
1785252895783460962,1613,0.031846
1785252895823350722,2094,0.029528
1785252895827372649,2094,0.029528
1785252895885886382,1485,0.033593
1785252895923000733,2126,0.030926
1785252895939547449,337,0.035394
1785252895961152815,337,0.035394
1785252896032261975,2193,0.028398
1785252896032319805,2193,0.028398
1785252896087794369,1358,0.036234
1785252896120396199,2160,0.029647
1785252896127531318,2160,0.029647
1785252896178345527,1240,0.036561
1785252896220435199,2229,0.032224
1785252896235234626,498,0.036480
1785252896261197485,498,0.036480
1785252896322524420,2298,0.033474
1785252896327916565,2298,0.033474
1785252896381897811,1020,0.039980
1785252896419835887,2254,0.032753
1785252896427166881,2254,0.032753
1785252896481319517,923,0.038325
1785252896520516660,2237,0.034944
1785252896540455455,637,0.037707
1785252896560966502,637,0.037707
1785252896620844726,2258,0.037413
1785252896627570110,2258,0.037413
1785252896673962383,756,0.038686
1785252896721079157,2284,0.037976
1785252896727214312,2284,0.037976
1785252896773178948,691,0.041028
1785252896820483937,2310,0.040958
1785252896842604555,823,0.044205
1785252896861091792,823,0.044205
1785252896921772304,2261,0.040420
1785252896927677898,2261,0.040420
1785252896976981256,584,0.041887
1785252897021931690,2274,0.038407
1785252897027105640,2274,0.038407
1785252897070183285,493,0.049885
1785252897124791666,2349,0.039281
1785252897146550195,1106,0.045451
1785252897161151952,1106,0.045451
1785252897221130328,2251,0.035751
1785252897227576105,2251,0.035751
1785252897269264120,329,0.042241
1785252897324444153,2218,0.039245
1785252897348694524,1329,0.041751
1785252897366997083,277,0.041156
1785252897427611078,2205,0.042102
1785252897447199401,1343,0.043393
1785252897461200530,1343,0.043393
1785252897522802620,2171,0.039859
1785252897527739058,2171,0.039859
1785252897566218264,205,0.036155
1785252897621112495,2072,0.038947
1785252897649726160,1606,0.043380
1785252897661117409,1606,0.043380
1785252897721204219,1972,0.040610
1785252897752796206,1776,0.044537
1785252897761235839,1776,0.044537
1785252897819424082,1840,0.037587
1785252897827581763,1840,0.037587
1785252897866157926,218,0.039816
1785252897927326929,1636,0.038865
1785252897953691303,1925,0.039175
1785252897966346582,221,0.036659
1785252898016909497,1708,0.041944
1785252898052113569,1987,0.037289
1785252898060963087,1987,0.037289
1785252898116980751,1618,0.038504
1785252898127814290,1618,0.038504
1785252898166833149,284,0.036858
1785252898214425736,1423,0.040099
1785252898227060286,1423,0.040099
1785252898266812368,289,0.037401
1785252898322718916,1330,0.040372
1785252898361089498,2223,0.034621
1785252898361968749,2223,0.034621
1785252898412511775,1211,0.043400
1785252898427861590,1211,0.043400
1785252898466816919,284,0.039323
1785252898512021701,994,0.043257
1785252898569035777,2371,0.035342
1785252898574494764,293,0.042233
1785252898615562578,1012,0.040213
1785252898672443024,2352,0.036291
1785252898672531930,2352,0.036291
1785252898711554794,950,0.043847
1785252898727528335,950,0.043847
1785252898769821107,468,0.041469
1785252898818510796,809,0.041988
1785252898864031635,2310,0.035659
1785252898873955085,549,0.038600
1785252898908565007,822,0.039830
1785252898964749280,2401,0.034304
1785252898964783178,2401,0.034304
1785252899007272219,692,0.037015
1785252899027813497,692,0.037015
1785252899074819891,733,0.040663
1785252899106088664,568,0.038991
1785252899127345997,568,0.038991
1785252899180647535,846,0.039564
1785252899203729586,477,0.039246
1785252899271214828,2300,0.034337
1785252899272080112,2300,0.034337
1785252899302961419,379,0.040188
1785252899327749968,379,0.040188
1785252899378456431,977,0.041221
1785252899400984218,333,0.038175
1785252899427327193,333,0.038175
1785252899482167210,1033,0.040533
1785252899500726883,283,0.038340
1785252899564604085,2377,0.035868
1785252899564684421,2377,0.035868
1785252899602906533,296,0.036490
1785252899627691457,296,0.036490
1785252899679811865,1206,0.039942
1785252899699599937,243,0.035475
1785252899766403323,2043,0.036798
1785252899787529647,1374,0.037167
1785252899800238038,279,0.043266
1785252899861637651,1969,0.035436
1785252899861663854,1969,0.035436
1785252899901002140,268,0.038720
1785252899927869753,268,0.038720
1785252899989984357,1607,0.038324
1785252900000300849,257,0.039744
1785252900057294053,1813,0.034777
1785252900089659972,1644,0.035883
1785252900100847472,271,0.036384
1785252900158585203,1722,0.036973
1785252900161035106,1722,0.036973
1785252900201944800,313,0.035706
1785252900227932358,313,0.035706
1785252900291194213,1693,0.035212
1785252900301274314,306,0.035075
1785252900355713763,1535,0.036295
1785252900383886672,1794,0.032394
1785252900400039137,304,0.037246
1785252900449937240,1497,0.035843
1785252900461042346,1497,0.035843
1785252900502755948,292,0.035763
1785252900527742575,292,0.035763
1785252900593388583,1925,0.032968
1785252900607823309,349,0.033325
1785252900627457904,349,0.033325
1785252900698628083,1918,0.035986
1785252900706439965,449,0.038147
1785252900752474982,1294,0.036680
1785252900761115078,1294,0.036680
1785252900805419731,585,0.037599
1785252900827824823,585,0.037599
1785252900891524179,1859,0.036105
1785252900908358509,628,0.038686
1785252900945667659,1096,0.042183
1785252900981989430,1814,0.032110
1785252901006500719,715,0.042219
1785252901051300276,1063,0.041820
1785252901061489483,1063,0.041820
1785252901107396552,732,0.045151
1785252901127552472,732,0.045151
1785252901187158361,1829,0.034358
1785252901207519571,817,0.046148
1785252901227533128,817,0.046148
1785252901285570843,1717,0.035552
1785252901309806325,893,0.051113
1785252901340561408,771,0.045687
1785252901361089735,771,0.045687
1785252901413056333,900,0.047368
1785252901427892610,900,0.047368
1785252901488724657,1811,0.040002
1785252901510530438,1039,0.046658
1785252901544341936,599,0.045603
1785252901584372076,1876,0.040206
1785252901614803638,1098,0.045965
1785252901639273830,626,0.042880
1785252901661487245,626,0.042880
1785252901713009967,1182,0.046482
1785252901727824184,1182,0.046482
1785252901786793695,2162,0.041148
1785252901813455323,1327,0.047679
1785252901827331191,1327,0.047679
1785252901889901435,2461,0.044245
1785252901914150382,1365,0.046881
1785252901936554529,458,0.049103
1785252901961536796,458,0.049103
1785252902028102286,1482,0.042132
1785252902029109727,1482,0.042132
1785252902102061438,2750,0.043327
1785252902126511180,1735,0.043404
1785252902127406487,1735,0.043404
1785252902201816859,2608,0.043235
1785252902226563840,1817,0.046476
1785252902234020865,238,0.046925
1785252902261171050,238,0.046925
1785252902326576847,1974,0.044790
1785252902327647567,1974,0.044790
1785252902397262804,2391,0.042769
1785252902424947468,2250,0.043544
1785252902427257169,2250,0.043544
1785252902496849154,2291,0.044742
1785252902532668386,2295,0.041582
1785252902537633032,180,0.053489
1785252902561053085,180,0.053489
1785252902636073072,2493,0.041396
1785252902636102247,2493,0.041396
1785252902693873614,1926,0.044699
1785252902731619516,2539,0.038405
1785252902731653142,2539,0.038405
1785252902784867435,1757,0.044942
1785252902825427528,2510,0.040043
1785252902834152357,241,0.040461
1785252902861869415,241,0.040461
1785252902923794446,2565,0.038582
1785252902927935128,2565,0.038582
1785252902989834227,1522,0.043991
1785252903039507116,2660,0.037377
1785252903046231466,299,0.046917
1785252903080871019,1283,0.042791
1785252903132133420,2588,0.040030
1785252903138302144,323,0.040236
1785252903161103826,323,0.040236
1785252903228024670,2704,0.037728
1785252903228074915,2704,0.037728
1785252903276811625,983,0.049899
1785252903326173398,2859,0.037529
1785252903327191092,2859,0.037529
1785252903375908742,902,0.046972
1785252903426274835,2950,0.038817
1785252903444132267,461,0.051719
1785252903460989072,461,0.051719
1785252903535145819,2906,0.040437
1785252903535174530,2906,0.040437
1785252903573009219,696,0.043784
1785252903637987307,3029,0.040307
1785252903638094249,3029,0.040307
1785252903672478424,602,0.053727
1785252903736219172,2828,0.040966
1785252903747799826,715,0.043945
1785252903760954346,715,0.043945
1785252903828175826,2935,0.042349
1785252903828215633,2935,0.042349
1785252903869815396,411,0.042365
1785252903927909806,2794,0.042008
1785252903951129997,883,0.046414
1785252903961017341,883,0.046414
1785252904037092289,2792,0.044268
1785252904051924827,927,0.044901
1785252904061351483,927,0.044901
1785252904128043847,2498,0.043153
1785252904128128525,2498,0.043153
1785252904169326264,253,0.045649
1785252904226425781,2282,0.040230
1785252904227261877,2282,0.040230
1785252904266152896,200,0.046400
1785252904328665843,2215,0.043253
1785252904346803209,1243,0.045991
1785252904361112470,1243,0.045991
1785252904429102010,1956,0.041091
1785252904429139102,1956,0.041091
1785252904473738765,215,0.048928
1785252904532135142,1890,0.045067
1785252904554679025,1581,0.043285
1785252904565707761,215,0.046195
1785252904618426172,1776,0.043705
1785252904651130610,1560,0.045517
1785252904660936307,1560,0.045517
1785252904717337198,1813,0.042843
1785252904727485773,1813,0.042843
1785252904766222645,199,0.047607
1785252904824631932,1666,0.042129
1785252904827472442,1666,0.042129
1785252904866496598,230,0.063583
1785252904924699640,1674,0.044938
1785252904952406986,1834,0.042179
1785252904961067529,1834,0.042179
1785252905018329084,1619,0.048149
1785252905027730066,1619,0.048149
1785252905068169980,315,0.063504
1785252905114956962,1454,0.046354
1785252905158473231,1938,0.039943
1785252905167706716,336,0.058320
1785252905213470521,1354,0.045911
1785252905257516875,2005,0.038494
1785252905260906958,2005,0.038494
1785252905312685890,1323,0.046366
1785252905327345382,1323,0.046366
1785252905375408727,361,0.052638
1785252905410401143,1169,0.046716
1785252905427219811,1169,0.046716
1785252905469641496,412,0.049967
1785252905511356982,1066,0.049176
1785252905561129849,2141,0.040251
1785252905561170089,2141,0.040251
1785252905614817928,1029,0.050466
1785252905627750328,1029,0.050466
1785252905671060639,587,0.054728
1785252905711123515,949,0.050090
1785252905767601897,2161,0.035670
1785252905780355989,674,0.047951
1785252905816135870,808,0.050730
1785252905853414641,2086,0.036856
1785252905861077963,2086,0.036856
1785252905907607873,788,0.045329
1785252905927659732,788,0.045329
1785252905975062710,880,0.049719
1785252906005418461,692,0.048333
1785252906027313549,692,0.048333
1785252906079551754,951,0.045263
1785252906104206649,573,0.046576
1785252906160203415,2174,0.038603
1785252906160637804,2174,0.038603
1785252906203823516,506,0.043943
1785252906227394983,506,0.043943
1785252906277010531,1039,0.044503
1785252906310656384,408,0.040677
1785252906360878645,2154,0.039570
1785252906379471891,1182,0.039346
1785252906402001273,394,0.044852
1785252906460469635,2038,0.039952
1785252906461103303,2038,0.039952
1785252906500960874,384,0.046285
1785252906527754488,384,0.046285
1785252906582145672,1304,0.045877
1785252906600851998,301,0.039066
1785252906627102184,301,0.039066
1785252906686523616,1455,0.044601
1785252906700640484,286,0.043054
1785252906761786795,1998,0.039017
1785252906762341924,1998,0.039017
1785252906801023189,255,0.043180
1785252906827712759,255,0.043180
1785252906884738172,1650,0.040742
1785252906899444001,196,0.041662
1785252906927265969,196,0.041662
1785252906993903673,1785,0.042469
1785252906997777375,177,0.039938
1785252907054693054,1976,0.041630
1785252907060919847,1976,0.041630
1785252907099288789,161,0.044368
1785252907127720382,161,0.044368
1785252907193756290,1932,0.038676
1785252907198334058,175,0.039526
1785252907227397765,175,0.039526
1785252907311319309,2140,0.040994
1785252907316427275,135,0.042759
1785252907350282466,1633,0.044620
1785252907361191576,1633,0.044620
1785252907399041240,142,0.042383
1785252907427681992,142,0.042383
1785252907500588060,2351,0.042018
1785252907504486027,155,0.028539
1785252907550806785,1442,0.040649
1785252907593249121,2429,0.038644
1785252907599736276,223,0.040404
1785252907649715667,1359,0.041914
1785252907661387501,1359,0.041914
1785252907709898534,241,0.043932
1785252907727587202,241,0.043932
1785252907808895939,2495,0.042233
1785252907816381233,352,0.042676
1785252907827448260,352,0.042676
1785252907892704742,2546,0.038025
1785252907903483018,435,0.047445
1785252907944687795,1007,0.043806
1785252907961413236,1007,0.043806
1785252908004591080,482,0.042993
1785252908027698030,482,0.042993
1785252908101213421,2703,0.037155
1785252908111151214,545,0.041528
1785252908127744685,545,0.041528
1785252908203100523,2771,0.035850
1785252908223590059,625,0.041206
1785252908240630172,593,0.041122
1785252908261472018,593,0.041122
1785252908307255825,607,0.037831
1785252908327852923,607,0.037831
1785252908390932068,2662,0.034993
1785252908409422461,804,0.042185
1785252908427342567,804,0.042185
1785252908498402675,2620,0.034155
1785252908513271024,946,0.040131
1785252908536799334,451,0.043493
1785252908560712209,451,0.043493
1785252908611221771,1009,0.037852
1785252908627472986,1009,0.037852
1785252908698715568,2512,0.032298
1785252908723385677,1157,0.036992
1785252908733388470,327,0.034594
1785252908791155189,2576,0.035569
1785252908813093389,1200,0.039724
1785252908834001626,246,0.034592
1785252908861095529,246,0.034592
1785252908921162540,1347,0.040721
1785252908927816684,1347,0.040721
1785252908992778586,2579,0.034609
1785252909016548556,1533,0.037455
1785252909027158212,1533,0.037455
1785252909092340989,2431,0.033745
1785252909118045959,1651,0.036191
1785252909139874785,95,0.035371
1785252909161007511,95,0.035371
1785252909220300701,1769,0.034674
1785252909227493495,1769,0.034674
1785252909291156054,2223,0.037526
1785252909321453061,1945,0.034163
1785252909327008457,1945,0.034163
1785252909398661300,2125,0.037615
1785252909428869884,2096,0.034707
1785252909431248439,63,0.041076
1785252909461030499,63,0.041076
1785252909531332126,2181,0.032598
1785252909531371112,2181,0.032598
1785252909591035597,1675,0.039474
1785252909622772902,2411,0.035902
1785252909627204577,2411,0.035902
1785252909698709462,1413,0.038683
1785252909730137395,2482,0.036155
1785252909733412734,154,0.032276
1785252909761131832,154,0.032276
1785252909823651932,2459,0.035344
1785252909827714413,2459,0.035344
1785252909880507880,1181,0.038323
1785252909926150244,2432,0.035583
1785252909933860077,242,0.034293
1785252909980146055,1013,0.040071
1785252910025700566,2426,0.036594
1785252910034635791,257,0.035059
1785252910061140445,257,0.035059
1785252910132774244,2421,0.033631
1785252910133867066,2421,0.033631
1785252910176158542,822,0.040102
1785252910219625117,2297,0.034880
1785252910227238571,2297,0.034880
1785252910274219110,772,0.039212
1785252910320433890,2146,0.033637
1785252910336410168,364,0.037935
1785252910361419707,364,0.037935
1785252910420686796,2124,0.034754
1785252910427562679,2124,0.034754
1785252910473822409,672,0.043422
1785252910525873541,2207,0.035233
1785252910527276989,2207,0.035233
1785252910571822710,558,0.040597
1785252910627891516,2142,0.032178
1785252910640473204,642,0.038543
1785252910661040020,642,0.038543
1785252910719479329,2182,0.030995
1785252910727670493,2182,0.030995
1785252910770545816,418,0.042531
1785252910823396449,2104,0.032873
1785252910827168702,2104,0.032873
1785252910869174856,380,0.040190
1785252910923018803,2052,0.035667
1785252910943610172,1055,0.039439
1785252910960847702,1055,0.039439
1785252911018791739,1987,0.033265
1785252911027670721,1987,0.033265
1785252911066253336,274,0.039958
1785252911127344108,2008,0.032173
1785252911128191918,2008,0.032173
1785252911166215618,218,0.037187
1785252911217782739,1985,0.034003
1785252911241944305,1326,0.034602
1785252911261143204,1326,0.034602
1785252911323365714,1916,0.031434
1785252911327602857,1916,0.031434
1785252911366293900,281,0.040020
1785252911423359912,1847,0.033254
1785252911449742480,1556,0.033519
1785252911466182130,249,0.032660
1785252911522156457,1817,0.033283
1785252911562004414,1479,0.033526
1785252911562798957,1479,0.033526
1785252911619192871,1789,0.032388
1785252911627565885,1789,0.032388
1785252911667316532,256,0.037388
1785252911716292385,1690,0.031191
1785252911750572474,1787,0.031895
1785252911765864373,263,0.039831
1785252911815628874,1597,0.033078
1785252911851530032,1777,0.030620
1785252911861154163,1777,0.030620
1785252911915380245,1549,0.032741
1785252911927783460,1549,0.032741
1785252911967661703,252,0.037866
1785252912036381898,1406,0.034272
1785252912037332737,1406,0.034272
1785252912066991218,221,0.038083
1785252912113355116,1297,0.035139
1785252912152717128,1971,0.032009
1785252912161067634,1971,0.032009
1785252912214268343,1188,0.039591
1785252912227693457,1188,0.039591
1785252912266271009,196,0.037841
1785252912314263902,1025,0.035506
1785252912359459172,2059,0.032317
1785252912365623278,247,0.036046
1785252912409712744,892,0.037833
1785252912461980481,2071,0.031311
1785252912463010923,2071,0.031311
1785252912509624246,891,0.039727
1785252912527510467,891,0.039727
1785252912568558951,348,0.038786
1785252912600679277,322,0.039659
