record_time_ns,prediction_us,deskew_us,preprocessing_us,residual_build_us,ikfom_update_us,map_insert_crop_us,snapshot_us,total_processing_us
1785252866496077470,0,0,0,0,0,0,0,0
1785252866529265016,0,0,0,0,0,0,0,0
1785252866561509693,0,0,0,0,0,0,0,0
1785252866595735238,0,0,0,0,0,0,0,0
1785252866627950592,0,0,0,0,0,0,0,0
1785252866661951149,0,0,0,0,0,0,0,0
1785252866695185450,0,0,0,0,0,0,0,0
1785252866728846306,0,0,0,0,0,0,0,0
1785252866761825050,0,0,0,0,0,0,0,0
1785252866795011783,0,0,0,0,0,0,0,0
1785252866829041533,0,0,0,0,0,0,0,0
1785252866861256911,0,0,0,0,0,0,0,0
1785252866895548186,0,0,0,0,0,0,0,0
1785252866927617755,0,0,0,0,0,0,0,0
1785252866961990647,0,0,0,0,0,0,0,0
1785252866995466821,0,0,0,0,0,0,0,0
1785252867028799786,0,0,0,0,0,0,0,0
1785252867061798389,0,0,0,0,0,0,0,0
1785252867095008952,0,0,0,0,0,0,0,0
1785252867128819769,0,0,0,0,0,0,0,0
1785252867161389931,0,0,0,0,0,0,0,0
1785252867195698756,0,0,0,0,0,0,0,0
1785252867228075441,0,0,0,0,0,0,0,0
1785252867262065056,0,0,0,0,0,0,0,0
1785252867295130651,0,0,0,0,0,0,0,0
1785252867328867348,0,0,0,0,0,0,0,0
1785252867361943559,0,0,0,0,0,0,0,0
1785252867394844766,0,0,0,0,0,0,0,0
1785252867428974144,0,0,0,0,0,0,0,0
1785252867461193463,0,0,0,0,0,0,0,0
1785252867495506654,0,0,0,0,0,0,0,0
1785252867527561866,0,0,0,0,0,0,0,0
1785252867561674934,0,0,0,0,0,0,0,0
1785252867594948328,0,0,0,0,0,0,0,0
1785252867628953961,0,0,0,0,0,0,0,0
1785252867661780383,0,0,0,0,0,0,0,0
1785252867701038613,232,1347,263,0,0,0,0,0
1785252867737992218,134,863,235,7217,7896,0,0,0
1785252867761075482,134,863,235,7217,7896,0,0,0
1785252867846488696,447,1680,320,22299,25513,22729,229,51066
1785252867846660677,447,1680,320,22299,25513,22729,229,51066
1785252867893933668,302,878,212,24090,28024,2231,229,32018
1785252867927921778,123,932,210,24584,28662,2496,229,32670
1785252867936386333,137,935,93,4378,4719,1407,229,7385
1785252868012437908,189,1425,258,39229,46433,1943,229,50422
1785252868043636353,140,918,206,23763,27663,1928,229,31101
1785252868052080537,137,938,95,5248,5956,938,229,8250
1785252868061837448,137,938,95,5248,5956,938,229,8250
1785252868129569764,225,871,237,25844,30626,1774,229,33885
1785252868129640953,225,871,237,25844,30626,1774,229,33885
1785252868187733678,228,899,240,18958,22239,1873,229,25767
1785252868217217618,121,909,242,15380,17984,1789,782,22130
1785252868227605407,121,909,242,15380,17984,1789,782,22130
1785252868291294226,238,876,229,22436,25764,1793,782,29351
1785252868317113273,136,967,217,16186,18934,1857,782,22362
1785252868335437796,143,940,117,3939,4476,575,782,6535
1785252868361151709,143,940,117,3939,4476,575,782,6535
1785252868420383228,320,1673,362,17135,20210,2118,782,24873
1785252868427662546,320,1673,362,17135,20210,2118,782,24873
1785252868485159596,367,1668,301,16530,18961,1420,782,23161
1785252868516322746,132,859,203,15346,18286,1766,782,21431
1785252868537336538,114,914,116,5538,6254,808,782,8442
1785252868576785853,130,952,202,10416,11996,1312,782,14783
1785252868611337410,122,820,255,11257,13420,1401,782,16234
1785252868641376806,129,924,129,7771,8787,723,1159,12127
1785252868661386877,129,924,129,7771,8787,723,1159,12127
1785252868712681079,242,927,269,11836,14050,1546,1159,17272
1785252868727752152,242,927,269,11836,14050,1546,1159,17272
1785252868780968454,270,926,214,13953,15789,1317,1159,18966
1785252868811207723,139,928,272,10630,12792,1458,1159,15825
1785252868840385147,124,911,151,8018,9048,914,1159,11423
1785252868861067926,124,911,151,8018,9048,914,1159,11423
1785252868911056915,251,928,283,11046,12989,1295,1159,15941
1785252868944467743,148,876,186,11364,12910,1102,1159,15538
1785252868961224657,148,876,186,11364,12910,1102,1159,15538
1785252869012751259,221,865,280,12362,14467,1346,1159,17397
1785252869027890361,221,865,280,12362,14467,1346,1159,17397
1785252869076815612,250,899,192,10984,12266,923,1159,14870
1785252869110848466,146,877,363,10780,12874,1341,1159,15787
1785252869143944284,106,822,222,9918,11136,1138,1418,15142
1785252869172738798,132,937,170,7371,8255,1000,1418,10664
1785252869212676127,144,929,295,12081,14418,1496,1418,17505
1785252869243321147,137,886,213,9984,11180,1338,1418,14145
1785252869261252007,137,886,213,9984,11180,1338,1418,14145
1785252869312736539,251,929,294,12059,14472,1405,1418,17561
1785252869327820756,251,929,294,12059,14472,1405,1418,17561
1785252869372616941,229,881,143,7687,8594,726,1418,10797
1785252869412869784,135,886,253,12570,14934,1488,1418,17894
1785252869443730839,143,919,222,10605,11907,1462,1418,14892
1785252869469515135,108,820,128,5317,5905,631,1418,7746
1785252869512108913,148,893,266,11723,13977,1489,1418,16991
1785252869546818439,127,864,225,11892,13345,1580,1567,17927
1785252869561232067,127,864,225,11892,13345,1580,1567,17927
1785252869612991890,253,813,274,12456,14556,1390,1567,17529
1785252869628046487,253,813,274,12456,14556,1390,1567,17529
1785252869669702193,199,827,133,5028,5654,555,1567,7530
1785252869713146290,128,964,304,12703,15034,1448,1567,18056
1785252869749003087,197,1701,375,13914,15782,1699,1567,20051
1785252869768933851,112,839,133,4337,4838,569,1567,6742
1785252869814479733,128,881,275,12962,15660,2053,1567,19222
1785252869847220951,128,848,241,12764,14920,1659,1567,18041
1785252869861606939,128,848,241,12764,14920,1659,1567,18041
1785252869913496457,244,867,301,12684,14878,1595,1567,18125
1785252869927753180,244,867,301,12684,14878,1595,1567,18125
1785252869968067561,196,833,126,3811,4292,389,1567,6056
1785252870016596343,127,872,275,14031,16270,1739,1753,21239
1785252870041958562,127,868,282,8572,9872,1571,1753,13117
1785252870067747647,112,823,119,3719,4173,394,1753,5805
1785252870115552718,131,881,284,14315,16947,1837,1753,20305
1785252870147762606,136,921,261,13642,15674,1587,1753,18802
1785252870161495251,136,921,261,13642,15674,1587,1753,18802
1785252870215996059,236,865,288,14243,16575,2114,1753,20451
1785252870227688950,236,865,288,14243,16575,2114,1753,20451
1785252870267362248,224,865,110,3297,3696,373,1753,5520
1785252870316261850,135,1017,281,15382,17555,1746,1753,20954
1785252870348537142,141,914,287,13734,16128,1622,1753,19475
1785252870361255109,141,914,287,13734,16128,1622,1753,19475
1785252870412372481,197,823,265,12115,13949,1711,1753,17327
1785252870451521692,117,849,269,14368,16933,1825,1915,22228
1785252870461484849,117,849,269,14368,16933,1825,1915,22228
1785252870516321559,332,1710,356,14710,16457,1325,1915,20625
1785252870527961565,332,1710,356,14710,16457,1325,1915,20625
1785252870568727177,208,866,128,4604,5114,511,1915,6979
1785252870612725985,137,897,260,12898,14459,1633,1915,17566
1785252870649447196,130,895,306,14486,17040,1748,1915,20444
1785252870669038411,117,815,122,4988,5526,536,1915,7380
1785252870711048367,113,858,245,11724,13159,1224,1915,15784
1785252870746130779,118,847,306,12215,14134,1260,1915,16953
1785252870761498511,118,847,306,12215,14134,1260,1915,16953
1785252870811956972,246,872,233,11811,13147,1381,1915,16227
1785252870828006682,246,872,233,11811,13147,1381,1915,16227
1785252870870999588,208,890,162,6446,7118,699,1915,9233
1785252870913675962,134,880,235,11581,12856,1490,2453,18236
1785252870948448119,134,928,306,13812,16503,1525,2453,19665
1785252870970130850,135,931,179,5480,6066,895,2453,8537
1785252871009796270,127,872,225,11010,12170,1344,2453,14912
1785252871054261728,199,1438,477,17688,20811,1791,2453,25087
1785252871061477368,199,1438,477,17688,20811,1791,2453,25087
1785252871111903086,315,934,234,11908,13171,1413,2453,16446
1785252871127996659,315,934,234,11908,13171,1413,2453,16446
1785252871174166767,225,929,208,8838,9771,1037,2453,12344
1785252871208097770,133,925,203,9373,10359,1016,2453,12798
1785252871246612665,134,932,308,12540,14990,1356,2453,17957
1785252871273767032,123,873,174,8710,9632,940,2453,11928
1785252871310155818,126,887,192,9020,9936,985,2408,14697
1785252871347085931,120,972,300,12058,14506,1651,2408,17761
1785252871361629465,120,972,300,12058,14506,1651,2408,17761
1785252871406879324,214,869,187,8088,8931,1010,2408,11435
1785252871427822339,214,869,187,8088,8931,1010,2408,11435
1785252871476446438,233,868,217,10804,11936,1232,2408,14676
1785252871504287524,115,868,172,6653,7298,664,2408,9282
1785252871545877786,118,825,280,12268,14487,1179,2408,17078
1785252871577908414,131,871,234,11509,12779,1697,2408,16072
1785252871604878291,124,834,163,7101,7782,763,2408,9830
1785252871646145704,119,826,284,12270,14661,1204,2408,17282
1785252871661104411,119,826,284,12270,14661,1204,2408,17282
1785252871704880999,201,835,163,6429,7091,594,2408,9211
1785252871727821247,201,835,163,6429,7091,594,2408,9211
1785252871782597226,240,931,394,13425,14804,1388,2291,20313
1785252871803622899,126,881,146,5810,6399,632,2291,8351
1785252871847100162,122,894,328,12948,15169,1312,2291,18024
1785252871879125857,119,834,256,12261,13771,1692,2291,17035
1785252871902412731,125,887,144,5106,5620,519,2291,7464
1785252871949184738,132,868,305,14811,17020,1510,2291,20044
1785252871961476184,132,868,305,14811,17020,1510,2291,20044
1785252872002915694,230,878,141,4904,5374,444,2291,7451
1785252872027846598,230,878,141,4904,5374,444,2291,7451
1785252872079933502,227,874,262,13302,14833,1679,2291,18031
1785252872101724220,125,868,140,4374,4805,411,2291,6532
1785252872149804905,117,940,326,15227,17507,1760,2291,20959
1785252872161121155,117,940,326,15227,17507,1760,2291,20959
1785252872203859612,222,863,141,3846,4236,353,2523,8586
1785252872248479693,133,880,297,14503,16512,1496,2523,19503
1785252872261344055,133,880,297,14503,16512,1496,2523,19503
1785252872301369031,219,890,116,3672,4050,303,2523,5827
1785252872327935621,219,890,116,3672,4050,303,2523,5827
1785252872377635184,226,868,289,10739,12196,1783,2523,15589
1785252872400175120,129,842,101,3134,3478,325,2523,5080
1785252872427539724,129,842,101,3134,3478,325,2523,5080
1785252872485418111,335,1718,408,16026,17904,2778,2523,23359
1785252872500207283,125,959,81,3115,3512,258,2523,5160
1785252872546633587,119,829,224,12904,14675,1529,2523,17595
1785252872561185781,119,829,224,12904,14675,1529,2523,17595
1785252872601300336,210,833,116,3766,4248,299,2523,5863
1785252872627812365,210,833,116,3766,4248,299,2523,5863
1785252872680792328,223,837,247,13979,16110,1461,2523,19069
1785252872703969519,128,838,98,3792,4252,315,2797,8650
1785252872740805034,106,836,225,8196,9280,1278,2797,11913
1785252872779900883,210,1159,302,12810,14735,1334,2797,17974
1785252872801646388,127,964,123,4193,4676,371,2797,6522
1785252872845830067,131,839,228,12622,14161,1274,2797,16816
1785252872861507783,131,839,228,12622,14161,1274,2797,16816
1785252872902648008,213,873,143,4821,5324,435,2797,7137
1785252872927992234,213,873,143,4821,5324,435,2797,7137
1785252872979691923,229,866,262,12874,14891,1312,2797,17774
1785252873003055910,118,821,121,5668,6309,487,2797,8024
1785252873044596743,115,879,236,11976,13308,1210,2797,15931
1785252873078278960,117,834,262,12109,13799,1187,2797,16412
1785252873105419155,124,866,146,5304,5865,501,2471,10155
1785252873144790562,124,864,216,11574,12847,1271,2471,15532
1785252873161348951,124,864,216,11574,12847,1271,2471,15532
1785252873204220809,200,837,143,5931,6547,505,2471,8379
1785252873227781982,200,837,143,5931,6547,505,2471,8379
1785252873278434021,220,837,253,11964,13655,1260,2471,16427
1785252873304333722,135,919,157,6681,7387,667,2471,9455
1785252873343407283,125,865,202,11036,12169,1077,2471,14604
1785252873378263583,110,878,275,11970,13656,1213,2471,16363
1785252873405742484,125,891,170,7781,8566,722,2471,10668
1785252873442888021,124,876,201,10414,11537,1018,2471,13929
1785252873461255745,124,876,201,10414,11537,1018,2471,13929
1785252873509207751,331,1790,284,9549,10565,763,2471,13922
1785252873527848532,331,1790,284,9549,10565,763,2471,13922
1785252873580445165,264,895,263,11267,12862,1312,2491,18282
1785252873607429621,120,842,178,8987,9916,971,2491,12212
1785252873640923636,116,832,189,9193,10130,849,2491,12282
1785252873678772857,151,928,284,12562,14337,1242,2491,17166
1785252873709012329,122,931,213,10306,11395,1215,2491,14102
1785252873740661020,123,887,170,8589,9505,779,2491,11618
1785252873761198806,123,887,170,8589,9505,779,2491,11618
1785252873810576388,238,887,212,10958,12132,1016,2491,14663
1785252873827745711,238,887,212,10958,12132,1016,2491,14663
1785252873878904905,238,879,280,12464,14229,1195,2491,17055
1785252873910772929,128,1067,265,11888,13137,1130,2491,15972
1785252873935560496,122,828,171,4544,4966,591,2491,6838
1785252873981381256,132,878,290,12275,13940,1321,2460,19222
1785252874011070107,117,829,224,11921,13276,1173,2460,15850
1785252874037005247,127,873,161,5694,6288,498,2460,8111
1785252874061303720,127,873,161,5694,6288,498,2460,8111
1785252874112251204,349,1737,326,11475,12730,1362,2460,16705
1785252874127684136,349,1737,326,11475,12730,1362,2460,16705
1785252874179949813,234,885,300,13298,15094,1312,2460,18081
1785252874212670848,127,840,296,12655,14189,1414,2460,17308
1785252874227537133,127,840,296,12655,14189,1414,2460,17308
1785252874279963617,239,830,287,13526,15548,1331,2460,18486
1785252874315066605,196,1763,373,14551,16047,1280,2460,19935
1785252874335293361,105,867,124,4166,4574,334,2460,6162
1785252874361615379,105,867,124,4166,4574,334,2460,6162
1785252874414624632,355,1769,409,13300,14973,1520,2460,19209
1785252874427809034,355,1769,409,13300,14973,1520,2460,19209
1785252874482780890,244,894,289,13461,15131,1403,2700,20923
1785252874514133217,118,818,289,13988,15585,1443,2700,18507
1785252874534981060,118,818,129,4115,4541,329,2700,6101
1785252874580549111,149,924,276,14131,15852,1514,2700,18888
1785252874615226409,134,937,265,15339,17111,1585,2700,20322
1785252874635077670,129,897,128,4260,4674,332,2700,6340
1785252874660998589,129,897,128,4260,4674,332,2700,6340
1785252874715084505,246,881,293,14646,16397,1639,2700,19663
1785252874727990252,246,881,293,14646,16397,1639,2700,19663
1785252874781022595,255,913,287,14468,16108,1426,2700,19254
1785252874815297879,117,928,310,15302,17072,1566,2700,20259
1785252874827638807,117,928,310,15302,17072,1566,2700,20259
1785252874881588579,234,866,306,14906,16627,1576,2700,19875
1785252874917894135,130,925,271,14911,16719,1438,3153,22880
1785252874935579621,116,926,163,4619,5087,364,3153,6834
1785252874961090632,116,926,163,4619,5087,364,3153,6834
1785252875014844061,251,863,283,14296,16072,1774,3153,19449
1785252875027824436,251,863,283,14296,16072,1774,3153,19449
1785252875080892394,210,865,286,14596,16166,1409,3153,19181
1785252875113177735,132,869,309,13169,14760,1371,3153,17704
1785252875135201179,117,846,127,4104,4529,368,3153,6139
1785252875161225201,117,846,127,4104,4529,368,3153,6139
1785252875213939952,228,819,290,14002,15791,1594,3153,18911
1785252875235121752,130,869,115,4125,4548,356,3153,6169
1785252875261505400,130,869,115,4125,4548,356,3153,6169
1785252875316495796,225,871,306,15404,17451,1762,3153,20798
1785252875327962862,225,871,306,15404,17451,1762,3153,20798
1785252875377441236,236,871,242,11557,12742,1112,3153,15648
1785252875416792387,109,873,301,13333,15322,1361,3186,21379
1785252875427346088,109,873,301,13333,15322,1361,3186,21379
1785252875478459963,237,833,227,12215,13522,1211,3186,16324
1785252875512548839,129,882,262,13157,15066,1181,3186,17714
1785252875538231533,128,866,161,6720,7348,573,3186,9245
1785252875561301968,128,866,161,6720,7348,573,3186,9245
1785252875614556150,212,878,288,13812,15766,1622,3186,18982
1785252875627795071,212,878,288,13812,15766,1622,3186,18982
1785252875677233711,228,877,226,11689,12824,1140,3186,15510
1785252875713229078,118,891,295,13276,15107,1348,3186,18038
1785252875740672104,130,884,191,8790,9676,797,3186,11887
1785252875776392314,146,904,219,11088,12132,1151,3186,14716
1785252875811235279,141,878,308,12216,13811,1217,3186,16560
1785252875845594328,131,889,205,9554,10491,1177,3528,16658
1785252875861377306,131,889,205,9554,10491,1177,3528,16658
1785252875912254601,219,867,290,12424,14135,1123,3528,16848
1785252875927762451,219,867,290,12424,14135,1123,3528,16848
1785252875973944591,356,1230,238,8624,9406,834,3528,12256
1785252876012102466,124,834,279,12368,14203,1352,3528,17001
1785252876027682174,124,834,279,12368,14203,1352,3528,17001
1785252876073873793,324,1118,194,8478,9287,827,3528,11947
1785252876115732942,207,1728,425,14135,16232,1914,3528,20747
1785252876143398769,125,841,201,10533,11577,1202,3528,14168
1785252876161406757,125,841,201,10533,11577,1202,3528,14168
1785252876212290391,213,850,320,12131,13761,1165,3528,16565
1785252876227965521,213,850,320,12131,13761,1165,3528,16565
1785252876271096222,214,832,153,6491,7116,610,3528,9108
1785252876313714455,125,831,287,13769,15657,1476,3528,18622
1785252876348172946,134,833,234,12465,13766,1216,3101,19523
1785252876370785465,125,881,168,6667,7262,644,3101,9253
1785252876415386894,193,1769,414,14705,16639,1341,3101,20574
1785252876445369846,127,866,233,12446,13709,1346,3101,16524
1785252876461198629,127,866,233,12446,13709,1346,3101,16524
1785252876512892080,228,827,301,12987,14659,1268,3101,17545
1785252876527682227,228,827,301,12987,14659,1268,3101,17545
1785252876569518488,238,908,146,5380,5872,487,3101,7813
1785252876614177831,151,981,327,14478,16183,1412,3101,19250
1785252876647025870,126,871,282,13622,15103,1393,3101,18048
1785252876668944611,117,876,148,4948,5416,379,3101,7097
1785252876714132946,125,884,300,14112,15876,1710,3101,19097
1785252876751007275,129,886,251,14050,15578,1553,3227,21869
1785252876761249312,129,886,251,14050,15578,1553,3227,21869
1785252876815268378,230,877,311,14628,16636,1408,3227,19723
1785252876827818486,230,877,311,14628,16636,1408,3227,19723
1785252876868157592,224,867,126,4097,4510,338,3227,6313
1785252876915245481,129,879,302,15309,17152,1549,3227,20199
1785252876947608110,130,818,289,14097,15642,1634,3227,18802
1785252876966351888,105,823,131,2566,2811,289,3227,4322
1785252877016171966,125,878,310,15822,17813,1805,3227,21144
1785252877043339914,124,874,265,9593,10858,1772,3227,14232
1785252877061152829,124,874,265,9593,10858,1772,3227,14232
1785252877114603468,230,879,304,13923,15802,1559,3227,19027
1785252877128080934,230,879,304,13923,15802,1559,3227,19027
1785252877167204680,213,862,114,3168,3525,294,3227,5153
1785252877212136794,122,830,280,9885,10958,1479,3120,16953
1785252877243137311,118,811,315,9877,11142,1435,3120,14135
1785252877267654504,120,816,120,3754,4117,299,3120,5670
1785252877312495421,118,894,276,13174,14685,1500,3120,17644
1785252877349210494,116,856,311,14943,16920,1534,3120,19966
1785252877361198557,116,856,311,14943,16920,1534,3120,19966
1785252877411867373,240,840,276,12258,13618,1219,3120,16510
1785252877427984037,240,840,276,12258,13618,1219,3120,16510
1785252877467258120,212,820,136,3267,3571,375,3120,5256
1785252877512026599,128,887,262,12924,14254,1209,3120,16908
1785252877548939537,125,1003,313,15019,16962,1415,3120,20071
1785252877569390135,142,930,149,5428,5921,423,3120,7806
1785252877616223592,112,873,258,13083,14469,1604,3454,20944
1785252877648759375,124,872,290,14034,15968,2231,3454,19711
1785252877661292987,124,872,290,14034,15968,2231,3454,19711
1785252877711835465,241,824,250,12155,13458,1226,3454,16338
1785252877727762630,241,824,250,12155,13458,1226,3454,16338
1785252877771518141,229,890,158,7036,7682,613,3454,9760
1785252877810189782,125,924,232,11606,12709,1076,3454,15220
1785252877827356285,125,924,232,11606,12709,1076,3454,15220
1785252877870903652,216,831,163,6684,7329,581,3454,9265
1785252877906519618,102,814,214,8162,8950,1177,3454,11428
1785252877946198936,128,832,300,12481,14173,1122,3454,16768
1785252877961454375,128,832,300,12481,14173,1122,3454,16768
1785252878010379432,223,870,225,11294,12344,1223,3454,15113
1785252878027611367,223,870,225,11294,12344,1223,3454,15113
1785252878073403003,209,885,181,8421,9205,767,3454,11400
1785252878112201191,187,1527,217,9717,10586,870,3317,16850
1785252878146964886,125,974,298,13211,14985,1497,3317,18132
1785252878170797185,183,911,175,6078,6656,881,3317,8986
1785252878207871141,126,899,206,9724,10597,855,3317,12833
1785252878245414461,110,887,312,12217,13847,1233,3317,16592
1785252878261452545,110,887,312,12217,13847,1233,3317,16592
1785252878307782056,244,871,197,9194,10055,858,3317,12429
1785252878327706598,244,871,197,9194,10055,858,3317,12429
1785252878376568882,351,1141,223,10948,11976,995,3317,14866
1785252878405611397,132,900,182,7809,8556,656,3317,10578
1785252878446750437,133,924,298,13409,15184,1279,3317,18019
1785252878477300651,131,926,214,11966,13081,1108,3317,15650
1785252878509248581,139,931,183,7874,8616,679,3611,14335
1785252878546325427,140,935,311,12905,14562,1269,3611,17418
1785252878561229157,140,935,311,12905,14562,1269,3611,17418
1785252878605141844,238,928,179,6965,7612,644,3611,9802
1785252878627654250,238,928,179,6965,7612,644,3611,9802
1785252878678220504,223,889,258,12451,13716,1207,3611,16451
1785252878702929694,111,846,158,5745,6260,449,3611,7982
1785252878746352819,125,866,303,13191,14871,1390,3611,17760
1785252878780483319,189,1688,355,13285,14781,1510,3611,18781
1785252878802878565,125,902,143,5616,6112,447,3611,7881
1785252878848727069,132,930,331,14780,16587,1381,3611,19550
1785252878861409869,132,930,331,14780,16587,1381,3611,19550
1785252878900925498,242,929,137,3313,3599,359,3611,5595
1785252878927600851,242,929,137,3313,3599,359,3611,5595
1785252878985182876,331,1687,393,14301,15801,1371,3550,23308
1785252879001441163,111,878,134,4467,4878,350,3550,6510
1785252879051379080,141,868,318,16744,19051,2008,3550,22668
1785252879061096044,141,868,318,16744,19051,2008,3550,22668
1785252879100876452,240,860,117,3723,4085,389,3550,5933
1785252879148571202,193,1580,302,14369,16094,1294,3550,19625
1785252879161414012,193,1580,302,14369,16094,1294,3550,19625
1785252879205673698,361,1938,188,6002,6706,596,3550,10017
1785252879227921909,361,1938,188,6002,6706,596,3550,10017
1785252879287181195,303,1683,447,18314,20759,1588,3550,25006
1785252879301053726,134,916,128,3702,4057,293,3550,5953
1785252879349545439,124,864,290,15227,17145,1753,3550,20390
1785252879382725220,132,868,320,15603,17514,1867,3550,20990
1785252879405782012,134,939,130,4554,5038,363,4045,10821
1785252879448154152,124,878,277,14604,16148,1355,4045,18964
1785252879461220956,124,878,277,14604,16148,1355,4045,18964
1785252879500663662,213,872,135,3062,3349,335,4045,5053
1785252879527841263,213,872,135,3062,3349,335,4045,5053
1785252879583824974,244,928,339,16461,18412,1795,4045,21931
1785252879602144234,121,938,136,4840,5301,397,4045,7058
1785252879647540423,127,877,294,14194,15726,1353,4045,18558
1785252879681538714,138,927,310,14962,16728,1446,4045,19822
1785252879702720000,139,929,151,5455,5945,440,4045,7778
1785252879747382428,121,833,277,14422,15879,1263,4045,18538
1785252879761159428,121,833,277,14422,15879,1263,4045,18538
1785252879803264198,214,881,150,5356,5839,421,4045,7658
1785252879827709834,214,881,150,5356,5839,421,4045,7658
1785252879889384827,368,1888,471,17230,19272,1527,3639,27398
1785252879903550802,139,865,148,5951,6504,505,3639,8429
1785252879946622564,115,935,270,13596,14931,1312,3639,17741
1785252879980275746,140,875,316,13625,15375,1537,3639,18484
1785252880003347286,130,882,158,6022,6571,538,3639,8455
1785252880046314671,118,843,251,13157,14404,1465,3639,17255
1785252880061343957,118,843,251,13157,14404,1465,3639,17255
1785252880102440933,210,1015,164,4315,4706,559,3639,6796
1785252880127910526,210,1015,164,4315,4706,559,3639,6796
1785252880180816721,326,969,302,13882,15795,1190,3639,18758
1785252880204802666,130,876,182,7047,7678,650,3639,9795
1785252880227547363,130,876,182,7047,7678,650,3639,9795
1785252880279864184,206,839,299,13303,15238,1208,3639,17975
1785252880311061521,125,875,209,8780,9574,843,3959,15795
1785252880343011166,123,818,230,10683,11648,966,3959,13939
1785252880361225472,123,818,230,10683,11648,966,3959,13939
1785252880406507187,206,878,195,8163,8910,745,3959,11086
1785252880427805440,206,878,195,8163,8910,745,3959,11086
1785252880477602372,210,821,287,11366,12892,1420,3959,15820
1785252880507534261,115,809,201,9381,10227,890,3959,12438
1785252880541405770,116,809,200,9558,10456,905,3959,12645
1785252880578313951,105,818,298,12117,13734,1146,3959,16320
1785252880605154284,116,820,224,7096,7700,973,3959,10053
1785252880640122852,117,808,205,8463,9206,719,3959,11199
1785252880661480040,117,808,205,8463,9206,719,3959,11199
1785252880710219683,227,811,222,11361,12408,1014,3959,14840
1785252880728030186,227,811,222,11361,12408,1014,3959,14840
1785252880782562810,231,852,303,12329,14021,1136,3513,20304
1785252880812101839,154,879,249,12878,14036,1330,3513,16903
1785252880838986407,125,863,177,7513,8164,612,3513,10103
1785252880861468836,125,863,177,7513,8164,612,3513,10103
1785252880911220550,219,876,249,12052,13222,1225,3513,15951
1785252880937912254,124,867,160,6341,6932,521,3513,8751
1785252880961298754,124,867,160,6341,6932,521,3513,8751
1785252881013512590,226,881,241,13629,15005,1511,3513,18042
1785252881027898744,226,881,241,13629,15005,1511,3513,18042
1785252881080297926,208,865,305,13577,15310,1257,3513,18201
1785252881113520113,123,865,277,13521,14957,1634,3513,18325
1785252881135725594,118,824,135,4904,5349,454,3513,7023
1785252881179912738,117,913,301,13501,15305,1221,3513,18049
1785252881218942497,132,875,288,15002,16556,1596,4046,23746
1785252881236692549,132,925,148,5436,5937,463,4046,7771
1785252881261338532,132,925,148,5436,5937,463,4046,7771
1785252881314503650,227,841,308,14640,16289,1332,4046,19187
1785252881327487857,227,841,308,14640,16289,1332,4046,19187
1785252881381674857,208,880,306,14524,16226,1901,4046,19847
1785252881415685159,123,873,280,15872,17592,1711,4046,20846
1785252881435096056,148,890,122,4357,4762,335,4046,6409
1785252881480511095,118,835,311,14257,15946,1377,4046,18777
1785252881513860511,117,881,298,14421,16015,1378,4046,18961
1785252881534893445,116,835,134,4139,4541,309,4046,6100
1785252881561300074,116,835,134,4139,4541,309,4046,6100
1785252881615097740,211,836,286,14881,16500,1386,4046,19405
1785252881627686706,211,836,286,14881,16500,1386,4046,19405
1785252881685794423,206,876,312,15031,16808,1475,3722,23695
1785252881714119937,121,818,290,14088,15607,1798,3722,19029
1785252881735177228,116,821,125,4396,4802,379,3722,6393
1785252881781102388,125,821,293,14935,16651,1371,3722,19439
1785252881808706690,101,834,272,9744,10847,1383,3722,13698
1785252881835226491,162,894,129,4213,4589,320,3722,6217
1785252881861297663,162,894,129,4213,4589,320,3722,6217
1785252881911093064,257,883,310,10957,12285,1603,3722,15553
1785252881927631062,257,883,310,10957,12285,1603,3722,15553
1785252881981549178,252,939,308,14828,16354,1382,3722,19567
1785252882014853944,116,827,294,14999,16808,1545,3722,19837
1785252882027642441,116,827,294,14999,16808,1545,3722,19837
1785252882079856027,234,824,275,13675,15145,1315,3722,18054
1785252882118779194,140,876,318,14938,16944,1454,3734,23725
1785252882135790476,124,863,135,4536,4932,383,3734,6704
1785252882161221956,124,863,135,4536,4932,383,3734,6704
1785252882215186390,216,844,308,14920,16818,1327,3734,19678
1785252882227711929,216,844,308,14920,16818,1327,3734,19678
1785252882279293084,215,880,262,12921,14241,1262,3734,17109
1785252882316346609,124,868,331,15682,17664,1799,3734,21082
1785252882337121371,121,817,145,5605,6131,495,3734,7998
1785252882378994666,128,866,265,13237,14490,1109,3734,17019
1785252882412838564,117,842,310,13240,15079,1225,3734,17826
1785252882435772122,121,841,173,4529,4910,542,3734,6763
1785252882461139602,121,841,173,4529,4910,542,3734,6763
1785252882513948528,206,869,316,13633,15250,1409,3734,18262
1785252882528051880,206,869,316,13633,15250,1409,3734,18262
1785252882579892107,194,830,238,10761,11735,1012,3680,17924
1785252882612044170,126,865,299,12555,14202,1188,3680,16891
1785252882640058905,129,879,201,8345,9100,735,3680,11251
1785252882675944685,116,817,209,10518,11520,1206,3680,14027
1785252882711653214,118,848,292,12666,14240,1050,3680,16773
1785252882740784862,106,838,208,8731,9534,770,3680,11660
1785252882761491704,106,838,208,8731,9534,770,3680,11660
1785252882812573036,221,810,297,12441,14081,1313,3680,16961
1785252882827727280,221,810,297,12441,14081,1313,3680,16961
1785252882874038097,208,825,208,8980,9774,802,3680,12019
1785252882912066775,101,829,284,12462,14143,1273,3680,16858
1785252882941960638,121,827,208,9833,10725,1014,3680,13090
1785252882961050314,121,827,208,9833,10725,1014,3680,13090
1785252883015970545,221,848,307,12688,14357,1269,3784,20994
1785252883043142932,135,881,235,10695,11637,994,3784,14214
1785252883061242748,135,881,235,10695,11637,994,3784,14214
1785252883113580258,239,806,294,13525,15512,1186,3784,18244
1785252883128170724,239,806,294,13525,15512,1186,3784,18244
1785252883172072279,233,865,189,7343,8023,635,3784,10223
1785252883208325128,129,879,310,9112,10369,1337,3784,13218
1785252883227374021,129,879,310,9112,10369,1337,3784,13218
1785252883271238202,196,838,168,6924,7554,531,3784,9430
1785252883314061097,201,1710,411,13293,14917,1624,3784,19105
1785252883346316023,123,1004,244,12779,14056,1578,3784,17241
1785252883361294090,123,1004,244,12779,14056,1578,3784,17241
1785252883413671931,212,950,323,13242,15050,1196,3784,17980
1785252883427885665,212,950,323,13242,15050,1196,3784,17980
1785252883469973081,207,874,151,5383,5874,427,3784,7844
1785252883519313053,134,927,317,15115,17318,1459,3937,24289
1785252883547039171,130,874,244,14042,15479,1259,3937,18315
1785252883568989021,108,889,151,4908,5310,382,3937,6993
1785252883616789615,116,819,300,16087,18070,1891,3937,21410
1785252883647864602,118,823,306,13743,15179,1855,3937,18577
1785252883661335904,118,823,306,13743,15179,1855,3937,18577
1785252883715698078,214,834,331,15221,16879,1623,3937,20157
1785252883727827267,214,834,331,15221,16879,1623,3937,20157
1785252883767940369,198,838,132,4070,4492,312,3937,6237
1785252883817626467,145,872,351,16831,18913,1942,3937,22439
1785252883827859404,145,872,351,16831,18913,1942,3937,22439
1785252883867542673,223,915,122,3580,3935,281,3937,5650
1785252883915734828,126,910,462,15799,17460,1478,3937,20618
1785252883954404262,125,867,310,15889,17569,1901,4026,25081
1785252883961028323,125,867,310,15889,17569,1901,4026,25081
1785252884015228281,232,808,299,15142,16748,1437,4026,19803
1785252884027857519,232,808,299,15142,16748,1437,4026,19803
1785252884067511970,193,813,122,3566,3927,279,4026,5475
1785252884114438103,123,819,295,14491,16062,2008,4026,19513
1785252884150013352,116,812,308,16079,17729,1757,4026,20974
1785252884167878920,119,843,119,4112,4525,326,4026,6068
1785252884211654016,106,824,276,12661,14010,1326,4026,16691
1785252884249767651,122,815,312,15334,17061,2016,4026,20601
1785252884261333894,122,815,312,15334,17061,2016,4026,20601
1785252884313637665,229,883,287,13784,15227,1461,4026,18323
1785252884327944307,229,883,287,13784,15227,1461,4026,18323
1785252884368801491,213,881,143,4813,5229,417,4026,7025
1785252884411353891,122,832,271,8971,9862,1199,3542,15980
1785252884449076266,124,865,317,15788,17466,1417,3542,20405
1785252884467363749,121,885,132,3584,3913,452,3542,5641
1785252884515978933,182,1756,388,15596,17266,1345,3542,21121
1785252884547680542,124,864,315,14320,16033,1350,3542,18922
1785252884561053225,124,864,315,14320,16033,1350,3542,18922
1785252884614479665,228,876,306,14702,16097,1334,3542,19093
1785252884627567999,228,876,306,14702,16097,1334,3542,19093
1785252884668312796,214,879,160,4355,4723,478,3542,6592
1785252884712643706,140,925,266,13507,14719,1362,3542,17575
1785252884746722792,132,866,299,13776,15410,1285,3542,18199
1785252884769234435,123,865,180,4761,5194,643,3542,7196
1785252884810545466,108,874,243,8303,9034,1170,3602,15182
1785252884848179926,123,872,310,14247,16047,1415,3602,19007
1785252884861456127,123,872,310,14247,16047,1415,3602,19007
1785252884911394417,328,1676,294,11310,12324,1121,3602,15951
1785252884928171984,328,1676,294,11310,12324,1121,3602,15951
1785252884972823748,216,905,199,8066,8744,681,3602,10905
1785252885009668339,125,878,245,11119,12108,1049,3602,14551
1785252885027413382,125,878,245,11119,12108,1049,3602,14551
1785252885074019994,255,881,203,9164,9947,830,3602,12265
1785252885108770659,136,869,225,10444,11381,1043,3602,13816
1785252885147491742,120,930,321,13780,15521,1266,3602,18388
1785252885161224929,120,930,321,13780,15521,1266,3602,18388
1785252885208475189,224,872,239,9924,10795,898,3602,13221
1785252885227673104,224,872,239,9924,10795,898,3602,13221
1785252885276577519,228,880,229,10921,12022,1141,3602,14654
1785252885311183394,108,892,206,8779,9533,926,4090,15914
1785252885346845083,130,871,310,13820,15450,1093,4090,18041
1785252885360900158,130,871,310,13820,15450,1093,4090,18041
1785252885405432587,222,1007,189,7740,8401,680,4090,10669
1785252885446748051,125,894,308,13039,14701,1646,4090,17895
1785252885461211841,125,894,308,13039,14701,1646,4090,17895
1785252885506053619,203,836,185,8035,8696,635,4090,10732
1785252885527830968,203,836,185,8035,8696,635,4090,10732
1785252885579201714,344,1769,381,12467,13593,1163,4090,17434
1785252885603293188,102,820,162,5816,6316,499,4090,8035
1785252885627382867,102,820,162,5816,6316,499,4090,8035
1785252885678898164,220,835,290,12825,14097,1132,4090,16746
1785252885702863175,123,888,157,5706,6196,514,4090,8022
1785252885748765308,120,843,324,14783,16556,1878,4090,19943
1785252885761099671,120,843,324,14783,16556,1878,4090,19943
1785252885806895233,218,830,135,4443,4847,359,4551,11099
1785252885827673845,218,830,135,4443,4847,359,4551,11099
1785252885880017803,223,868,280,13810,15159,1322,4551,18016
1785252885899783864,116,883,129,2771,3020,315,4551,4601
1785252885950231061,157,862,319,16673,18456,1630,4551,21621
1785252885981822149,131,874,297,15478,17037,1521,4551,20093
1785252885999789460,158,936,128,2946,3210,334,4551,4920
1785252886048755813,133,926,325,14804,16437,1766,4551,19768
1785252886061366464,133,926,325,14804,16437,1766,4551,19768
1785252886101967545,221,825,133,4410,4805,384,4551,6520
1785252886127826584,221,825,133,4410,4805,384,4551,6520
1785252886184239092,221,876,321,16996,18781,1983,4551,22384
1785252886199878204,126,886,124,2993,3262,342,4551,4888
1785252886227295912,126,886,124,2993,3262,342,4551,4888
1785252886287113533,306,1677,422,15810,17430,1537,3842,25387
1785252886301090804,125,872,134,4275,4660,317,3842,6255
1785252886347568275,124,867,297,14116,15605,1502,3842,18572
1785252886361349514,124,867,297,14116,15605,1502,3842,18572
1785252886400536119,202,828,142,3014,3284,361,3842,4968
1785252886428002212,202,828,142,3014,3284,361,3842,4968
1785252886482068529,225,884,307,14830,16500,1927,3842,20043
1785252886500001692,123,864,125,3076,3359,364,3842,4976
1785252886548702078,136,862,305,15407,16963,1435,3842,19868
1785252886580890635,108,878,323,14366,15928,1406,3842,18891
1785252886602444175,124,874,149,5275,5721,481,3842,7508
1785252886647197156,123,898,313,12804,14380,2268,3842,18194
1785252886661286136,123,898,313,12804,14380,2268,3842,18194
1785252886705898145,321,1219,140,3168,3440,372,4113,9745
1785252886727845303,321,1219,140,3168,3440,372,4113,9745
1785252886782251871,216,828,311,15019,16857,1854,4113,20292
1785252886800382573,117,958,159,3283,3569,383,4113,5335
1785252886827603732,117,958,159,3283,3569,383,4113,5335
1785252886880835439,198,822,330,14619,16185,1344,4113,19053
1785252886902405961,135,893,148,5108,5534,385,4113,7262
1785252886945705371,122,824,264,12865,14076,1328,4113,16757
1785252886960987113,122,824,264,12865,14076,1328,4113,16757
1785252887004083011,238,871,155,6237,6796,507,4113,8706
1785252887027826781,238,871,155,6237,6796,507,4113,8706
1785252887079666113,215,821,302,13516,15158,1198,4113,17879
1785252887104202247,144,871,177,6722,7272,559,4113,9192
1785252887145333256,117,855,256,12064,13174,1624,4113,16192
1785252887183439369,111,884,287,13295,14815,1116,3987,21389
1785252887206116487,125,870,204,8211,8929,727,3987,11048
1785252887245696801,184,1709,335,12243,13301,1008,3987,16716
1785252887261248706,184,1709,335,12243,13301,1008,3987,16716
1785252887307365567,239,889,203,8670,9459,781,3987,11730
1785252887327745180,239,889,203,8670,9459,781,3987,11730
1785252887378905769,226,918,308,12999,14573,1129,3987,17344
1785252887405014906,137,940,220,7213,7788,941,3987,10223
1785252887427192073,137,940,220,7213,7788,941,3987,10223
1785252887478974893,209,878,301,13087,14662,1067,3987,17306
1785252887508795978,127,864,203,10652,11592,940,3987,13908
1785252887540418767,115,818,213,8647,9401,752,3987,11446
1785252887561004496,115,818,213,8647,9401,752,3987,11446
1785252887612007384,366,1774,354,11537,12526,1477,3987,16712
1785252887627830682,366,1774,354,11537,12526,1477,3987,16712
1785252887683988547,197,833,308,13209,14845,1289,4265,21942
1785252887710720842,125,875,250,11594,12687,1423,4265,15592
1785252887738980582,119,834,181,7508,8140,688,4265,10109
1785252887780325200,127,887,317,14220,15895,1128,4265,18532
1785252887810827079,104,834,285,11769,12848,1508,4265,15812
1785252887838776097,136,1037,223,7125,7759,581,4265,9956
1785252887860963655,136,1037,223,7125,7759,581,4265,9956
1785252887913253516,248,938,284,13844,15024,1209,4265,17868
1785252887927803781,248,938,284,13844,15024,1209,4265,17868
1785252887980701813,221,902,335,14020,15658,1468,4265,18829
1785252888014254824,122,864,279,14613,16017,1728,4265,19296
1785252888036527467,123,873,151,5676,6147,462,4265,7892
1785252888084819472,125,878,310,14693,16335,1195,3984,23017
1785252888114227768,108,875,299,14739,16143,1322,3984,18993
1785252888136680823,132,878,228,5340,5806,421,3984,7723
1785252888161504102,132,878,228,5340,5806,421,3984,7723
1785252888211216075,339,1718,391,10350,11398,1698,3984,15748
1785252888227778814,339,1718,391,10350,11398,1698,3984,15748
1785252888282157317,206,874,316,15347,17048,1461,3984,20175
1785252888315723171,115,973,288,15916,17485,1522,3984,20610
1785252888335386540,131,910,141,4590,4994,335,3984,6674
1785252888381555014,131,881,321,14929,16615,1552,3984,19697
1785252888409412805,102,819,289,10157,11220,1588,3984,14291
1785252888435192417,119,835,128,4226,4586,315,3984,6115
1785252888461403343,119,835,128,4226,4586,315,3984,6115
1785252888520488403,340,1808,431,14904,16454,1374,4145,24742
1785252888527826159,340,1808,431,14904,16454,1374,4145,24742
1785252888583984808,207,906,320,16883,18644,1822,4145,22216
1785252888614839533,116,844,279,15149,16862,1362,4145,19721
1785252888627544652,116,844,279,15149,16862,1362,4145,19721
1785252888680957844,350,1809,450,12585,13773,2310,4145,19078
1785252888715909933,163,916,322,15745,17357,1846,4145,20896
1785252888734689197,115,915,128,3561,3871,288,4145,5485
1785252888761202742,115,915,128,3561,3871,288,4145,5485
1785252888810382648,215,838,331,10472,11566,1490,4145,14625
1785252888828008750,215,838,331,10472,11566,1490,4145,14625
1785252888888676536,351,1788,432,19898,22139,1600,4145,26601
1785252888919904086,110,875,340,18214,20283,2740,4145,24689
1785252888935581033,130,883,202,4257,4625,318,4145,6585
1785252888987647450,202,1780,425,15763,17332,1566,4405,25908
1785252889010761738,125,878,310,11230,12413,1657,4405,15661
1785252889035838487,116,836,148,4779,5180,371,4405,6799
1785252889061167800,116,836,148,4779,5180,371,4405,6799
1785252889116482882,209,875,336,15598,17352,1964,4405,20963
1785252889127701434,209,875,336,15598,17352,1964,4405,20963
1785252889180894468,242,930,281,14484,15834,1258,4405,18815
1785252889214754370,113,866,322,15100,16790,1389,4405,19733
1785252889227640231,113,866,322,15100,16790,1389,4405,19733
1785252889278490800,230,879,281,12997,14265,1432,4405,17342
1785252889316108714,139,1050,336,16152,17896,1340,4405,21029
1785252889338203099,131,876,174,6906,7476,524,4405,9375
1785252889361124098,131,876,174,6906,7476,524,4405,9375
1785252889415410521,232,860,322,15197,16916,1475,4405,20017
1785252889427957531,232,860,322,15197,16916,1475,4405,20017
1785252889486662891,352,1790,359,13874,15055,1532,5073,24560
1785252889515999109,119,937,331,15966,17840,1550,5073,21054
1785252889542738543,198,1769,315,9647,10479,958,5073,13997
1785252889578520734,117,826,245,12770,13857,1283,5073,16504
1785252889614000780,125,862,318,13983,15704,1380,5073,18648
1785252889641664638,118,859,213,9077,9864,1079,5073,12362
1785252889661304335,118,859,213,9077,9864,1079,5073,12362
1785252889714806902,324,1290,312,14138,15798,1428,5073,19371
1785252889727943110,324,1290,312,14138,15798,1428,5073,19371
1785252889776325288,341,936,234,10175,11069,1330,5073,14152
1785252889814144255,128,872,331,14086,15818,1481,5073,18897
1785252889843452615,114,880,268,11217,12116,1231,5073,14863
1785252889861241427,114,880,268,11217,12116,1231,5073,14863
1785252889924791714,224,875,320,19318,21640,1413,4877,29601
1785252889946495986,132,923,244,13052,14223,1691,4877,17456
1785252889961078086,132,923,244,13052,14223,1691,4877,17456
1785252890015600696,327,1283,412,14712,16396,1276,4877,19961
1785252890027931153,327,1283,412,14712,16396,1276,4877,19961
1785252890077914756,323,1776,280,11531,12506,882,4877,16040
1785252890116402135,200,1771,445,15049,16979,1565,4877,21225
1785252890147457310,182,1023,278,14278,15517,1548,4877,18809
1785252890173213860,121,945,212,8389,9073,830,4877,11334
1785252890214901448,192,1185,345,14837,16585,1622,4877,20152
1785252890249828288,182,1668,378,15212,16545,1928,4877,21019
1785252890261298835,182,1668,378,15212,16545,1928,4877,21019
1785252890315721104,350,1440,320,14892,16579,1379,4877,20308
1785252890327977430,350,1440,320,14892,16579,1379,4877,20308
1785252890374770168,275,849,147,5571,6012,427,4920,12792
1785252890417276566,180,1771,453,16067,17785,1807,4920,22214
1785252890427419994,180,1771,453,16067,17785,1807,4920,22214
1785252890468910671,225,912,148,5035,5448,376,4920,7266
1785252890518994134,191,1772,462,17747,19682,1838,4920,24165
1785252890550366821,133,922,288,16543,18130,1655,4920,21381
1785252890561342957,133,922,288,16543,18130,1655,4920,21381
1785252890617130152,213,843,326,16281,18138,1729,4920,21507
1785252890627560037,213,843,326,16281,18138,1729,4920,21507
1785252890668523720,277,1260,159,4156,4533,299,4920,6782
1785252890718796335,187,1311,353,17827,19710,1988,4920,23755
1785252890749889034,131,924,308,16123,17712,1781,4920,21118
1785252890767394206,116,870,120,3846,4202,290,4920,5750
1785252890822484367,185,1079,328,17165,18925,1803,4701,27217
1785252890854195562,179,1241,362,18589,20339,2627,4701,25043
1785252890860876761,179,1241,362,18589,20339,2627,4701,25043
1785252890918216941,229,930,325,16910,18557,2502,4701,22843
1785252890927777419,229,930,325,16910,18557,2502,4701,22843
1785252890968432425,209,867,134,4413,4804,359,4701,6576
1785252891019565225,129,872,289,19018,20967,2031,4701,24528
1785252891027730677,129,872,289,19018,20967,2031,4701,24528
1785252891068390662,213,872,133,4543,4946,329,4701,6662
1785252891114894998,136,866,271,15166,16753,1700,4701,19940
1785252891145502708,135,870,315,11733,12945,1874,4701,16527
1785252891161378263,135,870,315,11733,12945,1874,4701,16527
1785252891209764289,343,1157,285,9699,10710,1241,4701,14008
1785252891227928037,343,1157,285,9699,10710,1241,4701,14008
1785252891270513703,299,1680,200,5337,5775,399,4701,8563
1785252891318971400,194,1776,368,14542,15967,1213,3893,23597
1785252891327460356,194,1776,368,14542,15967,1213,3893,23597
1785252891369446993,226,856,144,5474,5942,457,3893,7780
1785252891413281707,109,863,265,13883,15290,1552,3893,18291
1785252891448179038,121,859,279,14606,16306,1228,3893,19031
1785252891461541573,121,859,279,14606,16306,1228,3893,19031
1785252891510285708,245,919,256,10375,11334,1642,3893,14684
1785252891527420350,245,919,256,10375,11334,1642,3893,14684
1785252891571181825,221,948,158,6876,7453,630,3893,9571
1785252891619894314,242,1892,350,18334,20074,1957,3893,24762
1785252891627349334,242,1892,350,18334,20074,1957,3893,24762
1785252891675497965,349,1777,220,9401,10373,713,3893,13640
1785252891720845253,141,936,323,20416,22489,1750,3893,25845
1785252891749732398,141,938,321,15707,17600,1617,3893,20923
1785252891761224607,141,938,321,15707,17600,1617,3893,20923
1785252891817660020,238,924,252,13516,14645,1472,4188,22008
1785252891827783496,238,924,252,13516,14645,1472,4188,22008
1785252891874525821,296,967,205,9317,10123,982,4188,12778
1785252891910744161,149,912,240,12078,13127,1190,4188,15823
1785252891946946665,134,876,304,13587,15243,1377,4188,18213
1785252891975393843,135,932,216,10313,11159,1033,4188,13750
1785252892011614414,115,872,270,12929,14216,1015,4188,16660
1785252892046719555,132,877,302,13404,15048,1391,4188,18029
1785252892061342506,132,877,302,13404,15048,1391,4188,18029
1785252892111365455,241,940,246,12488,13485,1203,4188,16384
1785252892127767915,241,940,246,12488,13485,1203,4188,16384
1785252892176026781,203,816,220,10873,11818,991,4188,14216
1785252892206412412,123,823,189,8505,9264,720,4188,11270
1785252892250181731,125,838,302,12978,14648,1064,3851,21049
1785252892277304481,124,817,250,12113,13149,1082,3851,15664
1785252892306273255,122,820,187,8451,9191,689,3851,11173
1785252892345577108,106,824,293,12218,13706,1426,3851,16581
1785252892361124884,106,824,293,12218,13706,1426,3851,16581
1785252892405825567,237,863,179,7596,8237,598,3851,10306
1785252892427858981,237,863,179,7596,8237,598,3851,10306
1785252892477818830,212,814,251,12201,13279,1150,3851,15878
1785252892503096038,104,819,164,6001,6522,460,3851,8211
1785252892547989558,122,838,319,14475,16161,1558,3851,19239
1785252892561087841,122,838,319,14475,16161,1558,3851,19239
1785252892603148342,223,876,153,5718,6240,475,3851,8154
1785252892650786409,108,873,366,16488,18367,1774,3851,21747
1785252892661120341,108,873,366,16488,18367,1774,3851,21747
1785252892709386044,362,1773,210,5714,6179,570,4461,13788
1785252892727740480,362,1773,210,5714,6179,570,4461,13788
1785252892790804852,346,1137,365,23057,25232,1791,4461,29088
1785252892801876570,110,839,135,4961,5415,383,4461,7032
1785252892827327355,110,839,135,4961,5415,383,4461,7032
1785252892889337213,263,974,286,20401,22703,2846,4461,27414
1785252892907498140,240,1967,221,7981,8792,1027,4461,12552
1785252892950757876,198,1799,411,16103,17884,1372,4461,21854
1785252892961140504,198,1799,411,16103,17884,1372,4461,21854
1785252893002194357,228,955,138,4517,4893,382,4461,6769
1785252893027584892,228,955,138,4517,4893,382,4461,6769
1785252893082715473,238,821,307,15932,17665,1609,4461,20845
1785252893100725152,102,835,117,4000,4357,308,4461,5855
1785252893147192982,125,844,327,14163,15744,1362,4461,18577
1785252893185380249,115,819,304,14657,16262,1398,4121,23290
1785252893201028319,120,842,129,4083,4434,308,4121,5992
1785252893248769597,123,950,303,15334,16909,1469,4121,19932
1785252893261346054,123,950,303,15334,16909,1469,4121,19932
1785252893302303550,208,949,138,4559,4931,322,4121,6711
1785252893327722005,208,949,138,4559,4931,322,4121,6711
1785252893382162981,167,885,317,15404,17180,1514,4121,20259
1785252893402652603,118,937,140,5245,5733,500,4121,7633
1785252893427500507,118,937,140,5245,5733,500,4121,7633
1785252893482277124,214,843,319,15309,16944,1862,4121,20403
1785252893501763473,127,869,140,4604,4982,407,4121,6820
1785252893549556949,127,887,302,16102,17612,1344,4121,20452
1785252893561090129,127,887,302,16102,17612,1344,4121,20452
1785252893601303645,226,863,127,3930,4297,307,4121,5967
1785252893627837091,226,863,127,3930,4297,307,4121,5967
1785252893687486584,219,876,310,16243,17967,1464,4158,25184
1785252893701647619,132,916,116,4722,5119,414,4158,6855
1785252893745703349,126,856,288,13113,14325,1247,4158,16987
1785252893780799589,134,813,336,14784,16382,1385,4158,19317
1785252893800536515,121,834,138,3617,3899,395,4158,5553
1785252893846509075,131,879,259,13596,14813,1459,4158,17722
1785252893861163160,131,879,259,13596,14813,1459,4158,17722
1785252893904435933,246,892,168,6773,7321,545,4158,9313
1785252893927469929,246,892,168,6773,7321,545,4158,9313
1785252893982387942,320,1260,332,15103,16816,1599,4158,20556
1785252894006117734,125,945,361,8141,8798,736,4158,11278
1785252894027139114,125,945,361,8141,8798,736,4158,11278
1785252894081361888,208,867,305,14930,16584,1462,4158,19679
1785252894111274844,159,931,197,8638,9357,730,4090,15669
1785252894143934401,127,902,247,11529,12530,1055,4090,15010
1785252894161421547,127,902,247,11529,12530,1055,4090,15010
1785252894208919434,213,916,193,10071,10856,875,4090,13205
1785252894227714346,213,916,193,10071,10856,875,4090,13205
1785252894278928143,220,881,338,12968,14510,1077,4090,17221
1785252894310846724,159,927,300,12277,13182,1111,4090,15955
1785252894342518448,117,1009,244,10561,11422,892,4090,13860
1785252894379522179,129,872,307,13452,15025,1326,4090,17914
1785252894408972518,124,866,225,10901,11822,838,4090,14076
1785252894441827174,123,889,223,10091,10924,845,4090,13165
1785252894461290299,123,889,223,10091,10924,845,4090,13165
1785252894510425091,213,895,247,11538,12514,1249,4090,15290
1785252894527539063,213,895,247,11538,12514,1249,4090,15290
1785252894585386285,247,929,322,13776,15556,1516,4437,23257
1785252894611575847,131,924,250,13032,14113,1152,4437,16803
1785252894627550626,131,924,250,13032,14113,1152,4437,16803
1785252894680357139,249,937,518,13697,15304,1215,4437,18457
1785252894710845882,131,928,266,12269,13323,1104,4437,15981
1785252894737462322,135,871,168,6484,7015,536,4437,8855
1785252894761226503,135,871,168,6484,7015,536,4437,8855
1785252894811424071,228,870,283,12379,13445,1137,4437,16112
1785252894827914963,228,870,283,12379,13445,1137,4437,16112
1785252894882279639,226,899,315,15122,16930,1602,4437,20347
1785252894913383362,126,878,284,14495,15762,1310,4437,18590
1785252894937717532,124,918,187,6722,7241,534,4437,9168
1785252894981080524,118,945,315,14998,16583,1362,4437,19503
1785252895019903871,136,933,296,15684,17090,1803,4222,24755
1785252895035221241,126,921,161,4303,4685,561,4222,6619
1785252895061157801,126,921,161,4303,4685,561,4222,6619
1785252895112965407,245,861,286,13194,14467,1711,4222,17735
1785252895127790386,245,861,286,13194,14467,1711,4222,17735
1785252895187871666,213,852,312,20307,22546,1625,4222,25819
1785252895214952564,132,929,333,15263,16778,1433,4222,19850
1785252895227414460,132,929,333,15263,16778,1433,4222,19850
1785252895291008985,221,920,354,23110,25510,1827,4222,29100
1785252895322606371,132,893,265,22060,24362,1709,4222,27598
1785252895334406135,132,926,126,3659,3985,277,4222,5613
1785252895360940310,132,926,126,3659,3985,277,4222,5613
1785252895417032914,218,866,311,16768,18391,1889,4222,21866
1785252895427715522,218,866,311,16768,18391,1889,4222,21866
1785252895486758554,218,1114,368,19260,21069,1969,4222,25051
1785252895521440999,123,859,342,16007,17689,1930,4568,25826
1785252895533610251,122,876,110,2950,3243,258,4568,4783
1785252895589613498,130,934,383,21632,23638,2531,4568,27892
1785252895621186367,112,874,364,19846,21998,2269,4568,25933
1785252895632781341,120,847,94,2229,2465,243,4568,3957
1785252895660935941,120,847,94,2229,2465,243,4568,3957
1785252895721027801,220,812,398,19386,21654,2451,4568,25785
1785252895727516402,220,812,398,19386,21654,2451,4568,25785
1785252895783460962,208,876,307,16565,18255,1588,4568,21720
1785252895823350722,129,888,407,21067,23536,2955,4568,28299
1785252895827372649,129,888,407,21067,23536,2955,4568,28299
1785252895885886382,252,945,433,18380,20001,2162,4568,24133
1785252895923000733,117,926,381,21387,23642,2538,4568,27929
1785252895939547449,130,899,132,3301,3582,456,4914,10329
1785252895961152815,130,899,132,3301,3582,456,4914,10329
1785252896032261975,266,966,424,28348,31977,2968,4914,36871
1785252896032319805,266,966,424,28348,31977,2968,4914,36871
1785252896087794369,206,891,293,20484,22397,1591,4914,25777
1785252896120396199,131,928,360,19003,21270,2019,4914,24979
1785252896127531318,131,928,360,19003,21270,2019,4914,24979
1785252896178345527,239,944,305,13214,14415,1242,4914,17426
1785252896220435199,107,889,520,18881,21098,2681,4914,25575
1785252896235234626,115,945,133,3934,4260,506,4914,6247
1785252896261197485,115,945,133,3934,4260,506,4914,6247
1785252896322524420,221,983,439,20109,22596,2529,4914,27140
1785252896327916565,221,983,439,20109,22596,2529,4914,27140
1785252896381897811,211,979,267,15622,16977,1118,4914,19968
1785252896419835887,121,863,340,18803,21220,1943,4914,24735
1785252896427166881,121,863,340,18803,21220,1943,4914,24735
1785252896481319517,207,843,245,10396,11258,1193,4804,18944
1785252896520516660,124,871,380,19151,21681,2281,4804,25631
1785252896540455455,116,924,176,8269,8974,1113,4804,11692
1785252896560966502,116,924,176,8269,8974,1113,4804,11692
1785252896620844726,249,848,393,18526,20987,2589,4804,25340
1785252896627570110,249,848,393,18526,20987,2589,4804,25340
1785252896673962383,220,869,204,9093,9834,800,4804,12296
1785252896721079157,124,862,373,19768,22418,2232,4804,26255
1785252896727214312,124,862,373,19768,22418,2232,4804,26255
1785252896773178948,222,865,210,8191,8855,755,4804,11385
1785252896820483937,116,822,357,18909,21419,2442,4804,25476
1785252896842604555,111,873,204,10035,10928,1101,4804,13595
1785252896861091792,111,873,204,10035,10928,1101,4804,13595
1785252896921772304,326,1322,393,19179,21715,2419,4804,26446
1785252896927677898,326,1322,393,19179,21715,2419,4804,26446
1785252896976981256,222,888,184,6798,7399,625,5112,14770
1785252897021931690,103,842,379,19975,22671,2771,5112,27053
1785252897027105640,103,842,379,19975,22671,2771,5112,27053
1785252897070183285,220,866,157,5776,6281,553,5112,8424
1785252897124791666,133,916,386,22535,25402,2847,5112,30000
1785252897146550195,131,930,263,12780,14036,2152,5112,17857
1785252897161151952,131,930,263,12780,14036,2152,5112,17857
1785252897221130328,231,913,424,19298,21488,2311,5112,25666
1785252897227576105,231,913,424,19298,21488,2311,5112,25666
1785252897269264120,319,1671,160,4311,4686,379,5112,7613
1785252897324444153,114,927,429,22031,24623,2674,5112,29014
1785252897348694524,126,884,293,14802,16198,1961,5112,19888
1785252897366997083,129,876,109,3289,3614,434,5112,5299
1785252897427611078,130,911,378,20852,23306,2537,4797,32280
1785252897447199401,125,880,263,14151,15467,1438,4797,18430
1785252897461200530,125,880,263,14151,15467,1438,4797,18430
1785252897522802620,236,879,372,20510,22695,2729,4797,27265
1785252897527739058,236,879,372,20510,22695,2729,4797,27265
1785252897566218264,243,867,100,2520,2772,205,4797,4378
1785252897621112495,115,892,404,19731,21690,2688,4797,26014
1785252897649726160,122,890,316,15952,17560,1800,4797,21002
1785252897661117409,122,890,316,15952,17560,1800,4797,21002
1785252897721204219,238,928,361,20014,21989,2268,4797,26096
1785252897752796206,133,902,280,18298,19954,2334,4797,23852
1785252897761235839,133,902,280,18298,19954,2334,4797,23852
1785252897819424082,242,883,359,17632,19435,2833,4797,24068
1785252897827581763,242,883,359,17632,19435,2833,4797,24068
1785252897866157926,210,835,100,2694,2946,213,4797,4479
1785252897927326929,131,876,314,21711,23823,2004,4704,32016
1785252897953691303,114,879,351,19150,21168,2321,4704,25114
1785252897966346582,137,898,101,2869,3134,269,4704,4725
1785252898016909497,130,874,310,16741,18416,1943,4704,21843
1785252898052113569,147,842,347,17839,19665,2064,4704,23355
1785252898060963087,147,842,347,17839,19665,2064,4704,23355
1785252898116980751,231,805,302,16105,17714,2176,4704,21560
1785252898127814290,231,805,302,16105,17714,2176,4704,21560
1785252898166833149,217,820,108,3237,3547,299,4704,5152
1785252898214425736,118,838,279,15105,16525,1661,4704,19599
1785252898227060286,118,838,279,15105,16525,1661,4704,19599
1785252898266812368,196,812,112,3477,3789,308,4704,5356
1785252898322718916,162,822,277,22555,24908,1578,4704,27899
1785252898361089498,116,855,317,20277,22506,2492,5338,31922
1785252898361968749,116,855,317,20277,22506,2492,5338,31922
1785252898412511775,240,865,280,13016,14225,1267,5338,17177
1785252898427861590,240,865,280,13016,14225,1267,5338,17177
1785252898466816919,269,851,106,3303,3638,319,5338,5319
1785252898512021701,123,862,255,12971,14079,1617,5338,17096
1785252898569035777,123,877,407,31554,35028,3433,5338,40211
1785252898574494764,137,1035,155,3005,3259,394,5338,5280
1785252898615562578,183,1763,359,15350,16686,1471,5338,20623
1785252898672443024,134,926,454,34247,38134,3501,5338,43493
1785252898672531930,134,926,454,34247,38134,3501,5338,43493
1785252898711554794,238,928,254,11958,12945,1369,5338,15995
1785252898727528335,238,928,254,11958,12945,1369,5338,15995
1785252898769821107,217,907,149,5784,6294,528,5338,8217
1785252898818510796,199,1785,309,12865,13930,1143,5480,23000
1785252898864031635,123,880,417,27678,30974,2655,5480,35324
1785252898873955085,103,915,130,7058,7678,758,5480,9749
1785252898908565007,132,925,217,10323,11158,1073,5480,13642
1785252898964749280,123,828,397,28471,31711,2657,5480,36016
1785252898964783178,123,828,397,28471,31711,2657,5480,36016
1785252899007272219,314,900,197,8634,9345,853,5480,11859
1785252899027813497,314,900,197,8634,9345,853,5480,11859
1785252899074819891,193,824,219,9764,10558,1018,5480,12975
1785252899106088664,190,1746,246,7459,8040,708,5480,11074
1785252899127345997,190,1746,246,7459,8040,708,5480,11074
1785252899180647535,211,865,243,14974,16120,1366,5480,18964
1785252899203729586,123,874,194,6458,6975,575,5480,8900
1785252899271214828,121,862,388,28044,31250,2845,6021,41830
1785252899272080112,121,862,388,28044,31250,2845,6021,41830
1785252899302961419,227,867,150,5251,5683,490,6021,7621
1785252899327749968,227,867,150,5251,5683,490,6021,7621
1785252899378456431,205,993,244,12801,13860,1376,6021,16819
1785252899400984218,123,883,130,4088,4439,323,6021,6010
1785252899427327193,123,883,130,4088,4439,323,6021,6010
1785252899482167210,227,877,245,16265,17685,1333,6021,20507
1785252899500726883,124,925,118,3884,4228,386,6021,5896
1785252899564604085,132,909,390,28509,31673,2566,6021,35904
1785252899564684421,132,909,390,28509,31673,2566,6021,35904
1785252899602906533,239,883,139,4910,5461,531,6021,7560
1785252899627691457,239,883,139,4910,5461,531,6021,7560
1785252899679811865,314,1748,263,13154,14254,1434,6021,18148
1785252899699599937,120,837,105,3021,3296,249,6021,4728
1785252899766403323,128,862,363,24410,26911,3242,5618,37330
1785252899787529647,122,861,279,14832,16226,2151,5618,20147
1785252899800238038,101,831,117,3462,3767,305,5618,5260
1785252899861637651,119,826,337,25905,28941,2132,5618,32538
1785252899861663854,119,826,337,25905,28941,2132,5618,32538
1785252899901002140,219,819,113,3329,3638,347,5618,5307
1785252899927869753,219,819,113,3329,3638,347,5618,5307
1785252899989984357,315,1091,318,21562,23808,2055,5618,27824
1785252900000300849,115,834,113,3248,3550,268,5618,5029
1785252900057294053,115,825,313,22711,25118,1883,5618,28451
1785252900089659972,114,823,306,22308,24490,1778,5618,27780
1785252900100847472,144,873,127,3650,3977,317,5618,5606
1785252900158585203,107,881,329,17860,19594,2102,5903,29146
1785252900161035106,107,881,329,17860,19594,2102,5903,29146
1785252900201944800,235,902,125,4124,4487,319,5903,6230
1785252900227932358,235,902,125,4124,4487,319,5903,6230
1785252900291194213,231,927,352,22636,24841,2749,5903,29313
1785252900301274314,113,864,111,4379,4738,375,5903,6324
1785252900355713763,124,868,323,21774,23966,1677,5903,27133
1785252900383886672,123,865,267,17171,18940,1769,5903,22184
1785252900400039137,131,927,139,2947,3206,355,5903,4955
1785252900449937240,108,895,318,15956,17515,1925,5903,20961
1785252900461042346,108,895,318,15956,17515,1925,5903,20961
1785252900502755948,354,1714,173,4399,4746,327,5903,7519
1785252900527742575,354,1714,173,4399,4746,327,5903,7519
1785252900593388583,220,881,342,25463,28052,1976,5903,31665
1785252900607823309,104,862,114,4423,4797,413,5886,12293
1785252900627457904,104,862,114,4423,4797,413,5886,12293
1785252900698628083,363,1763,488,29143,32129,1774,5886,36728
1785252900706439965,121,877,125,5569,6013,489,5886,7742
1785252900752474982,127,936,288,18572,20371,1498,5886,23393
1785252900761115078,127,936,288,18572,20371,1498,5886,23393
1785252900805419731,214,876,193,7195,7817,625,5886,9888
1785252900827824823,214,876,193,7195,7817,625,5886,9888
1785252900891524179,219,880,334,23326,25886,1891,5886,29442
1785252900908358509,116,935,160,10129,10996,847,5886,13197
1785252900945667659,120,838,261,13215,14309,1184,5886,16867
1785252900981989430,129,871,359,15291,17014,1636,5886,20264
1785252901006500719,115,816,209,8576,9319,802,5886,11470
1785252901051300276,122,878,255,11734,12756,1199,6526,21893
1785252901061489483,122,878,255,11734,12756,1199,6526,21893
1785252901107396552,202,854,214,9132,9853,778,6526,12056
1785252901127552472,202,854,214,9132,9853,778,6526,12056
1785252901187158361,214,842,328,19003,21155,2406,6526,25199
1785252901207519571,124,921,190,9357,10116,988,6526,12526
1785252901227533128,124,921,190,9357,10116,988,6526,12526
1785252901285570843,208,854,333,18579,20662,1481,6526,23754
1785252901309806325,178,1716,317,10530,11397,1115,6526,14978
1785252901340561408,121,830,207,8954,9703,787,6526,11781
1785252901361089735,121,830,207,8954,9703,787,6526,11781
1785252901413056333,235,885,219,13861,15029,989,6526,17509
1785252901427892610,235,885,219,13861,15029,989,6526,17509
1785252901488724657,222,881,331,21004,23383,1762,6526,26833
1785252901510530438,129,899,212,11224,12285,1631,6526,15366
1785252901544341936,121,884,187,5633,6083,1015,6647,15086
1785252901584372076,116,929,380,16890,18717,2359,6647,22711
1785252901614803638,186,1714,352,14583,15826,1497,6647,19850
1785252901639273830,116,868,199,7547,8170,698,6647,10205
1785252901661487245,116,868,199,7547,8170,698,6647,10205
1785252901713009967,208,831,271,13513,14644,1278,6647,17383
1785252901727824184,208,831,271,13513,14644,1278,6647,17383
1785252901786793695,202,847,369,18575,20709,2559,6647,24998
1785252901813455323,113,838,257,13880,15143,1929,6647,18566
1785252901827331191,113,838,257,13880,15143,1929,6647,18566
1785252901889901435,335,1779,695,19951,22194,2930,6647,28293
1785252901914150382,120,973,306,14467,15768,1660,6647,19138
1785252901936554529,116,823,162,5264,5706,477,6647,7436
1785252901961536796,116,823,162,5264,5706,477,6647,7436
1785252902028102286,370,882,289,21120,23065,1971,5401,32147
1785252902029109727,370,882,289,21120,23065,1971,5401,32147
1785252902102061438,207,867,438,30687,34493,3713,5401,40036
1785252902126511180,125,894,266,17867,19885,2378,5401,24209
1785252902127406487,125,894,266,17867,19885,2378,5401,24209
1785252902201816859,242,917,448,30546,34228,3885,5401,40127
1785252902226563840,129,929,292,18127,19942,2928,5401,24538
1785252902234020865,133,931,104,3387,3689,334,5401,5311
1785252902261171050,133,931,104,3387,3689,334,5401,5311
1785252902326576847,234,903,375,24762,27137,2449,5401,31288
1785252902327647567,234,903,375,24762,27137,2449,5401,31288
1785252902397262804,206,891,410,27209,30230,3342,5401,35432
1785252902424947468,131,915,842,20251,22433,2768,5401,27482
1785252902427257169,131,915,842,20251,22433,2768,5401,27482
1785252902496849154,240,905,387,26275,29142,3389,5401,34491
1785252902532668386,119,911,368,20964,23139,3248,6891,35044
1785252902537633032,137,928,85,2387,2636,241,6891,4230
1785252902561053085,137,928,85,2387,2636,241,6891,4230
1785252902636073072,251,865,441,32152,35537,3282,6891,40682
1785252902636102247,251,865,441,32152,35537,3282,6891,40682
1785252902693873614,210,897,358,24646,27064,2910,6891,31776
1785252902731619516,133,875,315,28660,31858,3083,6891,36560
1785252902731653142,133,875,315,28660,31858,3083,6891,36560
1785252902784867435,212,835,354,17455,19062,2130,6891,22952
1785252902825427528,101,817,410,22411,24818,3491,6891,30001
1785252902834152357,116,833,84,2731,2994,1062,6891,5254
1785252902861869415,116,833,84,2731,2994,1062,6891,5254
1785252902923794446,232,875,402,21040,23543,2747,6891,28052
1785252902927935128,232,875,402,21040,23543,2747,6891,28052
1785252902989834227,208,912,311,21795,23950,2069,6891,28074
1785252903039507116,120,847,374,29088,32830,2752,6813,44038
1785252903046231466,131,939,113,3647,3983,314,6813,5907
1785252903080871019,201,1670,280,13688,14928,1590,6813,18819
1785252903132133420,113,882,396,28962,32553,2877,6813,37132
1785252903138302144,133,878,95,3839,4202,337,6813,5999
1785252903161103826,133,878,95,3839,4202,337,6813,5999
1785252903228024670,342,1684,623,23420,26367,3266,6813,32640
1785252903228074915,342,1684,623,23420,26367,3266,6813,32640
1785252903276811625,213,846,242,10777,11731,1550,6813,15169
1785252903326173398,132,826,423,22954,26032,3459,6813,31169
1785252903327191092,132,826,423,22954,26032,3459,6813,31169
1785252903375908742,225,902,245,10035,10842,1907,6813,14734
1785252903426274835,111,1618,420,23084,26183,2795,6813,31461
1785252903444132267,124,833,117,5264,5719,515,7559,15314
1785252903460989072,124,833,117,5264,5719,515,7559,15314
1785252903535145819,206,818,424,30460,34325,3686,7559,39736
1785252903535174530,206,818,424,30460,34325,3686,7559,39736
1785252903573009219,254,999,167,7791,8474,815,7559,11331
1785252903637987307,120,874,409,33581,38191,3103,7559,43015
1785252903638094249,120,874,409,33581,38191,3103,7559,43015
1785252903672478424,234,1048,184,7143,7738,837,7559,10622
1785252903736219172,124,869,404,31389,35716,3495,7559,40989
1785252903747799826,144,923,166,8096,8807,881,7559,11405
1785252903760954346,144,923,166,8096,8807,881,7559,11405
1785252903828175826,218,1005,435,23921,27126,3682,7559,32786
1785252903828215633,218,1005,435,23921,27126,3682,7559,32786
1785252903869815396,246,901,141,5191,5651,537,7559,8042
1785252903927909806,224,1009,432,23519,26565,3898,7559,32454
1785252903951129997,143,1066,206,10872,11794,1026,7476,22210
1785252903961017341,143,1066,206,10872,11794,1026,7476,22210
1785252904037092289,257,924,435,32038,36201,3653,7476,42017
1785252904051924827,161,946,218,10624,11558,1142,7476,14557
1785252904061351483,161,946,218,10624,11558,1142,7476,14557
1785252904128043847,231,931,423,24748,27640,3227,7476,32783
1785252904128128525,231,931,423,24748,27640,3227,7476,32783
1785252904169326264,329,1391,158,4310,4817,508,7476,7569
1785252904226425781,123,919,408,23759,26195,3189,7476,31397
1785252904227261877,123,919,408,23759,26195,3189,7476,31397
1785252904266152896,226,1054,99,2460,2708,229,7476,4516
1785252904328665843,129,870,383,26344,29158,2979,7476,33720
1785252904346803209,121,865,193,13521,14863,1763,7476,18026
1785252904361112470,121,865,193,13521,14863,1763,7476,18026
1785252904429102010,231,934,381,26566,29413,2401,7476,33677
1785252904429139102,231,934,381,26566,29413,2401,7476,33677
1785252904473738765,229,870,91,2412,2659,241,7474,11722
1785252904532135142,116,852,336,30340,33475,2292,7474,37291
1785252904554679025,124,874,264,16858,18477,2346,7474,22330
1785252904565707761,128,887,91,2411,2683,230,7474,4156
1785252904618426172,132,930,341,17919,19672,2365,7474,23659
1785252904651130610,123,894,376,16668,18690,2036,7474,22439
1785252904660936307,123,894,376,16668,18690,2036,7474,22439
1785252904717337198,221,880,339,16507,18238,2106,7474,22050
1785252904727485773,221,880,339,16507,18238,2106,7474,22050
1785252904766222645,219,897,96,2429,2665,249,7474,4285
1785252904824631932,121,916,329,23255,25434,2446,7474,29440
1785252904827472442,121,916,329,23255,25434,2446,7474,29440
1785252904866496598,211,1127,102,2562,2832,317,7474,4736
1785252904924699640,123,871,314,17408,19100,1957,7205,29757
1785252904952406986,127,879,312,17942,20082,2050,7205,23742
1785252904961067529,127,879,312,17942,20082,2050,7205,23742
1785252905018329084,247,937,359,17555,19259,1924,7205,23010
1785252905027730066,247,937,359,17555,19259,1924,7205,23010
1785252905068169980,209,1073,165,3721,4079,525,7205,6227
1785252905114956962,145,855,275,14851,16273,2138,7205,19890
1785252905158473231,123,899,340,23178,25607,2239,7205,29486
1785252905167706716,148,910,123,3903,4266,578,7205,6189
1785252905213470521,153,904,271,14472,15807,1674,7205,18963
1785252905257516875,119,830,345,22743,25107,2092,7205,28769
1785252905260906958,119,830,345,22743,25107,2092,7205,28769
1785252905312685890,295,835,271,13007,14208,1595,7205,17434
1785252905327345382,295,835,271,13007,14208,1595,7205,17434
1785252905375408727,228,808,125,4039,4401,469,7668,13830
1785252905410401143,135,956,268,11812,12836,1321,7668,15658
1785252905427219811,135,956,268,11812,12836,1321,7668,15658
1785252905469641496,303,970,136,5185,5630,577,7668,7741
1785252905511356982,139,870,237,11474,12594,2090,7668,16147
1785252905561129849,130,821,383,24962,27675,2670,7668,31976
1785252905561170089,130,821,383,24962,27675,2670,7668,31976
1785252905614817928,266,884,240,14557,15971,1740,7668,19339
1785252905627750328,266,884,240,14557,15971,1740,7668,19339
1785252905671060639,223,832,172,6510,7085,792,7668,9233
1785252905711123515,137,931,236,11582,12660,2029,7668,16270
1785252905767601897,135,928,394,31386,34467,2650,7668,38999
1785252905780355989,160,933,200,9068,9860,1203,7668,12560
1785252905816135870,113,882,227,9754,10593,1123,7777,20851
1785252905853414641,124,872,405,18656,20650,2230,7777,24530
1785252905861077963,124,872,405,18656,20650,2230,7777,24530
1785252905907607873,268,947,215,8772,9582,862,7777,12110
1785252905927659732,268,947,215,8772,9582,862,7777,12110
1785252905975062710,224,959,224,9801,10642,1326,7777,13513
1785252906005418461,112,1020,187,7709,8365,881,7777,10705
1785252906027313549,112,1020,187,7709,8365,881,7777,10705
1785252906079551754,302,875,240,13819,15027,1210,7777,17808
1785252906104206649,139,879,152,6855,7439,724,7777,9445
1785252906160203415,154,866,403,24276,26958,2802,7777,31418
1785252906160637804,154,866,403,24276,26958,2802,7777,31418
1785252906203823516,238,901,157,6131,6633,665,7777,8771
1785252906227394983,238,901,157,6131,6633,665,7777,8771
1785252906277010531,210,883,256,11604,12645,1155,7777,15285
1785252906310656384,109,838,144,5163,5597,522,8196,15533
1785252906360878645,131,885,375,25377,28015,2227,8196,31853
1785252906379471891,104,1219,237,12791,13977,2026,8196,17769
1785252906402001273,130,915,139,4768,5181,482,8196,6965
1785252906460469635,107,846,402,25322,27926,2121,8196,31627
1785252906461103303,107,846,402,25322,27926,2121,8196,31627
1785252906500960874,226,862,141,3391,3676,576,8196,5643
1785252906527754488,226,862,141,3391,3676,576,8196,5643
1785252906582145672,206,880,304,15124,16447,2258,8196,20304
1785252906600851998,112,1121,122,4026,4391,369,8196,6242
1785252906627102184,112,1121,122,4026,4391,369,8196,6242
1785252906686523616,211,869,297,19309,21075,1943,8196,24559
1785252906700640484,122,831,124,3767,4092,354,8196,5668
1785252906761786795,113,866,376,19457,21322,2258,7594,32735
1785252906762341924,113,866,376,19457,21322,2258,7594,32735
1785252906801023189,244,919,124,3747,4063,335,7594,5888
1785252906827712759,244,919,124,3747,4063,335,7594,5888
1785252906884738172,207,879,345,17444,19190,2297,7594,23119
1785252906899444001,120,948,98,2699,2951,258,7594,4535
1785252906927265969,120,948,98,2699,2951,258,7594,4535
1785252906993903673,223,873,357,25455,27731,2691,7594,32091
1785252906997777375,120,892,86,1457,1614,199,7594,3020
1785252907054693054,108,870,396,19896,21825,2494,7594,25901
1785252907060919847,108,870,396,19896,21825,2494,7594,25901
1785252907099288789,214,865,98,2272,2491,185,7594,4014
1785252907127720382,214,865,98,2272,2491,185,7594,4014
1785252907193756290,205,888,367,25544,27948,2332,7594,31920
1785252907198334058,125,878,99,1611,1761,210,7594,3237
1785252907227397765,125,878,99,1611,1761,210,7594,3237
1785252907311319309,193,1023,605,33166,36515,2653,7719,48937
1785252907316427275,116,881,84,1924,2119,149,7719,3763
1785252907350282466,131,856,344,16681,18179,1961,7719,21634
1785252907361191576,131,856,344,16681,18179,1961,7719,21634
1785252907399041240,211,873,94,2090,2284,178,7719,3782
1785252907427681992,211,873,94,2090,2284,178,7719,3782
1785252907500588060,232,898,416,30855,34176,2747,7719,38715
1785252907504486027,121,895,83,2303,2531,200,7719,3939
1785252907550806785,110,900,323,17052,18452,2049,7719,21999
1785252907593249121,199,1394,534,23207,25690,3514,7719,31610
1785252907599736276,111,865,96,3058,3320,288,7719,4847
1785252907649715667,144,858,308,16187,17744,1698,7719,20921
1785252907661387501,144,858,308,16187,17744,1698,7719,20921
1785252907709898534,243,822,124,3812,4100,282,8599,14340
1785252907727587202,243,822,124,3812,4100,282,8599,14340
1785252907808895939,193,853,431,38265,42289,3103,8599,47131
1785252907816381233,142,943,137,5020,5419,485,8599,7329
1785252907827448260,142,943,137,5020,5419,485,8599,7329
1785252907892704742,229,980,436,23297,25703,3362,8599,30980
1785252907903483018,100,843,142,5996,6545,722,8599,8534
1785252907944687795,123,891,293,11604,12543,1621,8599,15601
1785252907961413236,123,891,293,11604,12543,1621,8599,15601
1785252908004591080,226,880,247,6573,7058,622,8599,9179
1785252908027698030,226,880,247,6573,7058,622,8599,9179
1785252908101213421,206,873,621,30645,34028,3253,8599,39296
1785252908111151214,127,869,152,7286,7846,653,8599,9801
1785252908127744685,127,869,152,7286,7846,653,8599,9801
1785252908203100523,227,817,451,32699,36364,3363,8599,41561
1785252908223590059,118,863,198,8069,8682,1666,8316,20064
1785252908240630172,125,879,201,8152,8777,1779,8316,11887
1785252908261472018,125,879,201,8152,8777,1779,8316,11887
1785252908307255825,234,964,193,8482,9087,913,8316,11523
1785252908327852923,234,964,193,8482,9087,913,8316,11523
1785252908390932068,206,894,442,22044,24664,2683,8316,29175
1785252908409422461,132,927,223,11208,12050,1122,8316,14753
1785252908427342567,132,927,223,11208,12050,1122,8316,14753
1785252908498402675,237,826,411,28790,32668,2370,8316,36787
1785252908513271024,112,868,207,11259,12155,1100,8316,14643
1785252908536799334,123,856,163,5728,6184,616,8316,8072
1785252908560712209,123,856,163,5728,6184,616,8316,8072
1785252908611221771,243,828,245,11848,12830,1458,8316,15751
1785252908627472986,243,828,245,11848,12830,1458,8316,15751
1785252908698715568,221,866,426,29117,32495,2664,8316,37026
1785252908723385677,125,899,244,12554,13670,1281,7796,24216
1785252908733388470,127,822,140,2968,3210,357,7796,4774
1785252908791155189,128,841,410,22699,25226,2372,7796,29250
1785252908813093389,109,850,239,13938,15133,1507,7796,18082
1785252908834001626,116,831,112,3422,3761,244,7796,5186
1785252908861095529,116,831,112,3422,3761,244,7796,5186
1785252908921162540,228,812,286,20938,22696,1664,7796,25842
1785252908927816684,228,812,286,20938,22696,1664,7796,25842
1785252908992778586,220,909,471,23374,25888,2994,7796,31017
1785252909016548556,106,847,281,16062,17658,2198,7796,21388
1785252909027158212,106,847,281,16062,17658,2198,7796,21388
1785252909092340989,224,865,405,23601,26018,2756,7796,30608
1785252909118045959,121,913,294,17845,19493,1965,7796,23069
1785252909139874785,117,898,70,894,1003,93,8718,11039
1785252909161007511,117,898,70,894,1003,93,8718,11039
1785252909220300701,256,929,385,19664,21405,1948,8718,25097
1785252909227493495,256,929,385,19664,21405,1948,8718,25097
1785252909291156054,224,937,403,22252,25058,2634,8718,29622
1785252909321453061,106,1043,344,20539,22429,2178,8718,26390
1785252909327008457,106,1043,344,20539,22429,2178,8718,26390
1785252909398661300,235,859,472,28765,31519,3911,8718,37341
1785252909428869884,120,865,285,21779,23944,4301,8718,29781
1785252909431248439,128,951,61,750,845,82,8718,2206
1785252909461030499,128,951,61,750,845,82,8718,2206
1785252909531332126,221,933,398,29005,32071,2385,8718,36238
1785252909531371112,221,933,398,29005,32071,2385,8718,36238
1785252909591035597,226,874,329,23343,25591,1976,8718,29310
1785252909622772902,106,876,322,21395,23735,2509,8718,27835
1785252909627204577,106,876,322,21395,23735,2509,8718,27835
1785252909698709462,240,900,305,22344,24433,2013,8648,36915
1785252909730137395,136,934,428,23527,25987,2627,8648,30426
1785252909733412734,127,895,74,1591,1740,200,8648,3156
1785252909761131832,127,895,74,1591,1740,200,8648,3156
1785252909823651932,221,862,412,21218,23489,2940,8648,28220
1785252909827714413,221,862,412,21218,23489,2940,8648,28220
1785252909880507880,253,866,285,14500,15719,1587,8648,19066
1785252909926150244,108,868,384,23790,26334,3308,8648,31391
1785252909933860077,197,1200,138,2944,3191,386,8648,5422
1785252909980146055,136,941,476,14343,15439,1450,8648,18607
1785252910025700566,132,942,433,23716,26183,2817,8648,30828
1785252910034635791,131,1031,109,3724,4041,337,8648,5848
1785252910061140445,131,1031,109,3724,4041,337,8648,5848
1785252910132774244,212,897,408,21958,24291,2555,8240,36883
1785252910133867066,212,897,408,21958,24291,2555,8240,36883
1785252910176158542,219,825,229,10891,11698,1111,8240,14358
1785252910219625117,156,869,410,18911,20999,1979,8240,24690
1785252910227238571,156,869,410,18911,20999,1979,8240,24690
1785252910274219110,246,937,229,9490,10223,881,8240,12762
1785252910320433890,124,869,391,19691,21712,1889,8240,25233
1785252910336410168,122,863,128,5209,5610,471,8240,7365
1785252910361419707,122,863,128,5209,5610,471,8240,7365
1785252910420686796,246,930,395,19482,21547,2131,8240,25513
1785252910427562679,246,930,395,19482,21547,2131,8240,25513
1785252910473822409,225,871,203,8911,9599,1051,8240,12180
1785252910525873541,134,887,372,24729,27442,1944,8240,31010
1785252910527276989,134,887,372,24729,27442,1944,8240,31010
1785252910571822710,202,845,184,7319,7834,656,8240,9919
1785252910627891516,131,897,384,18266,20316,1671,8494,32121
1785252910640473204,133,931,201,8582,9273,907,8494,11664
1785252910661040020,133,931,201,8582,9273,907,8494,11664
1785252910719479329,220,880,385,18484,20527,1793,8494,24042
1785252910727670493,220,880,385,18484,20527,1793,8494,24042
1785252910770545816,233,899,160,6301,6768,514,8494,8789
1785252910823396449,118,820,367,22674,25343,1638,8494,28501
1785252910827168702,118,820,367,22674,25343,1638,8494,28501
1785252910869174856,202,829,149,5324,5711,475,8494,7547
1785252910923018803,124,866,362,22250,24809,1730,8494,28134
1785252910943610172,120,806,235,11324,12305,1364,8494,15031
1785252910960847702,120,806,235,11324,12305,1364,8494,15031
1785252911018791739,224,927,376,17981,19889,1697,8494,23378
1785252911027670721,224,927,376,17981,19889,1697,8494,23378
1785252911066253336,224,875,124,2810,3027,311,8494,4740
1785252911127344108,132,872,372,18068,19982,1853,8333,31771
1785252911128191918,132,872,372,18068,19982,1853,8333,31771
1785252911166215618,207,887,112,2453,2647,320,8333,4373
1785252911217782739,140,901,375,17630,19505,1674,8333,22798
1785252911241944305,117,821,287,9288,10145,1328,8333,12961
1785252911261143204,117,821,287,9288,10145,1328,8333,12961
1785252911323365714,225,866,353,22261,24664,1571,8333,27923
1785252911327602857,225,866,353,22261,24664,1571,8333,27923
1785252911366293900,196,820,115,2704,2917,341,8333,4540
1785252911423359912,130,877,349,22819,25204,1622,8333,28376
1785252911449742480,121,877,293,16273,17913,1765,8333,21199
1785252911466182130,116,865,129,2820,3023,320,8333,4615
1785252911522156457,126,863,354,21720,23993,1736,8333,27271
1785252911562004414,114,819,271,19815,21737,1537,8307,32977
1785252911562798957,114,819,271,19815,21737,1537,8307,32977
1785252911619192871,371,1792,512,17597,19284,1592,8307,23877
1785252911627565885,371,1792,512,17597,19284,1592,8307,23877
1785252911667316532,207,879,123,3758,4066,304,8307,5741
1785252911716292385,155,815,332,16704,18371,1765,8307,21626
1785252911750572474,123,863,347,16946,18555,1679,8307,21843
1785252911765864373,119,809,120,2449,2648,304,8307,4172
1785252911815628874,113,817,311,15648,17264,1946,8307,20657
1785252911851530032,120,827,339,17416,19162,1872,8307,22596
1785252911861154163,120,827,339,17416,19162,1872,8307,22596
1785252911915380245,241,869,371,15246,16717,1459,8307,19971
1785252911927783460,241,869,371,15246,16717,1459,8307,19971
1785252911967661703,205,888,114,3740,4053,456,8307,5854
1785252912036381898,174,1208,469,26162,28794,1693,8651,41194
1785252912037332737,174,1208,469,26162,28794,1693,8651,41194
1785252912066991218,244,887,122,3331,3615,268,8651,5279
1785252912113355116,110,850,298,14387,15635,1423,8651,18458
1785252912152717128,133,884,366,18737,20577,1787,8651,24024
1785252912161067634,133,884,366,18737,20577,1787,8651,24024
1785252912214268343,243,901,301,14603,15798,1452,8651,18964
1785252912227693457,243,901,301,14603,15798,1452,8651,18964
1785252912266271009,217,865,100,3024,3256,235,8651,4789
1785252912314263902,182,1678,369,14486,15501,1498,8651,19384
1785252912359459172,139,893,390,23325,26395,2692,8651,30846
1785252912365623278,129,864,97,2352,2543,328,8651,4086
1785252912409712744,124,833,265,11526,12385,1293,8651,15048
1785252912461980481,136,819,380,19055,20917,1865,8933,33286
1785252912463010923,136,819,380,19055,20917,1865,8933,33286
1785252912509624246,237,885,261,10598,11422,998,8933,14353
1785252912527510467,237,885,261,10598,11422,998,8933,14353
1785252912568558951,224,865,134,4949,5322,410,8933,7062
1785252912600679277,110,890,142,3674,3960,612,8933,5815
