run,request_id,planning_cycle_id,structural_class,observed_phases,reasons
1,2,56,MISSING_CONSUMER_OR_SUPERSESSION_WITNESS,export|request,LIFECYCLE_PHASE_INCOMPLETE:activate|LIFECYCLE_PHASE_INCOMPLETE:authorize|LIFECYCLE_PHASE_INCOMPLETE:publish
1,2,,MISSING_PRODUCER_EXPORT_IDENTITY,authorize|publish,BUNDLE_OWNER_MISSING_EXPORT|LIFECYCLE_IDENTITY_MISSING|LIFECYCLE_PHASE_INCOMPLETE:activate|LIFECYCLE_PHASE_INCOMPLETE:export|LIFECYCLE_PHASE_INCOMPLETE:request
1,3,156,MISSING_CONSUMER_OR_SUPERSESSION_WITNESS,export|request,LIFECYCLE_PHASE_INCOMPLETE:activate|LIFECYCLE_PHASE_INCOMPLETE:authorize|LIFECYCLE_PHASE_INCOMPLETE:publish
1,3,,MISSING_PRODUCER_EXPORT_IDENTITY,authorize|publish,BUNDLE_OWNER_MISSING_EXPORT|LIFECYCLE_IDENTITY_MISSING|LIFECYCLE_PHASE_INCOMPLETE:activate|LIFECYCLE_PHASE_INCOMPLETE:export|LIFECYCLE_PHASE_INCOMPLETE:request
1,5,287,MISSING_CONSUMER_OR_SUPERSESSION_WITNESS,export|request,LIFECYCLE_PHASE_INCOMPLETE:activate|LIFECYCLE_PHASE_INCOMPLETE:authorize|LIFECYCLE_PHASE_INCOMPLETE:publish
1,5,,MISSING_PRODUCER_EXPORT_IDENTITY,authorize|publish,BUNDLE_IDENTITY_CONFLICT|BUNDLE_OWNER_MISSING_EXPORT|LIFECYCLE_IDENTITY_MISSING|LIFECYCLE_PHASE_INCOMPLETE:activate|LIFECYCLE_PHASE_INCOMPLETE:export|LIFECYCLE_PHASE_INCOMPLETE:request
1,5,323,MISSING_BUNDLE_IDENTITY,request,BUNDLE_IDENTITY_MISSING|LIFECYCLE_PHASE_INCOMPLETE:activate|LIFECYCLE_PHASE_INCOMPLETE:authorize|LIFECYCLE_PHASE_INCOMPLETE:export|LIFECYCLE_PHASE_INCOMPLETE:publish
1,5,356,MISSING_BUNDLE_IDENTITY,request,BUNDLE_IDENTITY_MISSING|LIFECYCLE_PHASE_INCOMPLETE:activate|LIFECYCLE_PHASE_INCOMPLETE:authorize|LIFECYCLE_PHASE_INCOMPLETE:export|LIFECYCLE_PHASE_INCOMPLETE:publish
1,5,390,MISSING_BUNDLE_IDENTITY,request,BUNDLE_IDENTITY_MISSING|LIFECYCLE_PHASE_INCOMPLETE:activate|LIFECYCLE_PHASE_INCOMPLETE:authorize|LIFECYCLE_PHASE_INCOMPLETE:export|LIFECYCLE_PHASE_INCOMPLETE:publish
1,,,MISSING_PRODUCER_EXPORT_IDENTITY,publish,BUNDLE_IDENTITY_MISSING|BUNDLE_OWNER_MISSING_EXPORT|COMMAND_AUTHORIZATION_LINEAGE_MISSING|COMMAND_IDENTITY_MISSING|LIFECYCLE_IDENTITY_MISSING|LIFECYCLE_PHASE_INCOMPLETE:activate|LIFECYCLE_PHASE_INCOMPLETE:authorize|LIFECYCLE_PHASE_INCOMPLETE:export|LIFECYCLE_PHASE_INCOMPLETE:request
2,2,50,MISSING_CONSUMER_OR_SUPERSESSION_WITNESS,export|request,LIFECYCLE_PHASE_INCOMPLETE:activate|LIFECYCLE_PHASE_INCOMPLETE:authorize|LIFECYCLE_PHASE_INCOMPLETE:publish
2,2,,MISSING_PRODUCER_EXPORT_IDENTITY,authorize|publish,BUNDLE_OWNER_MISSING_EXPORT|LIFECYCLE_IDENTITY_MISSING|LIFECYCLE_PHASE_INCOMPLETE:activate|LIFECYCLE_PHASE_INCOMPLETE:export|LIFECYCLE_PHASE_INCOMPLETE:request
2,4,335,MISSING_CONSUMER_OR_SUPERSESSION_WITNESS,export|request,LIFECYCLE_PHASE_INCOMPLETE:activate|LIFECYCLE_PHASE_INCOMPLETE:authorize|LIFECYCLE_PHASE_INCOMPLETE:publish
2,5,336,MISSING_CONSUMER_OR_SUPERSESSION_WITNESS,export|request,LIFECYCLE_PHASE_INCOMPLETE:activate|LIFECYCLE_PHASE_INCOMPLETE:authorize|LIFECYCLE_PHASE_INCOMPLETE:publish
2,5,,MISSING_PRODUCER_EXPORT_IDENTITY,authorize|publish,BUNDLE_IDENTITY_CONFLICT|BUNDLE_OWNER_MISSING_EXPORT|LIFECYCLE_IDENTITY_MISSING|LIFECYCLE_PHASE_INCOMPLETE:activate|LIFECYCLE_PHASE_INCOMPLETE:export|LIFECYCLE_PHASE_INCOMPLETE:request
2,5,340,MISSING_BUNDLE_IDENTITY,request,BUNDLE_IDENTITY_MISSING|LIFECYCLE_PHASE_INCOMPLETE:activate|LIFECYCLE_PHASE_INCOMPLETE:authorize|LIFECYCLE_PHASE_INCOMPLETE:export|LIFECYCLE_PHASE_INCOMPLETE:publish
2,5,371,MISSING_BUNDLE_IDENTITY,request,BUNDLE_IDENTITY_MISSING|LIFECYCLE_PHASE_INCOMPLETE:activate|LIFECYCLE_PHASE_INCOMPLETE:authorize|LIFECYCLE_PHASE_INCOMPLETE:export|LIFECYCLE_PHASE_INCOMPLETE:publish
2,5,412,MISSING_BUNDLE_IDENTITY,request,BUNDLE_IDENTITY_MISSING|LIFECYCLE_PHASE_INCOMPLETE:activate|LIFECYCLE_PHASE_INCOMPLETE:authorize|LIFECYCLE_PHASE_INCOMPLETE:export|LIFECYCLE_PHASE_INCOMPLETE:publish
2,,,MISSING_PRODUCER_EXPORT_IDENTITY,publish,BUNDLE_IDENTITY_MISSING|BUNDLE_OWNER_MISSING_EXPORT|COMMAND_AUTHORIZATION_LINEAGE_MISSING|COMMAND_IDENTITY_MISSING|LIFECYCLE_IDENTITY_MISSING|LIFECYCLE_PHASE_INCOMPLETE:activate|LIFECYCLE_PHASE_INCOMPLETE:authorize|LIFECYCLE_PHASE_INCOMPLETE:export|LIFECYCLE_PHASE_INCOMPLETE:request
3,5,378,MISSING_CONSUMER_OR_SUPERSESSION_WITNESS,export|request,LIFECYCLE_PHASE_INCOMPLETE:activate|LIFECYCLE_PHASE_INCOMPLETE:authorize|LIFECYCLE_PHASE_INCOMPLETE:publish
3,5,,MISSING_PRODUCER_EXPORT_IDENTITY,authorize|publish,BUNDLE_IDENTITY_CONFLICT|BUNDLE_OWNER_MISSING_EXPORT|LIFECYCLE_IDENTITY_MISSING|LIFECYCLE_PHASE_INCOMPLETE:activate|LIFECYCLE_PHASE_INCOMPLETE:export|LIFECYCLE_PHASE_INCOMPLETE:request
3,5,451,MISSING_BUNDLE_IDENTITY,request,BUNDLE_IDENTITY_MISSING|LIFECYCLE_PHASE_INCOMPLETE:activate|LIFECYCLE_PHASE_INCOMPLETE:authorize|LIFECYCLE_PHASE_INCOMPLETE:export|LIFECYCLE_PHASE_INCOMPLETE:publish
3,5,458,MISSING_BUNDLE_IDENTITY,request,BUNDLE_IDENTITY_MISSING|LIFECYCLE_PHASE_INCOMPLETE:activate|LIFECYCLE_PHASE_INCOMPLETE:authorize|LIFECYCLE_PHASE_INCOMPLETE:export|LIFECYCLE_PHASE_INCOMPLETE:publish
3,5,484,MISSING_BUNDLE_IDENTITY,request,BUNDLE_IDENTITY_MISSING|LIFECYCLE_PHASE_INCOMPLETE:activate|LIFECYCLE_PHASE_INCOMPLETE:authorize|LIFECYCLE_PHASE_INCOMPLETE:export|LIFECYCLE_PHASE_INCOMPLETE:publish
3,5,563,MISSING_BUNDLE_IDENTITY,request,BUNDLE_IDENTITY_MISSING|LIFECYCLE_PHASE_INCOMPLETE:activate|LIFECYCLE_PHASE_INCOMPLETE:authorize|LIFECYCLE_PHASE_INCOMPLETE:export|LIFECYCLE_PHASE_INCOMPLETE:publish
3,5,598,MISSING_BUNDLE_IDENTITY,request,BUNDLE_IDENTITY_MISSING|LIFECYCLE_PHASE_INCOMPLETE:activate|LIFECYCLE_PHASE_INCOMPLETE:authorize|LIFECYCLE_PHASE_INCOMPLETE:export|LIFECYCLE_PHASE_INCOMPLETE:publish
3,5,633,MISSING_BUNDLE_IDENTITY,request,BUNDLE_IDENTITY_MISSING|LIFECYCLE_PHASE_INCOMPLETE:activate|LIFECYCLE_PHASE_INCOMPLETE:authorize|LIFECYCLE_PHASE_INCOMPLETE:export|LIFECYCLE_PHASE_INCOMPLETE:publish
3,5,668,MISSING_BUNDLE_IDENTITY,request,BUNDLE_IDENTITY_MISSING|LIFECYCLE_PHASE_INCOMPLETE:activate|LIFECYCLE_PHASE_INCOMPLETE:authorize|LIFECYCLE_PHASE_INCOMPLETE:export|LIFECYCLE_PHASE_INCOMPLETE:publish
3,5,702,MISSING_BUNDLE_IDENTITY,request,BUNDLE_IDENTITY_MISSING|LIFECYCLE_PHASE_INCOMPLETE:activate|LIFECYCLE_PHASE_INCOMPLETE:authorize|LIFECYCLE_PHASE_INCOMPLETE:export|LIFECYCLE_PHASE_INCOMPLETE:publish
3,5,736,MISSING_BUNDLE_IDENTITY,request,BUNDLE_IDENTITY_MISSING|LIFECYCLE_PHASE_INCOMPLETE:activate|LIFECYCLE_PHASE_INCOMPLETE:authorize|LIFECYCLE_PHASE_INCOMPLETE:export|LIFECYCLE_PHASE_INCOMPLETE:publish
3,5,770,MISSING_BUNDLE_IDENTITY,request,BUNDLE_IDENTITY_MISSING|LIFECYCLE_PHASE_INCOMPLETE:activate|LIFECYCLE_PHASE_INCOMPLETE:authorize|LIFECYCLE_PHASE_INCOMPLETE:export|LIFECYCLE_PHASE_INCOMPLETE:publish
3,5,803,MISSING_BUNDLE_IDENTITY,request,BUNDLE_IDENTITY_MISSING|LIFECYCLE_PHASE_INCOMPLETE:activate|LIFECYCLE_PHASE_INCOMPLETE:authorize|LIFECYCLE_PHASE_INCOMPLETE:export|LIFECYCLE_PHASE_INCOMPLETE:publish
3,5,836,MISSING_BUNDLE_IDENTITY,request,BUNDLE_IDENTITY_MISSING|LIFECYCLE_PHASE_INCOMPLETE:activate|LIFECYCLE_PHASE_INCOMPLETE:authorize|LIFECYCLE_PHASE_INCOMPLETE:export|LIFECYCLE_PHASE_INCOMPLETE:publish
3,5,870,MISSING_BUNDLE_IDENTITY,request,BUNDLE_IDENTITY_MISSING|LIFECYCLE_PHASE_INCOMPLETE:activate|LIFECYCLE_PHASE_INCOMPLETE:authorize|LIFECYCLE_PHASE_INCOMPLETE:export|LIFECYCLE_PHASE_INCOMPLETE:publish
3,5,871,MISSING_BUNDLE_IDENTITY,request,BUNDLE_IDENTITY_MISSING|LIFECYCLE_PHASE_INCOMPLETE:activate|LIFECYCLE_PHASE_INCOMPLETE:authorize|LIFECYCLE_PHASE_INCOMPLETE:export|LIFECYCLE_PHASE_INCOMPLETE:publish
3,5,872,MISSING_BUNDLE_IDENTITY,request,BUNDLE_IDENTITY_MISSING|LIFECYCLE_PHASE_INCOMPLETE:activate|LIFECYCLE_PHASE_INCOMPLETE:authorize|LIFECYCLE_PHASE_INCOMPLETE:export|LIFECYCLE_PHASE_INCOMPLETE:publish
3,5,873,MISSING_BUNDLE_IDENTITY,request,BUNDLE_IDENTITY_MISSING|LIFECYCLE_PHASE_INCOMPLETE:activate|LIFECYCLE_PHASE_INCOMPLETE:authorize|LIFECYCLE_PHASE_INCOMPLETE:export|LIFECYCLE_PHASE_INCOMPLETE:publish
3,5,874,MISSING_BUNDLE_IDENTITY,request,BUNDLE_IDENTITY_MISSING|LIFECYCLE_PHASE_INCOMPLETE:activate|LIFECYCLE_PHASE_INCOMPLETE:authorize|LIFECYCLE_PHASE_INCOMPLETE:export|LIFECYCLE_PHASE_INCOMPLETE:publish
3,5,875,MISSING_BUNDLE_IDENTITY,request,BUNDLE_IDENTITY_MISSING|LIFECYCLE_PHASE_INCOMPLETE:activate|LIFECYCLE_PHASE_INCOMPLETE:authorize|LIFECYCLE_PHASE_INCOMPLETE:export|LIFECYCLE_PHASE_INCOMPLETE:publish
3,5,876,MISSING_BUNDLE_IDENTITY,request,BUNDLE_IDENTITY_MISSING|LIFECYCLE_PHASE_INCOMPLETE:activate|LIFECYCLE_PHASE_INCOMPLETE:authorize|LIFECYCLE_PHASE_INCOMPLETE:export|LIFECYCLE_PHASE_INCOMPLETE:publish
3,5,877,MISSING_BUNDLE_IDENTITY,request,BUNDLE_IDENTITY_MISSING|LIFECYCLE_PHASE_INCOMPLETE:activate|LIFECYCLE_PHASE_INCOMPLETE:authorize|LIFECYCLE_PHASE_INCOMPLETE:export|LIFECYCLE_PHASE_INCOMPLETE:publish
3,,,MISSING_PRODUCER_EXPORT_IDENTITY,publish,BUNDLE_IDENTITY_MISSING|BUNDLE_OWNER_MISSING_EXPORT|COMMAND_AUTHORIZATION_LINEAGE_MISSING|COMMAND_IDENTITY_MISSING|LIFECYCLE_IDENTITY_MISSING|LIFECYCLE_PHASE_INCOMPLETE:activate|LIFECYCLE_PHASE_INCOMPLETE:authorize|LIFECYCLE_PHASE_INCOMPLETE:export|LIFECYCLE_PHASE_INCOMPLETE:request
4,2,107,MISSING_BUNDLE_IDENTITY,request,BUNDLE_IDENTITY_MISSING|LIFECYCLE_PHASE_INCOMPLETE:activate|LIFECYCLE_PHASE_INCOMPLETE:authorize|LIFECYCLE_PHASE_INCOMPLETE:export|LIFECYCLE_PHASE_INCOMPLETE:publish
4,2,145,MISSING_BUNDLE_IDENTITY,request,BUNDLE_IDENTITY_MISSING|LIFECYCLE_PHASE_INCOMPLETE:activate|LIFECYCLE_PHASE_INCOMPLETE:authorize|LIFECYCLE_PHASE_INCOMPLETE:export|LIFECYCLE_PHASE_INCOMPLETE:publish
4,2,146,MISSING_BUNDLE_IDENTITY,request,BUNDLE_IDENTITY_MISSING|LIFECYCLE_PHASE_INCOMPLETE:activate|LIFECYCLE_PHASE_INCOMPLETE:authorize|LIFECYCLE_PHASE_INCOMPLETE:export|LIFECYCLE_PHASE_INCOMPLETE:publish
4,2,147,MISSING_CONSUMER_OR_SUPERSESSION_WITNESS,export|request,LIFECYCLE_PHASE_INCOMPLETE:activate|LIFECYCLE_PHASE_INCOMPLETE:authorize|LIFECYCLE_PHASE_INCOMPLETE:publish
4,3,148,MISSING_BUNDLE_IDENTITY,request,BUNDLE_IDENTITY_MISSING|LIFECYCLE_PHASE_INCOMPLETE:activate|LIFECYCLE_PHASE_INCOMPLETE:authorize|LIFECYCLE_PHASE_INCOMPLETE:export|LIFECYCLE_PHASE_INCOMPLETE:publish
4,5,347,MISSING_CONSUMER_OR_SUPERSESSION_WITNESS,export|request,LIFECYCLE_PHASE_INCOMPLETE:activate|LIFECYCLE_PHASE_INCOMPLETE:authorize|LIFECYCLE_PHASE_INCOMPLETE:publish
4,5,,MISSING_PRODUCER_EXPORT_IDENTITY,authorize|publish,BUNDLE_IDENTITY_CONFLICT|BUNDLE_OWNER_MISSING_EXPORT|LIFECYCLE_IDENTITY_MISSING|LIFECYCLE_PHASE_INCOMPLETE:activate|LIFECYCLE_PHASE_INCOMPLETE:export|LIFECYCLE_PHASE_INCOMPLETE:request
4,5,405,MISSING_BUNDLE_IDENTITY,request,BUNDLE_IDENTITY_MISSING|LIFECYCLE_PHASE_INCOMPLETE:activate|LIFECYCLE_PHASE_INCOMPLETE:authorize|LIFECYCLE_PHASE_INCOMPLETE:export|LIFECYCLE_PHASE_INCOMPLETE:publish
4,5,440,MISSING_BUNDLE_IDENTITY,request,BUNDLE_IDENTITY_MISSING|LIFECYCLE_PHASE_INCOMPLETE:activate|LIFECYCLE_PHASE_INCOMPLETE:authorize|LIFECYCLE_PHASE_INCOMPLETE:export|LIFECYCLE_PHASE_INCOMPLETE:publish
4,5,447,MISSING_BUNDLE_IDENTITY,request,BUNDLE_IDENTITY_MISSING|LIFECYCLE_PHASE_INCOMPLETE:activate|LIFECYCLE_PHASE_INCOMPLETE:authorize|LIFECYCLE_PHASE_INCOMPLETE:export|LIFECYCLE_PHASE_INCOMPLETE:publish
4,5,474,MISSING_BUNDLE_IDENTITY,request,BUNDLE_IDENTITY_MISSING|LIFECYCLE_PHASE_INCOMPLETE:activate|LIFECYCLE_PHASE_INCOMPLETE:authorize|LIFECYCLE_PHASE_INCOMPLETE:export|LIFECYCLE_PHASE_INCOMPLETE:publish
4,5,514,MISSING_BUNDLE_IDENTITY,request,BUNDLE_IDENTITY_MISSING|LIFECYCLE_PHASE_INCOMPLETE:activate|LIFECYCLE_PHASE_INCOMPLETE:authorize|LIFECYCLE_PHASE_INCOMPLETE:export|LIFECYCLE_PHASE_INCOMPLETE:publish
4,5,541,MISSING_BUNDLE_IDENTITY,request,BUNDLE_IDENTITY_MISSING|LIFECYCLE_PHASE_INCOMPLETE:activate|LIFECYCLE_PHASE_INCOMPLETE:authorize|LIFECYCLE_PHASE_INCOMPLETE:export|LIFECYCLE_PHASE_INCOMPLETE:publish
4,5,542,MISSING_BUNDLE_IDENTITY,request,BUNDLE_IDENTITY_MISSING|LIFECYCLE_PHASE_INCOMPLETE:activate|LIFECYCLE_PHASE_INCOMPLETE:authorize|LIFECYCLE_PHASE_INCOMPLETE:export|LIFECYCLE_PHASE_INCOMPLETE:publish
4,5,543,MISSING_BUNDLE_IDENTITY,request,BUNDLE_IDENTITY_MISSING|LIFECYCLE_PHASE_INCOMPLETE:activate|LIFECYCLE_PHASE_INCOMPLETE:authorize|LIFECYCLE_PHASE_INCOMPLETE:export|LIFECYCLE_PHASE_INCOMPLETE:publish
4,5,544,MISSING_BUNDLE_IDENTITY,request,BUNDLE_IDENTITY_MISSING|LIFECYCLE_PHASE_INCOMPLETE:activate|LIFECYCLE_PHASE_INCOMPLETE:authorize|LIFECYCLE_PHASE_INCOMPLETE:export|LIFECYCLE_PHASE_INCOMPLETE:publish
4,5,545,MISSING_BUNDLE_IDENTITY,request,BUNDLE_IDENTITY_MISSING|LIFECYCLE_PHASE_INCOMPLETE:activate|LIFECYCLE_PHASE_INCOMPLETE:authorize|LIFECYCLE_PHASE_INCOMPLETE:export|LIFECYCLE_PHASE_INCOMPLETE:publish
4,5,547,MISSING_BUNDLE_IDENTITY,request,BUNDLE_IDENTITY_MISSING|LIFECYCLE_PHASE_INCOMPLETE:activate|LIFECYCLE_PHASE_INCOMPLETE:authorize|LIFECYCLE_PHASE_INCOMPLETE:export|LIFECYCLE_PHASE_INCOMPLETE:publish
4,,,MISSING_PRODUCER_EXPORT_IDENTITY,publish,BUNDLE_IDENTITY_MISSING|BUNDLE_OWNER_MISSING_EXPORT|COMMAND_AUTHORIZATION_LINEAGE_MISSING|COMMAND_IDENTITY_MISSING|LIFECYCLE_IDENTITY_MISSING|LIFECYCLE_PHASE_INCOMPLETE:activate|LIFECYCLE_PHASE_INCOMPLETE:authorize|LIFECYCLE_PHASE_INCOMPLETE:export|LIFECYCLE_PHASE_INCOMPLETE:request
5,2,49,MISSING_CONSUMER_OR_SUPERSESSION_WITNESS,export|request,LIFECYCLE_PHASE_INCOMPLETE:activate|LIFECYCLE_PHASE_INCOMPLETE:authorize|LIFECYCLE_PHASE_INCOMPLETE:publish
5,2,,MISSING_PRODUCER_EXPORT_IDENTITY,authorize|publish,BUNDLE_OWNER_MISSING_EXPORT|LIFECYCLE_IDENTITY_MISSING|LIFECYCLE_PHASE_INCOMPLETE:activate|LIFECYCLE_PHASE_INCOMPLETE:export|LIFECYCLE_PHASE_INCOMPLETE:request
5,5,338,MISSING_CONSUMER_OR_SUPERSESSION_WITNESS,export|request,LIFECYCLE_PHASE_INCOMPLETE:activate|LIFECYCLE_PHASE_INCOMPLETE:authorize|LIFECYCLE_PHASE_INCOMPLETE:publish
5,5,,MISSING_PRODUCER_EXPORT_IDENTITY,authorize|publish,BUNDLE_IDENTITY_CONFLICT|BUNDLE_OWNER_MISSING_EXPORT|LIFECYCLE_IDENTITY_MISSING|LIFECYCLE_PHASE_INCOMPLETE:activate|LIFECYCLE_PHASE_INCOMPLETE:export|LIFECYCLE_PHASE_INCOMPLETE:request
5,,,MISSING_PRODUCER_EXPORT_IDENTITY,publish,BUNDLE_IDENTITY_MISSING|BUNDLE_OWNER_MISSING_EXPORT|COMMAND_AUTHORIZATION_LINEAGE_MISSING|COMMAND_IDENTITY_MISSING|LIFECYCLE_IDENTITY_MISSING|LIFECYCLE_PHASE_INCOMPLETE:activate|LIFECYCLE_PHASE_INCOMPLETE:authorize|LIFECYCLE_PHASE_INCOMPLETE:export|LIFECYCLE_PHASE_INCOMPLETE:request
6,2,149,MISSING_BUNDLE_IDENTITY,request,BUNDLE_IDENTITY_MISSING|LIFECYCLE_PHASE_INCOMPLETE:activate|LIFECYCLE_PHASE_INCOMPLETE:authorize|LIFECYCLE_PHASE_INCOMPLETE:export|LIFECYCLE_PHASE_INCOMPLETE:publish
6,2,150,MISSING_BUNDLE_IDENTITY,request,BUNDLE_IDENTITY_MISSING|LIFECYCLE_PHASE_INCOMPLETE:activate|LIFECYCLE_PHASE_INCOMPLETE:authorize|LIFECYCLE_PHASE_INCOMPLETE:export|LIFECYCLE_PHASE_INCOMPLETE:publish
6,2,151,MISSING_BUNDLE_IDENTITY,request,BUNDLE_IDENTITY_MISSING|LIFECYCLE_PHASE_INCOMPLETE:activate|LIFECYCLE_PHASE_INCOMPLETE:authorize|LIFECYCLE_PHASE_INCOMPLETE:export|LIFECYCLE_PHASE_INCOMPLETE:publish
6,4,283,MISSING_CONSUMER_OR_SUPERSESSION_WITNESS,export|request,LIFECYCLE_PHASE_INCOMPLETE:activate|LIFECYCLE_PHASE_INCOMPLETE:authorize|LIFECYCLE_PHASE_INCOMPLETE:publish
6,4,,MISSING_PRODUCER_EXPORT_IDENTITY,authorize|publish,BUNDLE_OWNER_MISSING_EXPORT|LIFECYCLE_IDENTITY_MISSING|LIFECYCLE_PHASE_INCOMPLETE:activate|LIFECYCLE_PHASE_INCOMPLETE:export|LIFECYCLE_PHASE_INCOMPLETE:request
6,5,435,MISSING_CONSUMER_OR_SUPERSESSION_WITNESS,export|request,LIFECYCLE_PHASE_INCOMPLETE:activate|LIFECYCLE_PHASE_INCOMPLETE:authorize|LIFECYCLE_PHASE_INCOMPLETE:publish
6,5,,MISSING_PRODUCER_EXPORT_IDENTITY,authorize|publish,BUNDLE_OWNER_MISSING_EXPORT|LIFECYCLE_IDENTITY_MISSING|LIFECYCLE_PHASE_INCOMPLETE:activate|LIFECYCLE_PHASE_INCOMPLETE:export|LIFECYCLE_PHASE_INCOMPLETE:request
6,5,574,MISSING_BUNDLE_IDENTITY,request,BUNDLE_IDENTITY_MISSING|LIFECYCLE_PHASE_INCOMPLETE:activate|LIFECYCLE_PHASE_INCOMPLETE:authorize|LIFECYCLE_PHASE_INCOMPLETE:export|LIFECYCLE_PHASE_INCOMPLETE:publish
6,5,575,MISSING_BUNDLE_IDENTITY,request,BUNDLE_IDENTITY_MISSING|LIFECYCLE_PHASE_INCOMPLETE:activate|LIFECYCLE_PHASE_INCOMPLETE:authorize|LIFECYCLE_PHASE_INCOMPLETE:export|LIFECYCLE_PHASE_INCOMPLETE:publish
6,5,576,MISSING_BUNDLE_IDENTITY,request,BUNDLE_IDENTITY_MISSING|LIFECYCLE_PHASE_INCOMPLETE:activate|LIFECYCLE_PHASE_INCOMPLETE:authorize|LIFECYCLE_PHASE_INCOMPLETE:export|LIFECYCLE_PHASE_INCOMPLETE:publish
6,5,577,MISSING_BUNDLE_IDENTITY,request,BUNDLE_IDENTITY_MISSING|LIFECYCLE_PHASE_INCOMPLETE:activate|LIFECYCLE_PHASE_INCOMPLETE:authorize|LIFECYCLE_PHASE_INCOMPLETE:export|LIFECYCLE_PHASE_INCOMPLETE:publish
6,5,578,MISSING_BUNDLE_IDENTITY,request,BUNDLE_IDENTITY_MISSING|LIFECYCLE_PHASE_INCOMPLETE:activate|LIFECYCLE_PHASE_INCOMPLETE:authorize|LIFECYCLE_PHASE_INCOMPLETE:export|LIFECYCLE_PHASE_INCOMPLETE:publish
6,5,579,MISSING_BUNDLE_IDENTITY,request,BUNDLE_IDENTITY_MISSING|LIFECYCLE_PHASE_INCOMPLETE:activate|LIFECYCLE_PHASE_INCOMPLETE:authorize|LIFECYCLE_PHASE_INCOMPLETE:export|LIFECYCLE_PHASE_INCOMPLETE:publish
6,5,580,MISSING_BUNDLE_IDENTITY,request,BUNDLE_IDENTITY_MISSING|LIFECYCLE_PHASE_INCOMPLETE:activate|LIFECYCLE_PHASE_INCOMPLETE:authorize|LIFECYCLE_PHASE_INCOMPLETE:export|LIFECYCLE_PHASE_INCOMPLETE:publish
6,5,598,MISSING_BUNDLE_IDENTITY,request,BUNDLE_IDENTITY_MISSING|LIFECYCLE_PHASE_INCOMPLETE:activate|LIFECYCLE_PHASE_INCOMPLETE:authorize|LIFECYCLE_PHASE_INCOMPLETE:export|LIFECYCLE_PHASE_INCOMPLETE:publish
6,,,MISSING_PRODUCER_EXPORT_IDENTITY,publish,BUNDLE_IDENTITY_MISSING|BUNDLE_OWNER_MISSING_EXPORT|COMMAND_AUTHORIZATION_LINEAGE_MISSING|COMMAND_IDENTITY_MISSING|LIFECYCLE_IDENTITY_MISSING|LIFECYCLE_PHASE_INCOMPLETE:activate|LIFECYCLE_PHASE_INCOMPLETE:authorize|LIFECYCLE_PHASE_INCOMPLETE:export|LIFECYCLE_PHASE_INCOMPLETE:request
7,1,4,MISSING_CONSUMER_OR_SUPERSESSION_WITNESS,authorize|export|publish|request,LIFECYCLE_PHASE_INCOMPLETE:activate
7,2,,MISSING_PRODUCER_EXPORT_IDENTITY,authorize|publish,BUNDLE_OWNER_MISSING_EXPORT|LIFECYCLE_IDENTITY_MISSING|LIFECYCLE_PHASE_INCOMPLETE:activate|LIFECYCLE_PHASE_INCOMPLETE:export|LIFECYCLE_PHASE_INCOMPLETE:request
7,5,367,MISSING_CONSUMER_OR_SUPERSESSION_WITNESS,export|request,LIFECYCLE_PHASE_INCOMPLETE:activate|LIFECYCLE_PHASE_INCOMPLETE:authorize|LIFECYCLE_PHASE_INCOMPLETE:publish
7,5,,MISSING_PRODUCER_EXPORT_IDENTITY,authorize|publish,BUNDLE_IDENTITY_CONFLICT|BUNDLE_OWNER_MISSING_EXPORT|LIFECYCLE_IDENTITY_MISSING|LIFECYCLE_PHASE_INCOMPLETE:activate|LIFECYCLE_PHASE_INCOMPLETE:export|LIFECYCLE_PHASE_INCOMPLETE:request
7,5,488,MISSING_BUNDLE_IDENTITY,request,BUNDLE_IDENTITY_MISSING|LIFECYCLE_PHASE_INCOMPLETE:activate|LIFECYCLE_PHASE_INCOMPLETE:authorize|LIFECYCLE_PHASE_INCOMPLETE:export|LIFECYCLE_PHASE_INCOMPLETE:publish
7,5,520,MISSING_BUNDLE_IDENTITY,request,BUNDLE_IDENTITY_MISSING|LIFECYCLE_PHASE_INCOMPLETE:activate|LIFECYCLE_PHASE_INCOMPLETE:authorize|LIFECYCLE_PHASE_INCOMPLETE:export|LIFECYCLE_PHASE_INCOMPLETE:publish
7,5,521,MISSING_BUNDLE_IDENTITY,request,BUNDLE_IDENTITY_MISSING|LIFECYCLE_PHASE_INCOMPLETE:activate|LIFECYCLE_PHASE_INCOMPLETE:authorize|LIFECYCLE_PHASE_INCOMPLETE:export|LIFECYCLE_PHASE_INCOMPLETE:publish
7,5,522,MISSING_BUNDLE_IDENTITY,request,BUNDLE_IDENTITY_MISSING|LIFECYCLE_PHASE_INCOMPLETE:activate|LIFECYCLE_PHASE_INCOMPLETE:authorize|LIFECYCLE_PHASE_INCOMPLETE:export|LIFECYCLE_PHASE_INCOMPLETE:publish
7,5,523,MISSING_BUNDLE_IDENTITY,request,BUNDLE_IDENTITY_MISSING|LIFECYCLE_PHASE_INCOMPLETE:activate|LIFECYCLE_PHASE_INCOMPLETE:authorize|LIFECYCLE_PHASE_INCOMPLETE:export|LIFECYCLE_PHASE_INCOMPLETE:publish
7,5,524,MISSING_BUNDLE_IDENTITY,request,BUNDLE_IDENTITY_MISSING|LIFECYCLE_PHASE_INCOMPLETE:activate|LIFECYCLE_PHASE_INCOMPLETE:authorize|LIFECYCLE_PHASE_INCOMPLETE:export|LIFECYCLE_PHASE_INCOMPLETE:publish
7,5,525,MISSING_BUNDLE_IDENTITY,request,BUNDLE_IDENTITY_MISSING|LIFECYCLE_PHASE_INCOMPLETE:activate|LIFECYCLE_PHASE_INCOMPLETE:authorize|LIFECYCLE_PHASE_INCOMPLETE:export|LIFECYCLE_PHASE_INCOMPLETE:publish
7,5,526,MISSING_BUNDLE_IDENTITY,request,BUNDLE_IDENTITY_MISSING|LIFECYCLE_PHASE_INCOMPLETE:activate|LIFECYCLE_PHASE_INCOMPLETE:authorize|LIFECYCLE_PHASE_INCOMPLETE:export|LIFECYCLE_PHASE_INCOMPLETE:publish
7,,,MISSING_PRODUCER_EXPORT_IDENTITY,publish,BUNDLE_IDENTITY_MISSING|BUNDLE_OWNER_MISSING_EXPORT|COMMAND_AUTHORIZATION_LINEAGE_MISSING|COMMAND_IDENTITY_MISSING|LIFECYCLE_IDENTITY_MISSING|LIFECYCLE_PHASE_INCOMPLETE:activate|LIFECYCLE_PHASE_INCOMPLETE:authorize|LIFECYCLE_PHASE_INCOMPLETE:export|LIFECYCLE_PHASE_INCOMPLETE:request
8,4,229,MISSING_CONSUMER_OR_SUPERSESSION_WITNESS,export|request,LIFECYCLE_PHASE_INCOMPLETE:activate|LIFECYCLE_PHASE_INCOMPLETE:authorize|LIFECYCLE_PHASE_INCOMPLETE:publish
8,4,,MISSING_PRODUCER_EXPORT_IDENTITY,authorize|publish,BUNDLE_OWNER_MISSING_EXPORT|LIFECYCLE_IDENTITY_MISSING|LIFECYCLE_PHASE_INCOMPLETE:activate|LIFECYCLE_PHASE_INCOMPLETE:export|LIFECYCLE_PHASE_INCOMPLETE:request
8,5,358,MISSING_CONSUMER_OR_SUPERSESSION_WITNESS,export|request,LIFECYCLE_PHASE_INCOMPLETE:activate|LIFECYCLE_PHASE_INCOMPLETE:authorize|LIFECYCLE_PHASE_INCOMPLETE:publish
8,5,,MISSING_PRODUCER_EXPORT_IDENTITY,authorize|publish,BUNDLE_OWNER_MISSING_EXPORT|LIFECYCLE_IDENTITY_MISSING|LIFECYCLE_PHASE_INCOMPLETE:activate|LIFECYCLE_PHASE_INCOMPLETE:export|LIFECYCLE_PHASE_INCOMPLETE:request
8,5,451,MISSING_BUNDLE_IDENTITY,request,BUNDLE_IDENTITY_MISSING|LIFECYCLE_PHASE_INCOMPLETE:activate|LIFECYCLE_PHASE_INCOMPLETE:authorize|LIFECYCLE_PHASE_INCOMPLETE:export|LIFECYCLE_PHASE_INCOMPLETE:publish
8,5,452,MISSING_BUNDLE_IDENTITY,request,BUNDLE_IDENTITY_MISSING|LIFECYCLE_PHASE_INCOMPLETE:activate|LIFECYCLE_PHASE_INCOMPLETE:authorize|LIFECYCLE_PHASE_INCOMPLETE:export|LIFECYCLE_PHASE_INCOMPLETE:publish
8,5,453,MISSING_BUNDLE_IDENTITY,request,BUNDLE_IDENTITY_MISSING|LIFECYCLE_PHASE_INCOMPLETE:activate|LIFECYCLE_PHASE_INCOMPLETE:authorize|LIFECYCLE_PHASE_INCOMPLETE:export|LIFECYCLE_PHASE_INCOMPLETE:publish
8,5,454,MISSING_BUNDLE_IDENTITY,request,BUNDLE_IDENTITY_MISSING|LIFECYCLE_PHASE_INCOMPLETE:activate|LIFECYCLE_PHASE_INCOMPLETE:authorize|LIFECYCLE_PHASE_INCOMPLETE:export|LIFECYCLE_PHASE_INCOMPLETE:publish
8,5,455,MISSING_BUNDLE_IDENTITY,request,BUNDLE_IDENTITY_MISSING|LIFECYCLE_PHASE_INCOMPLETE:activate|LIFECYCLE_PHASE_INCOMPLETE:authorize|LIFECYCLE_PHASE_INCOMPLETE:export|LIFECYCLE_PHASE_INCOMPLETE:publish
8,5,456,MISSING_BUNDLE_IDENTITY,request,BUNDLE_IDENTITY_MISSING|LIFECYCLE_PHASE_INCOMPLETE:activate|LIFECYCLE_PHASE_INCOMPLETE:authorize|LIFECYCLE_PHASE_INCOMPLETE:export|LIFECYCLE_PHASE_INCOMPLETE:publish
8,5,457,MISSING_BUNDLE_IDENTITY,request,BUNDLE_IDENTITY_MISSING|LIFECYCLE_PHASE_INCOMPLETE:activate|LIFECYCLE_PHASE_INCOMPLETE:authorize|LIFECYCLE_PHASE_INCOMPLETE:export|LIFECYCLE_PHASE_INCOMPLETE:publish
8,5,471,MISSING_BUNDLE_IDENTITY,request,BUNDLE_IDENTITY_MISSING|LIFECYCLE_PHASE_INCOMPLETE:activate|LIFECYCLE_PHASE_INCOMPLETE:authorize|LIFECYCLE_PHASE_INCOMPLETE:export|LIFECYCLE_PHASE_INCOMPLETE:publish
8,,,MISSING_PRODUCER_EXPORT_IDENTITY,publish,BUNDLE_IDENTITY_MISSING|BUNDLE_OWNER_MISSING_EXPORT|COMMAND_AUTHORIZATION_LINEAGE_MISSING|COMMAND_IDENTITY_MISSING|LIFECYCLE_IDENTITY_MISSING|LIFECYCLE_PHASE_INCOMPLETE:activate|LIFECYCLE_PHASE_INCOMPLETE:authorize|LIFECYCLE_PHASE_INCOMPLETE:export|LIFECYCLE_PHASE_INCOMPLETE:request
9,2,54,MISSING_CONSUMER_OR_SUPERSESSION_WITNESS,export|request,LIFECYCLE_PHASE_INCOMPLETE:activate|LIFECYCLE_PHASE_INCOMPLETE:authorize|LIFECYCLE_PHASE_INCOMPLETE:publish
9,2,,MISSING_PRODUCER_EXPORT_IDENTITY,authorize|publish,BUNDLE_OWNER_MISSING_EXPORT|LIFECYCLE_IDENTITY_MISSING|LIFECYCLE_PHASE_INCOMPLETE:activate|LIFECYCLE_PHASE_INCOMPLETE:export|LIFECYCLE_PHASE_INCOMPLETE:request
9,3,166,MISSING_CONSUMER_OR_SUPERSESSION_WITNESS,export|request,LIFECYCLE_PHASE_INCOMPLETE:activate|LIFECYCLE_PHASE_INCOMPLETE:authorize|LIFECYCLE_PHASE_INCOMPLETE:publish
9,3,,MISSING_PRODUCER_EXPORT_IDENTITY,authorize|publish,BUNDLE_OWNER_MISSING_EXPORT|LIFECYCLE_IDENTITY_MISSING|LIFECYCLE_PHASE_INCOMPLETE:activate|LIFECYCLE_PHASE_INCOMPLETE:export|LIFECYCLE_PHASE_INCOMPLETE:request
9,3,279,MISSING_CONSUMER_OR_SUPERSESSION_WITNESS,export|request,LIFECYCLE_PHASE_INCOMPLETE:activate|LIFECYCLE_PHASE_INCOMPLETE:authorize|LIFECYCLE_PHASE_INCOMPLETE:publish
9,4,372,MISSING_BUNDLE_IDENTITY,request,BUNDLE_IDENTITY_MISSING|LIFECYCLE_PHASE_INCOMPLETE:activate|LIFECYCLE_PHASE_INCOMPLETE:authorize|LIFECYCLE_PHASE_INCOMPLETE:export|LIFECYCLE_PHASE_INCOMPLETE:publish
9,4,373,MISSING_BUNDLE_IDENTITY,request,BUNDLE_IDENTITY_MISSING|LIFECYCLE_PHASE_INCOMPLETE:activate|LIFECYCLE_PHASE_INCOMPLETE:authorize|LIFECYCLE_PHASE_INCOMPLETE:export|LIFECYCLE_PHASE_INCOMPLETE:publish
9,4,374,MISSING_BUNDLE_IDENTITY,request,BUNDLE_IDENTITY_MISSING|LIFECYCLE_PHASE_INCOMPLETE:activate|LIFECYCLE_PHASE_INCOMPLETE:authorize|LIFECYCLE_PHASE_INCOMPLETE:export|LIFECYCLE_PHASE_INCOMPLETE:publish
9,5,400,MISSING_CONSUMER_OR_SUPERSESSION_WITNESS,export|request,LIFECYCLE_PHASE_INCOMPLETE:activate|LIFECYCLE_PHASE_INCOMPLETE:authorize|LIFECYCLE_PHASE_INCOMPLETE:publish
9,5,,MISSING_PRODUCER_EXPORT_IDENTITY,authorize|publish,BUNDLE_OWNER_MISSING_EXPORT|LIFECYCLE_IDENTITY_MISSING|LIFECYCLE_PHASE_INCOMPLETE:activate|LIFECYCLE_PHASE_INCOMPLETE:export|LIFECYCLE_PHASE_INCOMPLETE:request
9,5,517,MISSING_BUNDLE_IDENTITY,request,BUNDLE_IDENTITY_MISSING|LIFECYCLE_PHASE_INCOMPLETE:activate|LIFECYCLE_PHASE_INCOMPLETE:authorize|LIFECYCLE_PHASE_INCOMPLETE:export|LIFECYCLE_PHASE_INCOMPLETE:publish
9,5,518,MISSING_BUNDLE_IDENTITY,request,BUNDLE_IDENTITY_MISSING|LIFECYCLE_PHASE_INCOMPLETE:activate|LIFECYCLE_PHASE_INCOMPLETE:authorize|LIFECYCLE_PHASE_INCOMPLETE:export|LIFECYCLE_PHASE_INCOMPLETE:publish
9,5,521,MISSING_BUNDLE_IDENTITY,request,BUNDLE_IDENTITY_MISSING|LIFECYCLE_PHASE_INCOMPLETE:activate|LIFECYCLE_PHASE_INCOMPLETE:authorize|LIFECYCLE_PHASE_INCOMPLETE:export|LIFECYCLE_PHASE_INCOMPLETE:publish
9,5,522,MISSING_BUNDLE_IDENTITY,request,BUNDLE_IDENTITY_MISSING|LIFECYCLE_PHASE_INCOMPLETE:activate|LIFECYCLE_PHASE_INCOMPLETE:authorize|LIFECYCLE_PHASE_INCOMPLETE:export|LIFECYCLE_PHASE_INCOMPLETE:publish
9,5,523,MISSING_BUNDLE_IDENTITY,request,BUNDLE_IDENTITY_MISSING|LIFECYCLE_PHASE_INCOMPLETE:activate|LIFECYCLE_PHASE_INCOMPLETE:authorize|LIFECYCLE_PHASE_INCOMPLETE:export|LIFECYCLE_PHASE_INCOMPLETE:publish
9,5,524,MISSING_BUNDLE_IDENTITY,request,BUNDLE_IDENTITY_MISSING|LIFECYCLE_PHASE_INCOMPLETE:activate|LIFECYCLE_PHASE_INCOMPLETE:authorize|LIFECYCLE_PHASE_INCOMPLETE:export|LIFECYCLE_PHASE_INCOMPLETE:publish
9,5,537,MISSING_BUNDLE_IDENTITY,request,BUNDLE_IDENTITY_MISSING|LIFECYCLE_PHASE_INCOMPLETE:activate|LIFECYCLE_PHASE_INCOMPLETE:authorize|LIFECYCLE_PHASE_INCOMPLETE:export|LIFECYCLE_PHASE_INCOMPLETE:publish
9,,,MISSING_PRODUCER_EXPORT_IDENTITY,publish,BUNDLE_IDENTITY_MISSING|BUNDLE_OWNER_MISSING_EXPORT|COMMAND_AUTHORIZATION_LINEAGE_MISSING|COMMAND_IDENTITY_MISSING|LIFECYCLE_IDENTITY_MISSING|LIFECYCLE_PHASE_INCOMPLETE:activate|LIFECYCLE_PHASE_INCOMPLETE:authorize|LIFECYCLE_PHASE_INCOMPLETE:export|LIFECYCLE_PHASE_INCOMPLETE:request
10,3,143,MISSING_CONSUMER_OR_SUPERSESSION_WITNESS,export|request,LIFECYCLE_PHASE_INCOMPLETE:activate|LIFECYCLE_PHASE_INCOMPLETE:authorize|LIFECYCLE_PHASE_INCOMPLETE:publish
10,3,,MISSING_PRODUCER_EXPORT_IDENTITY,authorize|publish,BUNDLE_OWNER_MISSING_EXPORT|LIFECYCLE_IDENTITY_MISSING|LIFECYCLE_PHASE_INCOMPLETE:activate|LIFECYCLE_PHASE_INCOMPLETE:export|LIFECYCLE_PHASE_INCOMPLETE:request
10,4,233,MISSING_CONSUMER_OR_SUPERSESSION_WITNESS,export|request,LIFECYCLE_PHASE_INCOMPLETE:activate|LIFECYCLE_PHASE_INCOMPLETE:authorize|LIFECYCLE_PHASE_INCOMPLETE:publish
10,4,,MISSING_PRODUCER_EXPORT_IDENTITY,authorize|publish,BUNDLE_OWNER_MISSING_EXPORT|LIFECYCLE_IDENTITY_MISSING|LIFECYCLE_PHASE_INCOMPLETE:activate|LIFECYCLE_PHASE_INCOMPLETE:export|LIFECYCLE_PHASE_INCOMPLETE:request
10,5,486,MISSING_BUNDLE_IDENTITY,request,BUNDLE_IDENTITY_MISSING|LIFECYCLE_PHASE_INCOMPLETE:activate|LIFECYCLE_PHASE_INCOMPLETE:authorize|LIFECYCLE_PHASE_INCOMPLETE:export|LIFECYCLE_PHASE_INCOMPLETE:publish
10,5,487,MISSING_BUNDLE_IDENTITY,request,BUNDLE_IDENTITY_MISSING|LIFECYCLE_PHASE_INCOMPLETE:activate|LIFECYCLE_PHASE_INCOMPLETE:authorize|LIFECYCLE_PHASE_INCOMPLETE:export|LIFECYCLE_PHASE_INCOMPLETE:publish
10,5,488,MISSING_BUNDLE_IDENTITY,request,BUNDLE_IDENTITY_MISSING|LIFECYCLE_PHASE_INCOMPLETE:activate|LIFECYCLE_PHASE_INCOMPLETE:authorize|LIFECYCLE_PHASE_INCOMPLETE:export|LIFECYCLE_PHASE_INCOMPLETE:publish
10,5,489,MISSING_BUNDLE_IDENTITY,request,BUNDLE_IDENTITY_MISSING|LIFECYCLE_PHASE_INCOMPLETE:activate|LIFECYCLE_PHASE_INCOMPLETE:authorize|LIFECYCLE_PHASE_INCOMPLETE:export|LIFECYCLE_PHASE_INCOMPLETE:publish
10,5,490,MISSING_BUNDLE_IDENTITY,request,BUNDLE_IDENTITY_MISSING|LIFECYCLE_PHASE_INCOMPLETE:activate|LIFECYCLE_PHASE_INCOMPLETE:authorize|LIFECYCLE_PHASE_INCOMPLETE:export|LIFECYCLE_PHASE_INCOMPLETE:publish
10,5,491,MISSING_BUNDLE_IDENTITY,request,BUNDLE_IDENTITY_MISSING|LIFECYCLE_PHASE_INCOMPLETE:activate|LIFECYCLE_PHASE_INCOMPLETE:authorize|LIFECYCLE_PHASE_INCOMPLETE:export|LIFECYCLE_PHASE_INCOMPLETE:publish
10,5,492,MISSING_BUNDLE_IDENTITY,request,BUNDLE_IDENTITY_MISSING|LIFECYCLE_PHASE_INCOMPLETE:activate|LIFECYCLE_PHASE_INCOMPLETE:authorize|LIFECYCLE_PHASE_INCOMPLETE:export|LIFECYCLE_PHASE_INCOMPLETE:publish
10,5,493,MISSING_BUNDLE_IDENTITY,request,BUNDLE_IDENTITY_MISSING|LIFECYCLE_PHASE_INCOMPLETE:activate|LIFECYCLE_PHASE_INCOMPLETE:authorize|LIFECYCLE_PHASE_INCOMPLETE:export|LIFECYCLE_PHASE_INCOMPLETE:publish
10,5,505,MISSING_BUNDLE_IDENTITY,request,BUNDLE_IDENTITY_MISSING|LIFECYCLE_PHASE_INCOMPLETE:activate|LIFECYCLE_PHASE_INCOMPLETE:authorize|LIFECYCLE_PHASE_INCOMPLETE:export|LIFECYCLE_PHASE_INCOMPLETE:publish
10,,,MISSING_PRODUCER_EXPORT_IDENTITY,publish,BUNDLE_IDENTITY_MISSING|BUNDLE_OWNER_MISSING_EXPORT|COMMAND_AUTHORIZATION_LINEAGE_MISSING|COMMAND_IDENTITY_MISSING|LIFECYCLE_IDENTITY_MISSING|LIFECYCLE_PHASE_INCOMPLETE:activate|LIFECYCLE_PHASE_INCOMPLETE:authorize|LIFECYCLE_PHASE_INCOMPLETE:export|LIFECYCLE_PHASE_INCOMPLETE:request
