record_time_ns,status,iteration_count,final_increment_norm
1785256486610845889,false,0,0.000000
1785256486643545848,false,0,0.000000
1785256486676111523,false,0,0.000000
1785256486710075527,false,0,0.000000
1785256486742463688,false,0,0.000000
1785256486776571055,false,0,0.000000
1785256486809810865,false,0,0.000000
1785256486843403216,false,0,0.000000
1785256486876624583,false,0,0.000000
1785256486909763508,false,0,0.000000
1785256486943960643,false,0,0.000000
1785256486976017086,false,0,0.000000
1785256487010149171,false,0,0.000000
1785256487042441519,false,0,0.000000
1785256487076599779,false,0,0.000000
1785256487110100012,false,0,0.000000
1785256487143517850,false,0,0.000000
1785256487176626669,false,0,0.000000
1785256487209841946,false,0,0.000000
1785256487243843647,false,0,0.000000
1785256487276177862,false,0,0.000000
1785256487310293937,false,0,0.000000
1785256487342768197,false,0,0.000000
1785256487376662843,false,0,0.000000
1785256487409861143,false,0,0.000000
1785256487443677686,false,0,0.000000
1785256487476542674,false,0,0.000000
1785256487509714760,false,0,0.000000
1785256487543646453,false,0,0.000000
1785256487576083890,false,0,0.000000
1785256487610321373,false,0,0.000000
1785256487642401393,false,0,0.000000
1785256487676387214,false,0,0.000000
1785256487709586365,false,0,0.000000
1785256487743411712,false,0,0.000000
1785256487776349184,false,0,0.000000
1785256487815294905,false,0,0.000000
1785256487852864053,false,10,0.017740
1785256487876244590,false,10,0.017740
1785256487972812382,true,6,0.000939
1785256487973204293,false,6,0.000939
1785256488017267374,true,7,0.001329
1785256488057302787,true,6,0.000123
1785256488066139013,true,5,0.000029
1785256488135003070,true,10,0.000016
1785256488174466153,true,6,0.000634
1785256488184571719,true,4,0.000042
1785256488184718214,false,4,0.000042
1785256488251529079,true,7,0.000003
1785256488251703697,false,7,0.000003
1785256488307457691,true,5,0.000458
1785256488337941854,true,4,0.000019
1785256488342324475,false,4,0.000019
1785256488412248940,true,6,0.000809
1785256488440927075,true,4,0.000171
1785256488451166048,true,3,0.000155
1785256488475842098,false,3,0.000155
1785256488538191652,true,4,0.000386
1785256488542338131,false,4,0.000386
1785256488604306745,true,5,0.000208
1785256488635426075,true,4,0.000366
1785256488652678227,true,3,0.000262
1785256488693856664,true,3,0.000059
1785256488730284533,true,3,0.000314
1785256488758272312,true,4,0.000001
1785256488776361560,false,4,0.000001
1785256488829612226,true,3,0.000290
1785256488842450099,false,3,0.000290
1785256488897523063,true,4,0.000197
1785256488928709873,true,3,0.000227
1785256488956126761,true,3,0.000010
1785256488975925221,false,3,0.000010
1785256489029526765,true,3,0.000135
1785256489061091126,true,4,0.000002
1785256489076013228,false,4,0.000002
1785256489129778736,true,3,0.000156
1785256489142863344,false,3,0.000156
1785256489193464533,true,4,0.000051
1785256489229036873,true,3,0.000046
1785256489261437755,true,3,0.000029
1785256489288530927,true,3,0.000064
1785256489329807176,true,3,0.000362
1785256489360501882,true,3,0.000330
1785256489376126611,false,3,0.000330
1785256489430560226,true,3,0.000127
1785256489442576620,false,3,0.000127
1785256489488808737,true,4,0.000001
1785256489531350829,true,3,0.000193
1785256489561187971,true,3,0.000227
1785256489585041656,true,3,0.000002
1785256489631001946,true,3,0.000042
1785256489667163133,true,3,0.000108
1785256489675847295,false,3,0.000108
1785256489730297707,true,3,0.000094
1785256489742666121,false,3,0.000094
1785256489784534181,true,3,0.000241
1785256489830094980,true,3,0.000208
1785256489865627107,true,3,0.000047
1785256489884467123,true,3,0.000067
1785256489932413008,true,3,0.000131
1785256489966078421,true,3,0.000183
1785256489976044171,false,3,0.000183
1785256490033348944,true,3,0.000188
1785256490042683721,false,3,0.000188
1785256490083284062,true,3,0.000089
1785256490136106014,true,3,0.000386
1785256490159841819,true,2,0.000261
1785256490182584971,true,3,0.000054
1785256490233478818,true,3,0.000118
1785256490266572350,true,3,0.000184
1785256490276202092,false,3,0.000184
1785256490333940446,true,3,0.000213
1785256490342375851,false,3,0.000213
1785256490382145040,true,3,0.000066
1785256490432493510,true,3,0.000308
1785256490466978815,true,3,0.000053
1785256490475867104,false,3,0.000053
1785256490530565367,true,3,0.000238
1785256490571737870,true,3,0.000079
1785256490576158455,false,3,0.000079
1785256490629837099,true,3,0.000247
1785256490642735946,false,3,0.000247
1785256490684484792,true,3,0.000001
1785256490728640601,true,3,0.000432
1785256490767021445,true,3,0.000128
1785256490784792274,true,3,0.000100
1785256490827806900,true,3,0.000153
1785256490865962362,true,3,0.000057
1785256490876073907,false,3,0.000057
1785256490930581762,true,3,0.000155
1785256490942470505,false,3,0.000155
1785256490986446516,true,3,0.000001
1785256491030290793,true,3,0.000194
1785256491064699477,true,3,0.000051
1785256491085328295,true,2,0.000072
1785256491126802817,true,3,0.000122
1785256491163961003,true,3,0.000061
1785256491176050591,false,3,0.000061
1785256491226526316,true,3,0.000121
1785256491242417278,false,3,0.000121
1785256491289473876,true,3,0.000222
1785256491323815737,true,3,0.000107
1785256491362574525,true,3,0.000265
1785256491390118063,true,3,0.000077
1785256491426830953,true,3,0.000250
1785256491464015877,true,3,0.000111
1785256491476035570,false,3,0.000111
1785256491523390702,true,3,0.000088
1785256491542361630,false,3,0.000088
1785256491592408934,true,3,0.000466
1785256491620160792,true,3,0.000173
1785256491664619324,true,3,0.000330
1785256491695144991,true,3,0.000136
1785256491720824343,true,3,0.000091
1785256491764205811,true,3,0.000161
1785256491775836409,false,3,0.000161
1785256491820813041,true,3,0.000142
1785256491842290349,false,3,0.000142
1785256491900195323,true,3,0.000144
1785256491919107123,true,3,0.000029
1785256491965877918,true,3,0.000152
1785256491998956855,true,3,0.000208
1785256492018157470,true,3,0.000071
1785256492067094305,true,3,0.000148
1785256492076138480,false,3,0.000148
1785256492117630390,true,3,0.000129
1785256492142674983,false,3,0.000129
1785256492197277524,true,3,0.000165
1785256492216707236,true,3,0.000094
1785256492268030357,true,3,0.000157
1785256492275985583,false,3,0.000157
1785256492319086408,true,3,0.000015
1785256492367690322,true,3,0.000259
1785256492376038838,false,3,0.000259
1785256492416018835,true,3,0.000166
1785256492442199941,false,3,0.000166
1785256492494316187,true,2,0.000366
1785256492515487306,true,3,0.000194
1785256492542044105,false,3,0.000194
1785256492602134587,true,3,0.000212
1785256492615541454,true,3,0.000006
1785256492663401730,true,3,0.000141
1785256492675743739,false,3,0.000141
1785256492716544847,true,3,0.000066
1785256492742839346,false,3,0.000066
1785256492797806677,true,3,0.000391
1785256492820602353,true,3,0.000034
1785256492857057117,true,2,0.000512
1785256492897060588,true,3,0.000208
1785256492917009915,true,3,0.000001
1785256492963203838,true,3,0.000091
1785256492976168728,false,3,0.000091
1785256493018067720,true,3,0.000042
1785256493042598848,false,3,0.000042
1785256493095987819,true,3,0.000175
1785256493118636205,true,3,0.000041
1785256493160824909,true,3,0.000227
1785256493195970303,true,3,0.000138
1785256493221400150,true,3,0.000051
1785256493260765356,true,3,0.000118
1785256493276019394,false,3,0.000118
1785256493319736130,true,3,0.000036
1785256493342473254,false,3,0.000036
1785256493396459057,true,3,0.000081
1785256493420203073,true,3,0.000067
1785256493459155099,true,3,0.000271
1785256493495455745,true,3,0.000051
1785256493521601264,true,3,0.000159
1785256493558857891,true,3,0.000136
1785256493575927796,false,3,0.000136
1785256493622634825,true,3,0.000218
1785256493642494629,false,3,0.000218
1785256493698170486,true,3,0.000207
1785256493724062932,true,3,0.000150
1785256493756993211,true,3,0.000210
1785256493796090953,true,3,0.000050
1785256493825525918,true,3,0.000011
1785256493856674489,true,3,0.000170
1785256493875906961,false,3,0.000170
1785256493927585644,true,3,0.000095
1785256493942609957,false,3,0.000095
1785256493995858040,true,3,0.000178
1785256494028318101,true,3,0.000354
1785256494051322461,true,2,0.000272
1785256494100585846,true,3,0.000070
1785256494129170679,true,3,0.000043
1785256494152825589,true,3,0.000070
1785256494175914851,false,3,0.000070
1785256494227432960,true,3,0.000424
1785256494242533362,false,3,0.000424
1785256494298429291,true,3,0.000139
1785256494330027557,true,3,0.000131
1785256494342232191,false,3,0.000131
1785256494397734766,true,3,0.000117
1785256494431453307,true,3,0.000152
1785256494450414960,true,3,0.000001
1785256494476131187,false,3,0.000001
1785256494531130917,true,3,0.000262
1785256494542474978,false,3,0.000262
1785256494602833092,true,3,0.000098
1785256494634140877,true,3,0.000045
1785256494650879277,true,3,0.000000
1785256494697950600,true,3,0.000139
1785256494733047952,true,3,0.000140
1785256494749819456,true,3,0.000096
1785256494775742763,false,3,0.000096
1785256494832025720,true,3,0.000178
1785256494842849072,false,3,0.000178
1785256494898999538,true,3,0.000063
1785256494933174810,true,3,0.000068
1785256494942511895,false,3,0.000068
1785256494998438663,true,3,0.000130
1785256495035976021,true,3,0.000109
1785256495050840670,true,3,0.000024
1785256495075816516,false,3,0.000024
1785256495131786456,true,3,0.000101
1785256495142624309,false,3,0.000101
1785256495198339117,true,3,0.000268
1785256495231819511,true,3,0.000216
1785256495250714989,true,3,0.000035
1785256495275990073,false,3,0.000035
1785256495333352142,true,3,0.000048
1785256495350753858,true,3,0.000048
1785256495376227012,false,3,0.000048
1785256495433876118,true,3,0.000074
1785256495442462978,false,3,0.000074
1785256495495800905,true,3,0.000161
1785256495536195540,true,3,0.000152
1785256495541912286,false,3,0.000152
1785256495594728939,true,3,0.000152
1785256495630179985,true,3,0.000073
1785256495654105142,true,3,0.000001
1785256495676168737,false,3,0.000001
1785256495732115647,true,3,0.000088
1785256495742564054,false,3,0.000088
1785256495793777349,true,3,0.000302
1785256495830347005,true,3,0.000407
1785256495856363762,true,3,0.000019
1785256495892641351,true,3,0.000298
1785256495929550624,true,3,0.000207
1785256495962603940,true,3,0.000068
1785256495975934189,false,3,0.000068
1785256496029978224,true,3,0.000126
1785256496042576081,false,3,0.000126
1785256496093557508,true,3,0.000185
1785256496129462154,true,3,0.000281
1785256496142243473,false,3,0.000281
1785256496189496279,true,3,0.000179
1785256496230417543,true,3,0.000037
1785256496260697409,true,3,0.000117
1785256496276051797,false,3,0.000117
1785256496329958106,true,3,0.000032
1785256496342471276,false,3,0.000032
1785256496387408366,true,3,0.000105
1785256496430717647,true,3,0.000067
1785256496466599758,true,3,0.000045
1785256496486573001,true,3,0.000066
1785256496530533524,true,3,0.000089
1785256496563216427,true,3,0.000265
1785256496576103909,false,3,0.000265
1785256496631641069,true,3,0.000077
1785256496642414122,false,3,0.000077
1785256496684654283,true,3,0.000004
1785256496731223316,true,3,0.000320
1785256496765038404,true,3,0.000164
1785256496783650113,true,3,0.000000
1785256496832535642,true,3,0.000078
1785256496870713623,true,3,0.000126
1785256496876088663,false,3,0.000126
1785256496933938821,true,3,0.000123
1785256496942477248,false,3,0.000123
1785256496983296455,true,3,0.000000
1785256497034405590,true,3,0.000336
1785256497066415060,true,3,0.000053
1785256497081280304,true,2,0.000117
1785256497135418802,true,3,0.000024
1785256497160732276,true,2,0.000213
1785256497175931010,false,2,0.000213
1785256497233771180,true,3,0.000255
1785256497242589554,false,3,0.000255
1785256497282356644,true,3,0.000000
1785256497330249739,true,2,0.000327
1785256497360033411,true,2,0.000238
1785256497382851113,true,3,0.000023
1785256497430295119,true,3,0.000312
1785256497468946946,true,3,0.000089
1785256497475944736,false,3,0.000089
1785256497530427799,true,3,0.000052
1785256497542436188,false,3,0.000052
1785256497582146258,true,2,0.000081
1785256497632902175,true,3,0.000044
1785256497667882812,true,3,0.000139
1785256497685215789,true,3,0.000006
1785256497734382128,true,3,0.000207
1785256497766740605,true,3,0.000117
1785256497775925086,false,3,0.000117
1785256497829843340,true,3,0.000162
1785256497842439039,false,3,0.000162
1785256497887375759,true,3,0.000071
1785256497928466200,true,3,0.000126
1785256497942065197,false,3,0.000126
1785256497987056957,true,3,0.000154
1785256498022335709,true,2,0.000704
1785256498065353070,true,3,0.000321
1785256498075894562,false,3,0.000321
1785256498127254167,true,3,0.000152
1785256498142367055,false,3,0.000152
1785256498189256231,true,3,0.000034
1785256498228556684,true,3,0.000229
1785256498265983239,true,3,0.000453
1785256498287157294,true,2,0.000297
1785256498323471360,true,3,0.000010
1785256498364152401,true,3,0.000084
1785256498376083501,false,3,0.000084
1785256498424129320,true,3,0.000211
1785256498442438480,false,3,0.000211
1785256498493064569,true,3,0.000344
1785256498520905276,true,3,0.000204
1785256498563827098,true,3,0.000316
1785256498593469486,true,3,0.000128
1785256498625805887,true,3,0.000037
1785256498665469498,true,3,0.000024
1785256498676007535,false,3,0.000024
1785256498720720762,true,3,0.000063
1785256498742446578,false,3,0.000063
1785256498796293074,true,3,0.000398
1785256498818679227,true,3,0.000024
1785256498866569813,true,3,0.000134
1785256498896486624,true,3,0.000132
1785256498917442523,true,3,0.000055
1785256498968203528,true,3,0.000093
1785256498975750194,false,3,0.000093
1785256499016038836,true,2,0.000122
1785256499042152667,false,2,0.000122
1785256499102652346,true,3,0.000205
1785256499116195569,true,3,0.000008
1785256499167825430,true,3,0.000143
1785256499175843836,false,3,0.000143
1785256499215800538,true,3,0.000131
1785256499267251024,true,3,0.000160
1785256499276196584,false,3,0.000160
1785256499316866230,true,3,0.000000
1785256499342715914,false,3,0.000000
1785256499402959614,true,3,0.000243
1785256499416256952,true,3,0.000029
1785256499466644705,true,3,0.000057
1785256499501323304,true,3,0.000048
1785256499520948453,true,3,0.000013
1785256499566263265,true,3,0.000055
1785256499575701304,false,3,0.000055
1785256499615391500,true,2,0.000164
1785256499642316880,false,2,0.000164
1785256499700463394,true,3,0.000171
1785256499716618116,true,3,0.000255
1785256499766633817,true,3,0.000079
1785256499800735118,true,3,0.000087
1785256499817723746,true,3,0.000011
1785256499865696828,true,3,0.000132
1785256499875732641,false,3,0.000132
1785256499918246522,true,3,0.000034
1785256499942243277,false,3,0.000034
1785256500003098776,true,3,0.000123
1785256500018460745,true,3,0.000000
1785256500063568986,true,3,0.000036
1785256500099296587,true,3,0.000142
1785256500118595450,true,3,0.000045
1785256500162751593,true,3,0.000270
1785256500176058578,false,3,0.000270
1785256500217490385,true,2,0.000364
1785256500242256787,false,2,0.000364
1785256500297899491,true,3,0.000153
1785256500321426655,true,3,0.000002
1785256500342154037,false,3,0.000002
1785256500397843731,true,3,0.000065
1785256500427492671,true,3,0.000128
1785256500460739875,true,3,0.000065
1785256500475900482,false,3,0.000065
1785256500522540134,true,3,0.000066
1785256500542520923,false,3,0.000066
1785256500595893696,true,3,0.000185
1785256500625201583,true,3,0.000095
1785256500658016131,true,3,0.000059
1785256500698339906,true,3,0.000196
1785256500721776540,true,2,0.000086
1785256500757574560,true,3,0.000125
1785256500776035606,false,3,0.000125
1785256500827039248,true,3,0.000133
1785256500842590680,false,3,0.000133
1785256500902105124,true,3,0.000077
1785256500929621478,true,3,0.000049
1785256500955251762,true,3,0.000166
1785256500975905931,false,3,0.000166
1785256501028759262,true,3,0.000089
1785256501053482646,true,3,0.000036
1785256501075706781,false,3,0.000036
1785256501129656182,true,3,0.000461
1785256501142255927,false,3,0.000461
1785256501198402900,true,3,0.000051
1785256501230962866,true,3,0.000630
1785256501250909958,true,3,0.000077
1785256501297856578,true,3,0.000153
1785256501337493704,true,3,0.000032
1785256501352366428,true,3,0.000031
1785256501376241104,false,3,0.000031
1785256501432692563,true,3,0.000041
1785256501442238336,false,3,0.000041
1785256501500400329,true,3,0.000171
1785256501534878221,true,3,0.000047
1785256501550007384,true,3,0.000045
1785256501598959095,true,3,0.000016
1785256501632999598,true,3,0.000089
1785256501650288272,true,3,0.000047
1785256501676108445,false,3,0.000047
1785256501733164315,true,3,0.000120
1785256501742383883,false,3,0.000120
1785256501804682136,true,3,0.000243
1785256501833964370,true,3,0.000090
1785256501851029112,true,3,0.000110
1785256501900306992,true,3,0.000021
1785256501926670704,true,2,0.000114
1785256501949906725,true,3,0.000012
1785256501975841942,false,3,0.000012
1785256502026453478,true,2,0.000167
1785256502042500625,false,2,0.000167
1785256502099774888,true,3,0.000091
1785256502132492796,true,3,0.000055
1785256502142181994,false,3,0.000055
1785256502197844699,true,3,0.000112
1785256502239039934,true,3,0.000046
1785256502251487839,true,3,0.000023
1785256502275886827,false,3,0.000023
1785256502334175264,true,3,0.000129
1785256502342255901,false,3,0.000129
1785256502395761804,true,3,0.000154
1785256502433704136,true,3,0.000087
1785256502452645669,true,3,0.000000
1785256502496548118,true,3,0.000175
1785256502532099666,true,3,0.000097
1785256502551651156,true,2,0.000234
1785256502575849064,false,2,0.000234
1785256502632190812,true,3,0.000258
1785256502642466832,false,3,0.000258
1785256502699262544,true,3,0.000152
1785256502731224610,true,3,0.000155
1785256502756524573,true,3,0.000026
1785256502793596554,true,3,0.000477
1785256502830953804,true,3,0.000101
1785256502857452356,true,3,0.000054
1785256502876090722,false,3,0.000054
1785256502931169452,true,3,0.000099
1785256502942297655,false,3,0.000099
1785256502991249550,true,3,0.000149
1785256503030803246,true,3,0.000166
1785256503059218332,true,3,0.000389
1785256503075686290,false,3,0.000389
1785256503135834694,true,3,0.000095
1785256503161549334,true,3,0.000118
1785256503175597881,false,3,0.000118
1785256503231440890,true,3,0.000022
1785256503242551080,false,3,0.000022
1785256503291393516,true,3,0.000146
1785256503325840157,true,2,0.000517
1785256503342314902,false,2,0.000517
1785256503387786233,true,3,0.000115
1785256503431272028,true,3,0.000135
1785256503466822709,true,3,0.000138
1785256503475900326,false,3,0.000138
1785256503532951650,true,3,0.000101
1785256503542513783,false,3,0.000101
1785256503585441740,true,3,0.000073
1785256503637885770,true,3,0.000352
1785256503668103820,true,3,0.000044
1785256503684839000,true,3,0.000000
1785256503734695941,true,3,0.000194
1785256503766330196,true,3,0.000156
1785256503775833428,false,3,0.000156
1785256503835111078,true,3,0.000115
1785256503842449739,false,3,0.000115
1785256503883212982,true,3,0.000000
1785256503934673976,true,3,0.000204
1785256503942347988,false,3,0.000204
1785256503982343687,true,3,0.000061
1785256504034854415,true,3,0.000303
1785256504073206261,true,3,0.000253
1785256504075755142,false,3,0.000253
1785256504134566098,true,3,0.000233
1785256504142357483,false,3,0.000233
1785256504182591431,true,3,0.000038
1785256504233349017,true,3,0.000097
1785256504269297160,true,3,0.000061
1785256504283378175,true,3,0.000000
1785256504330820742,true,3,0.000114
1785256504369297127,true,3,0.000315
1785256504376160187,false,3,0.000315
1785256504432313456,true,3,0.000168
1785256504442270375,false,3,0.000168
1785256504484413287,true,3,0.000034
1785256504529265834,true,2,0.000443
1785256504567165759,true,3,0.000314
1785256504582658414,true,2,0.000156
1785256504630455297,true,3,0.000185
1785256504666583705,true,3,0.000122
1785256504675767880,false,3,0.000122
1785256504731457743,true,3,0.000062
1785256504742266042,false,3,0.000062
1785256504786942688,true,2,0.000050
1785256504829569759,true,3,0.000216
1785256504866362219,true,3,0.000092
1785256504885074533,true,2,0.000103
1785256504927870024,true,2,0.000240
1785256504966149266,true,3,0.000028
1785256504975912989,false,3,0.000028
1785256505028436734,true,3,0.000387
1785256505042626709,false,3,0.000387
1785256505088886848,true,3,0.000158
1785256505126339806,true,3,0.000042
1785256505141837597,false,3,0.000042
1785256505194264304,true,3,0.000064
1785256505226081435,true,3,0.000027
1785256505265053828,true,3,0.000136
1785256505275815242,false,3,0.000136
1785256505325493477,true,3,0.000019
1785256505342553266,false,3,0.000019
1785256505397229246,true,3,0.000287
1785256505427882826,true,3,0.000015
1785256505467068956,true,3,0.000051
1785256505475630272,false,3,0.000051
1785256505522399473,true,3,0.000054
1785256505565456869,true,3,0.000056
1785256505576017630,false,3,0.000056
1785256505621628245,true,3,0.000171
1785256505642559105,false,3,0.000171
1785256505696169715,true,3,0.000262
1785256505718994354,true,3,0.000006
1785256505742021338,false,3,0.000006
1785256505796604696,true,3,0.000121
1785256505818310406,true,3,0.000168
1785256505868538339,true,3,0.000122
1785256505875871404,false,3,0.000122
1785256505922672772,true,3,0.000139
1785256505942375186,false,3,0.000139
1785256505998799830,true,3,0.000419
1785256506014557185,true,2,0.000182
1785256506066623415,true,3,0.000106
1785256506099990745,true,3,0.000239
1785256506114477145,true,2,0.000013
1785256506166790589,true,3,0.000275
1785256506176101416,false,3,0.000275
1785256506217211608,true,3,0.000029
1785256506242286568,false,3,0.000029
1785256506302145856,true,3,0.000464
1785256506314949604,true,2,0.000046
1785256506341843384,false,2,0.000046
1785256506406138392,true,3,0.000070
1785256506416462362,true,3,0.000010
1785256506466553578,true,3,0.000199
1785256506475681732,false,3,0.000199
1785256506515277169,true,2,0.000167
1785256506542161708,false,2,0.000167
1785256506599984507,true,3,0.000567
1785256506614982958,true,2,0.000259
1785256506666920145,true,3,0.000472
1785256506699476722,true,3,0.000045
1785256506717804047,true,3,0.000059
1785256506760340114,true,2,0.000264
1785256506775737721,false,2,0.000264
1785256506821301855,true,2,0.000078
1785256506842163006,false,2,0.000078
1785256506900199588,true,3,0.000083
1785256506916158834,true,2,0.000324
1785256506942030819,false,2,0.000324
1785256507001035725,true,3,0.000319
1785256507018502318,true,3,0.000051
1785256507064478758,true,3,0.000087
1785256507075625393,false,3,0.000087
1785256507119447490,true,3,0.000037
1785256507142014120,false,3,0.000037
1785256507199457113,true,3,0.000264
1785256507220533709,true,3,0.000011
1785256507263129606,true,3,0.000353
1785256507304265402,true,3,0.000166
1785256507323718806,true,3,0.000042
1785256507361617368,true,3,0.000145
1785256507375731915,false,3,0.000145
1785256507423483855,true,3,0.000152
1785256507442381685,false,3,0.000152
1785256507497276734,true,3,0.000269
1785256507521525135,true,2,0.000476
1785256507541927121,false,2,0.000476
1785256507597917598,true,3,0.000137
1785256507626761268,true,3,0.000269
1785256507658015516,true,3,0.000118
1785256507675738405,false,3,0.000118
1785256507729422647,true,3,0.000231
1785256507742150990,false,3,0.000231
1785256507803727710,true,3,0.000199
1785256507829648381,true,3,0.000060
1785256507854903350,true,3,0.000148
1785256507897508095,true,3,0.000115
1785256507929286071,true,3,0.000222
1785256507954391255,true,3,0.000045
1785256507975576640,false,3,0.000045
1785256508033150068,true,3,0.000192
1785256508042475528,false,3,0.000192
1785256508098290082,true,3,0.000116
1785256508131833328,true,3,0.000103
1785256508151857601,true,3,0.000007
1785256508203572087,true,3,0.000051
1785256508232451409,true,3,0.000129
1785256508251639703,true,3,0.000000
1785256508275969747,false,3,0.000000
1785256508327536682,true,2,0.000428
1785256508342385624,false,2,0.000428
1785256508399902339,true,3,0.000365
1785256508434803915,true,3,0.000343
1785256508450612382,true,3,0.000094
1785256508502666885,true,3,0.000094
1785256508526072321,true,2,0.000091
1785256508550295990,true,3,0.000043
1785256508576231920,false,3,0.000043
1785256508637414499,true,3,0.000076
1785256508642261476,false,3,0.000076
1785256508701143597,true,3,0.000141
1785256508733699932,true,3,0.000067
1785256508742288896,false,3,0.000067
1785256508796289093,true,2,0.000584
1785256508833743865,true,3,0.000246
1785256508849340460,true,3,0.000000
1785256508875707810,false,3,0.000000
1785256508927567129,true,2,0.000236
1785256508942543810,false,2,0.000236
1785256508999816245,true,3,0.000130
1785256509035418549,true,3,0.000161
1785256509050115064,true,3,0.000042
1785256509103067760,true,3,0.000075
1785256509128210377,true,2,0.000222
1785256509151358339,true,3,0.000000
1785256509175966782,false,3,0.000000
1785256509235229121,true,3,0.000301
1785256509242313046,false,3,0.000301
1785256509297566179,true,3,0.000145
1785256509333854921,true,3,0.000116
1785256509342357094,false,3,0.000116
1785256509396031890,true,3,0.000114
1785256509432076321,true,3,0.000208
1785256509453664867,true,3,0.000145
1785256509475897700,false,3,0.000145
1785256509532796598,true,3,0.000225
1785256509542680235,false,3,0.000225
1785256509600034782,true,3,0.000113
1785256509631950233,true,3,0.000079
1785256509657382355,true,3,0.000069
1785256509694383750,true,3,0.000249
1785256509731092679,true,3,0.000169
1785256509757670413,true,3,0.000109
1785256509775877200,false,3,0.000109
1785256509830808209,true,3,0.000337
1785256509842436253,false,3,0.000337
1785256509893677408,true,3,0.000190
1785256509931660755,true,3,0.000083
1785256509959298445,true,3,0.000092
1785256509975615285,false,3,0.000092
1785256510042324214,true,4,0.000010
1785256510061639350,true,3,0.000096
1785256510076044652,false,3,0.000096
1785256510132120290,true,3,0.000101
1785256510142480599,false,3,0.000101
1785256510191043820,true,3,0.000061
1785256510230134922,true,3,0.000134
1785256510262215811,true,3,0.000150
1785256510287933375,true,3,0.000054
1785256510331476950,true,3,0.000030
1785256510364407292,true,3,0.000045
1785256510376027253,false,3,0.000045
1785256510432898233,true,3,0.000002
1785256510442370788,false,3,0.000002
1785256510490524116,true,3,0.000001
1785256510533456494,true,3,0.000080
1785256510542141280,false,3,0.000080
1785256510584149968,true,3,0.000108
1785256510636851464,true,3,0.000308
1785256510665329217,true,3,0.000158
1785256510675894192,false,3,0.000158
1785256510735670742,true,3,0.000169
1785256510742206973,false,3,0.000169
1785256510782807332,true,3,0.000040
1785256510837632504,true,3,0.000090
1785256510867580816,true,3,0.000137
1785256510882510155,true,3,0.000041
1785256510940622058,true,3,0.000039
1785256510969461845,true,3,0.000076
1785256510975865267,false,3,0.000076
1785256511032782341,true,3,0.000263
1785256511042216924,false,3,0.000263
1785256511083146469,true,3,0.000106
1785256511134304131,true,3,0.000118
1785256511141937177,false,3,0.000118
1785256511183282722,true,3,0.000100
1785256511231503819,true,3,0.000052
1785256511261822424,true,2,0.000772
1785256511275878776,false,2,0.000772
1785256511326903677,true,2,0.000538
1785256511342371776,false,2,0.000538
1785256511384490238,true,3,0.000079
1785256511438607105,true,3,0.000191
1785256511442032826,false,3,0.000191
1785256511485348517,true,3,0.000041
1785256511531135854,true,3,0.000037
1785256511566483461,true,3,0.000294
1785256511576103083,false,3,0.000294
1785256511626003685,true,2,0.000513
1785256511642193829,false,2,0.000513
1785256511685565571,true,3,0.000056
1785256511732719491,true,3,0.000272
1785256511742128039,false,3,0.000272
1785256511786999027,true,3,0.000054
1785256511833015735,true,3,0.000177
1785256511865617621,true,3,0.000018
1785256511875718391,false,3,0.000018
1785256511934123661,true,3,0.000259
1785256511942185791,false,3,0.000259
1785256511991360094,true,3,0.000078
1785256512026440173,true,3,0.000081
1785256512064667852,true,3,0.000085
1785256512090888445,true,3,0.000064
1785256512126550719,true,3,0.000132
1785256512164146277,true,3,0.000014
1785256512175954993,false,3,0.000014
1785256512225766472,true,3,0.000143
1785256512242384457,false,3,0.000143
1785256512293062789,true,3,0.000066
1785256512323512493,true,3,0.000036
1785256512370374370,true,3,0.000065
1785256512394430751,true,3,0.000039
1785256512422030934,true,3,0.000322
1785256512464306886,true,3,0.000059
1785256512475812020,false,3,0.000059
1785256512521621816,true,3,0.000033
1785256512542204959,false,3,0.000033
1785256512598053243,true,3,0.000087
1785256512619427100,true,3,0.000153
1785256512665507875,true,3,0.000135
1785256512675817329,false,3,0.000135
1785256512718114073,true,3,0.000011
1785256512768282427,true,3,0.000132
1785256512775732281,false,3,0.000132
1785256512826661532,true,3,0.000123
1785256512842526404,false,3,0.000123
1785256512904934387,true,4,0.000107
1785256512916895198,true,3,0.000033
1785256512941870534,false,3,0.000033
1785256512999910298,true,3,0.000461
1785256513016826815,true,3,0.000027
1785256513066739677,true,3,0.000192
1785256513075878580,false,3,0.000192
1785256513117614584,true,3,0.000186
1785256513142359936,false,3,0.000186
1785256513202353282,true,3,0.000324
1785256513216530674,true,3,0.000024
1785256513268683558,true,3,0.000154
1785256513306992789,true,3,0.000112
1785256513316867611,true,3,0.000000
1785256513367196812,true,3,0.000055
1785256513376038586,false,3,0.000055
1785256513416903681,true,3,0.000060
1785256513442189364,false,3,0.000060
1785256513500178885,true,3,0.000366
1785256513517022102,true,3,0.000063
1785256513541973955,false,3,0.000063
1785256513600609886,true,3,0.000236
1785256513617085031,true,3,0.000119
1785256513671628448,true,3,0.000246
1785256513675548641,false,3,0.000246
1785256513719343188,true,3,0.000023
1785256513742319306,false,3,0.000023
1785256513810335756,true,3,0.000091
1785256513819953417,true,3,0.000034
1785256513866124842,true,3,0.000170
1785256513900625665,true,3,0.000295
1785256513916161467,true,2,0.000231
1785256513963511930,true,3,0.000217
1785256513975611297,false,3,0.000217
1785256514019443199,true,3,0.000116
1785256514042086151,false,3,0.000116
1785256514098483718,true,3,0.000319
1785256514120811839,true,3,0.000000
1785256514141791528,false,3,0.000000
1785256514197185968,true,3,0.000170
1785256514227204444,true,3,0.000179
1785256514262018973,true,3,0.000113
1785256514275758772,false,3,0.000113
1785256514323983247,true,3,0.000090
1785256514342348797,false,3,0.000090
1785256514397960673,true,3,0.000157
1785256514425353572,true,3,0.000091
1785256514459339644,true,3,0.000163
1785256514497093276,true,3,0.000103
1785256514528482149,true,3,0.000011
1785256514558482057,true,3,0.000029
1785256514576063160,false,3,0.000029
1785256514626246539,true,3,0.000126
1785256514642478065,false,3,0.000126
1785256514702220243,true,3,0.000129
1785256514727714125,true,3,0.000091
1785256514742443766,false,3,0.000091
1785256514797749476,true,3,0.000131
1785256514829689179,true,3,0.000077
1785256514854640906,true,3,0.000076
1785256514875930315,false,3,0.000076
1785256514931672588,true,3,0.000104
1785256514942494859,false,3,0.000104
1785256514997933953,true,3,0.000378
1785256515031078137,true,3,0.000127
1785256515052862388,true,3,0.000000
1785256515100670753,true,3,0.000106
1785256515138631457,true,3,0.000286
1785256515150549962,true,2,0.000101
1785256515175716409,false,2,0.000101
1785256515231312472,true,3,0.000168
1785256515242350258,false,3,0.000168
1785256515307984817,true,4,0.000258
1785256515334227373,true,3,0.000126
1785256515342058380,false,3,0.000126
1785256515413706448,true,4,0.000395
1785256515448476066,true,4,0.000200
1785256515454852247,true,3,0.000069
1785256515475621810,false,3,0.000069
1785256515536397586,true,3,0.000390
1785256515542357788,false,3,0.000390
1785256515607779977,true,3,0.000305
1785256515646895066,true,3,0.000201
1785256515654208390,true,3,0.000238
1785256515710937560,true,3,0.000150
1785256515750384425,true,3,0.000118
1785256515756602050,true,3,0.000000
1785256515775552207,false,3,0.000000
1785256515844576347,true,3,0.000354
1785256515844772310,false,3,0.000354
1785256515904892999,true,3,0.000154
1785256515943261945,true,3,0.000202
1785256515943424151,false,3,0.000202
1785256515998974013,true,3,0.000294
1785256516038152279,true,3,0.000298
1785256516054826277,true,2,0.000147
1785256516075621405,false,2,0.000147
1785256516147104116,true,4,0.000004
1785256516147243304,false,4,0.000004
1785256516204029672,true,4,0.000183
1785256516238887233,true,3,0.000244
1785256516242067611,false,3,0.000244
1785256516296528903,true,3,0.000287
1785256516340288197,true,3,0.000159
1785256516351823848,true,2,0.000060
1785256516376027383,false,2,0.000060
1785256516440552809,true,3,0.000255
1785256516442260677,false,3,0.000255
1785256516499759154,true,4,0.000137
1785256516540044074,true,3,0.000174
1785256516541837216,false,3,0.000174
1785256516600099300,true,3,0.000210
1785256516640992255,true,3,0.000240
1785256516656823908,true,3,0.000225
1785256516675793087,false,3,0.000225
1785256516741428818,true,3,0.000420
1785256516742295239,false,3,0.000420
1785256516790969888,true,3,0.000340
1785256516841633001,true,3,0.000216
1785256516841801359,false,3,0.000216
1785256516890292425,true,3,0.000092
1785256516941708739,true,3,0.000254
1785256516960649469,true,3,0.000180
1785256516975695087,false,3,0.000180
1785256517042257432,true,3,0.000334
1785256517042454237,false,3,0.000334
1785256517094638323,true,3,0.000286
1785256517144289967,true,3,0.000324
1785256517144459567,false,3,0.000324
1785256517185548183,true,3,0.000002
1785256517243725996,true,3,0.000152
1785256517266117885,true,3,0.000272
1785256517275787149,false,3,0.000272
1785256517341641952,true,3,0.000168
1785256517342289756,false,3,0.000168
1785256517382799514,true,3,0.000052
1785256517441854761,true,3,0.000299
1785256517467455231,true,3,0.000151
1785256517481640727,true,3,0.000053
1785256517548421089,true,3,0.000677
1785256517574557192,true,3,0.000170
1785256517575660541,false,3,0.000170
1785256517644451102,true,3,0.000109
1785256517644577586,false,3,0.000109
1785256517681087363,true,3,0.000000
1785256517741196626,true,3,0.000085
1785256517770509656,true,3,0.000150
1785256517775558971,false,3,0.000150
1785256517839559523,true,3,0.000239
1785256517876116754,true,3,0.000547
1785256517876313106,false,3,0.000547
1785256517942234634,true,3,0.000210
1785256517942399037,false,3,0.000210
1785256517981790599,true,3,0.000000
1785256518055063674,true,4,0.000071
1785256518090111466,true,3,0.000351
1785256518096273152,true,3,0.000000
1785256518138905830,true,3,0.000396
1785256518180838847,true,3,0.000391
1785256518181018591,false,3,0.000391
1785256518235699488,true,3,0.000115
1785256518242148749,false,3,0.000115
1785256518281826349,true,3,0.000025
1785256518333175792,true,3,0.000418
1785256518341925232,false,3,0.000418
1785256518382030281,true,3,0.000131
1785256518438904674,true,4,0.000368
1785256518485271833,true,3,0.000314
1785256518485986197,false,3,0.000314
1785256518531360167,true,3,0.000246
1785256518542321406,false,3,0.000246
1785256518581732966,true,3,0.000040
1785256518628003134,true,3,0.000429
1785256518687595739,true,4,0.000050
1785256518693796485,true,2,0.000054
1785256518727603773,true,3,0.000229
1785256518787909363,true,4,0.000365
1785256518788035325,false,4,0.000365
1785256518827851332,true,3,0.000145
1785256518842293011,false,3,0.000145
1785256518885020749,true,3,0.000648
1785256518931404434,true,3,0.000291
1785256518985580185,true,4,0.000309
1785256518997811475,true,3,0.000153
1785256519024693830,true,3,0.000080
1785256519086055002,true,4,0.000079
1785256519086196984,false,4,0.000079
1785256519124105638,true,3,0.000300
1785256519142313929,false,3,0.000300
1785256519190131774,true,3,0.000311
1785256519220958359,true,3,0.000241
1785256519241900454,false,3,0.000241
1785256519296434582,true,4,0.000285
1785256519319331727,true,3,0.000167
1785256519395627583,true,4,0.000245
1785256519396737803,false,4,0.000245
1785256519418270710,true,3,0.000141
1785256519442307029,false,3,0.000141
1785256519499010719,true,3,0.000485
1785256519515970420,true,3,0.000000
1785256519542023116,false,3,0.000000
1785256519600304264,true,4,0.000405
1785256519615484635,true,3,0.000273
1785256519684831179,true,4,0.000345
1785256519684945542,false,4,0.000345
1785256519716410738,true,3,0.000044
1785256519742407321,false,3,0.000044
1785256519797578779,true,3,0.000243
1785256519814525280,true,3,0.000000
1785256519887934946,true,4,0.000213
1785256519914141536,true,3,0.000279
1785256519920651115,true,3,0.000062
1785256519981995103,true,4,0.000093
1785256519982170815,false,4,0.000093
1785256520016021348,true,3,0.000043
1785256520042458569,false,3,0.000043
1785256520111749024,true,4,0.000084
1785256520118021747,true,3,0.000213
1785256520178877141,true,4,0.000159
1785256520215596390,true,4,0.000006
1785256520222482777,true,3,0.000356
1785256520277577625,true,3,0.000329
1785256520278469749,false,3,0.000329
1785256520316394740,true,3,0.000111
1785256520342510508,false,3,0.000111
1785256520410464461,true,4,0.000154
1785256520418047957,true,3,0.000089
1785256520475168222,true,4,0.000077
1785256520504946021,true,3,0.000195
1785256520514804986,true,2,0.000134
1785256520568351072,true,3,0.000169
1785256520575648902,false,3,0.000169
1785256520616253625,true,3,0.000057
1785256520642381984,false,3,0.000057
1785256520711468285,true,4,0.000586
1785256520727054697,true,3,0.000071
1785256520741888567,false,3,0.000071
1785256520819246107,true,5,0.000114
1785256520829353496,true,3,0.000053
1785256520870892044,true,4,0.000028
1785256520875633915,false,4,0.000028
1785256520922216131,true,3,0.000040
1785256520942382784,false,3,0.000040
1785256521010089914,true,4,0.000502
1785256521027188677,true,4,0.000331
1785256521062840094,true,3,0.000321
1785256521101887683,true,3,0.000645
1785256521123409701,true,3,0.000038
1785256521169878446,true,3,0.000153
1785256521175878954,false,3,0.000153
1785256521224598460,true,3,0.000220
1785256521242414830,false,3,0.000220
1785256521313969358,true,4,0.000195
1785256521330415223,true,3,0.000066
1785256521341949379,false,3,0.000066
1785256521407099370,true,4,0.000276
1785256521426791926,true,3,0.000360
1785256521457571177,true,3,0.000159
1785256521476039978,false,3,0.000159
1785256521530108105,true,4,0.000533
1785256521542280304,false,4,0.000533
1785256521610555462,true,4,0.000175
1785256521632351476,true,3,0.000241
1785256521660545942,true,2,0.000396
1785256521702632995,true,3,0.000567
1785256521730680630,true,3,0.000054
1785256521755442107,true,3,0.000002
1785256521775863614,false,3,0.000002
1785256521831881512,true,3,0.000958
1785256521842303047,false,3,0.000958
1785256521910354275,true,3,0.000893
1785256521940080790,true,3,0.000187
1785256521941832732,false,3,0.000187
1785256522017443637,true,3,0.000242
1785256522048694027,true,3,0.000582
1785256522060419785,true,3,0.000105
1785256522076122963,false,3,0.000105
1785256522156537494,true,4,0.000168
1785256522157602250,false,4,0.000168
1785256522231447658,true,4,0.000577
1785256522259608385,true,3,0.000481
1785256522259737513,false,3,0.000481
1785256522323875640,true,4,0.000229
1785256522355630466,true,3,0.000127
1785256522361945166,true,3,0.000000
1785256522375954257,false,3,0.000000
1785256522448357402,true,4,0.000101
1785256522448514164,false,4,0.000101
1785256522521143999,true,4,0.000162
1785256522556808597,true,3,0.000319
1785256522556937548,false,3,0.000319
1785256522622775287,true,4,0.000180
1785256522669360742,true,3,0.000330
1785256522675080989,true,3,0.000000
1785256522675896175,false,3,0.000000
1785256522756653985,true,4,0.000148
1785256522756811525,false,4,0.000148
1785256522816810208,true,4,0.000164
1785256522865198954,true,4,0.000040
1785256522865233481,false,4,0.000040
1785256522905954371,true,3,0.000168
1785256522948534209,true,3,0.000353
1785256522954653587,true,3,0.000000
1785256522975775784,false,3,0.000000
1785256523045423294,true,3,0.000389
1785256523045554562,false,3,0.000389
1785256523110670511,true,4,0.000309
1785256523170265915,true,4,0.000204
1785256523178964541,true,3,0.000177
1785256523204021095,true,3,0.000208
1785256523258658606,true,4,0.000104
1785256523267229497,true,3,0.000000
1785256523275638966,false,3,0.000000
1785256523351351555,true,3,0.000514
1785256523351516374,false,3,0.000514
1785256523400881385,true,3,0.000221
1785256523455676101,true,3,0.000154
1785256523455833170,false,3,0.000154
1785256523496249694,true,3,0.000368
1785256523551932094,true,3,0.000568
1785256523570519176,true,3,0.000043
1785256523575738235,false,3,0.000043
1785256523662155414,true,4,0.000275
1785256523662317564,false,4,0.000275
1785256523689074776,true,3,0.000105
1785256523763273005,true,4,0.000051
1785256523763400662,false,4,0.000051
1785256523787970841,true,3,0.000213
1785256523860846281,true,4,0.000146
1785256523875588531,true,3,0.000112
1785256523875763086,false,3,0.000112
1785256523951314893,true,3,0.000315
1785256523951466001,false,3,0.000315
1785256523984886135,true,3,0.000498
1785256524047043863,true,3,0.000352
1785256524073204350,true,3,0.000246
1785256524075634873,false,3,0.000246
1785256524159143935,true,4,0.000140
1785256524177957692,true,3,0.000216
1785256524177988550,false,3,0.000216
1785256524250093414,true,3,0.000388
1785256524250213082,false,3,0.000388
1785256524284126820,true,3,0.000112
1785256524343034334,true,3,0.000396
1785256524343086033,false,3,0.000396
1785256524381011306,true,3,0.000072
1785256524451101136,true,4,0.000406
1785256524473988936,true,3,0.000170
1785256524475650102,false,3,0.000170
1785256524546852550,true,4,0.000113
1785256524547002000,false,4,0.000113
1785256524589431680,true,3,0.000024
1785256524657398138,true,5,0.000128
1785256524683197810,true,3,0.000310
1785256524687656698,true,3,0.000025
1785256524736186084,true,3,0.000136
1785256524769287866,true,3,0.000343
1785256524775944732,false,3,0.000343
1785256524837375028,true,3,0.000553
1785256524842196175,false,3,0.000553
1785256524881006324,true,3,0.000000
1785256524944082108,true,4,0.000393
1785256524944201712,false,4,0.000393
1785256524981009841,true,3,0.000056
1785256525044077341,true,3,0.000383
1785256525075786223,true,3,0.000315
1785256525075892996,false,3,0.000315
1785256525136413422,true,3,0.000186
1785256525142394200,false,3,0.000186
1785256525182818579,true,3,0.000115
1785256525233930133,true,3,0.000698
1785256525280648512,true,4,0.000086
1785256525288640491,true,3,0.000095
1785256525331953823,true,3,0.000840
1785256525380623213,true,4,0.000055
1785256525380798037,false,4,0.000055
1785256525431806699,true,3,0.000549
1785256525442142747,false,3,0.000549
1785256525491570966,true,3,0.000334
1785256525528450007,true,3,0.000135
1785256525541911579,false,3,0.000135
1785256525584023912,true,3,0.000021
1785256525626886869,true,3,0.000428
1785256525681214442,true,4,0.000348
1785256525681276537,false,4,0.000348
1785256525731927155,true,4,0.000183
1785256525742466130,false,4,0.000183
1785256525787932391,true,3,0.000127
1785256525824944558,true,3,0.000269
1785256525880610784,true,4,0.000021
1785256525895005629,true,3,0.000272
1785256525932690859,true,3,0.000095
1785256525972744872,true,3,0.000200
1785256525975921411,false,3,0.000200
1785256526023574626,true,3,0.000423
1785256526042165525,false,3,0.000423
1785256526093842381,true,3,0.000305
1785256526122677882,true,3,0.000151
1785256526142000080,false,3,0.000151
1785256526195594934,true,4,0.000146
1785256526219902929,true,3,0.000195
1785256526282207787,true,4,0.000265
1785256526282244065,false,4,0.000265
1785256526318951333,true,3,0.000148
1785256526341932328,false,3,0.000148
1785256526392934632,true,3,0.000254
1785256526425594766,true,3,0.000063
1785256526481888044,true,4,0.000385
1785256526503404422,true,3,0.000013
1785256526516826736,true,3,0.000001
1785256526581892721,true,4,0.000182
1785256526581985466,false,4,0.000182
1785256526616219192,true,2,0.000165
1785256526642174276,false,2,0.000165
1785256526699265390,true,3,0.000288
1785256526715447658,true,3,0.000032
1785256526741897977,false,3,0.000032
1785256526808013811,true,4,0.000037
1785256526815828498,true,3,0.000244
1785256526882881620,true,3,0.000734
1785256526883901020,false,3,0.000734
1785256526915619558,true,3,0.000033
1785256526942605087,false,3,0.000033
1785256527001842147,true,3,0.000772
1785256527013836664,true,3,0.000112
1785256527041953158,false,3,0.000112
1785256527112342510,true,4,0.000074
1785256527116070078,true,2,0.000110
1785256527173502407,true,3,0.000106
1785256527175605508,false,3,0.000106
1785256527214043043,true,3,0.000145
1785256527242632462,false,3,0.000145
1785256527312797001,true,4,0.000614
1785256527316539144,true,2,0.000152
1785256527342178366,false,2,0.000152
1785256527436556963,true,5,0.000298
1785256527441618751,true,3,0.000000
1785256527470775224,true,3,0.001053
1785256527475810404,false,3,0.001053
1785256527514046641,true,3,0.000000
1785256527542394208,false,3,0.000000
1785256527621893779,true,4,0.001050
1785256527626282056,true,3,0.000000
1785256527666942580,true,3,0.000052
1785256527711733536,true,3,0.000153
1785256527717809009,true,3,0.000102
1785256527764964469,true,3,0.000417
1785256527775911745,false,3,0.000417
1785256527824734550,true,3,0.000001
1785256527842184690,false,3,0.000001
1785256527934336128,true,5,0.000300
1785256527943006500,true,3,0.000070
1785256527943168434,false,3,0.000070
1785256528010507732,true,3,0.000768
1785256528020244844,true,3,0.000069
1785256528061657344,true,3,0.000143
1785256528075884715,false,3,0.000143
1785256528120392186,true,3,0.000096
1785256528142347872,false,3,0.000096
1785256528221045301,true,4,0.000106
1785256528233720640,true,3,0.000064
1785256528242103163,false,3,0.000064
1785256528322331948,true,4,0.000245
1785256528346448116,true,3,0.000073
1785256528361207050,true,3,0.000056
1785256528375874181,false,3,0.000056
1785256528423541503,true,3,0.000334
1785256528442612570,false,3,0.000334
1785256528510375509,true,3,0.000264
1785256528528322812,true,3,0.000334
1785256528542165617,false,3,0.000334
1785256528618464334,true,4,0.000097
1785256528636582302,true,3,0.000056
1785256528652505394,true,3,0.000067
1785256528675705054,false,3,0.000067
1785256528728617822,true,3,0.000443
1785256528742493110,false,3,0.000443
1785256528818062658,true,4,0.000221
1785256528848839647,true,3,0.000046
1785256528856084210,true,2,0.000199
1785256528911230573,true,3,0.000307
1785256528934944431,true,3,0.000059
1785256528949049239,true,3,0.000000
1785256528975965822,false,3,0.000000
1785256529041762556,true,4,0.000054
1785256529042129939,false,4,0.000054
1785256529113579137,true,3,0.000129
1785256529142363321,true,3,0.000097
1785256529142405722,false,3,0.000097
1785256529211509091,true,3,0.000225
1785256529240029331,true,3,0.000057
1785256529255459601,true,2,0.000001
1785256529275978500,false,2,0.000001
1785256529338571161,true,3,0.000842
1785256529342525292,false,3,0.000842
1785256529409857027,true,3,0.000257
1785256529442487975,true,3,0.000259
1785256529442518761,false,3,0.000259
1785256529519361831,true,4,0.000321
1785256529553914213,true,3,0.000068
1785256529556619684,true,2,0.000003
1785256529575674243,false,2,0.000003
1785256529653699724,true,4,0.000059
1785256529653736598,false,4,0.000059
1785256529713099509,true,4,0.000211
1785256529751574964,true,3,0.000531
1785256529751776525,false,3,0.000531
1785256529820299510,true,4,0.000065
1785256529860453954,true,3,0.000239
1785256529864402803,true,2,0.000051
1785256529875838140,false,2,0.000051
1785256529947083345,true,3,0.000151
1785256529947119116,false,3,0.000151
1785256529997839949,true,3,0.000559
1785256530046344892,true,3,0.000273
1785256530051432464,true,2,0.000031
1785256530096114573,true,3,0.000030
1785256530146388850,true,3,0.000129
1785256530153026832,true,3,0.000043
1785256530175736680,false,3,0.000043
1785256530257078303,true,3,0.000402
1785256530258247469,false,3,0.000402
1785256530293966588,true,3,0.000160
1785256530345135502,true,3,0.000160
1785256530345321992,false,3,0.000160
1785256530392216702,true,3,0.000064
1785256530442646675,true,3,0.000078
1785256530453141572,true,3,0.000000
1785256530475949779,false,3,0.000000
1785256530540765136,true,3,0.000200
1785256530542283281,false,3,0.000200
1785256530589746878,true,3,0.000223
1785256530653299848,true,4,0.000223
1785256530653471626,false,4,0.000223
1785256530688561825,true,3,0.000171
1785256530751812036,true,3,0.000585
1785256530767752953,true,3,0.000064
1785256530775831707,false,3,0.000064
1785256530839951998,true,3,0.000116
1785256530842220316,false,3,0.000116
1785256530886171319,true,3,0.000085
1785256530948040840,true,4,0.000344
1785256530948098739,false,4,0.000344
1785256530985836038,true,3,0.000034
1785256531047141037,true,4,0.000264
1785256531066393208,true,3,0.000340
1785256531075549858,false,3,0.000340
1785256531137653629,true,3,0.000425
1785256531142191497,false,3,0.000425
1785256531181153285,true,2,0.000329
1785256531247781496,true,3,0.000642
1785256531248865934,false,3,0.000642
1785256531280561432,true,2,0.000024
1785256531337990210,true,3,0.001596
1785256531359254125,true,2,0.000065
1785256531375835346,false,2,0.000065
1785256531444588712,true,4,0.000058
1785256531444721855,false,4,0.000058
1785256531480997515,true,2,0.000126
1785256531545621245,true,4,0.000075
1785256531573216574,true,3,0.000095
1785256531581172042,true,2,0.000169
1785256531643629565,true,4,0.000081
1785256531688120693,true,4,0.000138
1785256531689610875,false,4,0.000138
1785256531738058213,true,3,0.000269
1785256531742128928,false,3,0.000269
1785256531781973671,true,3,0.000037
1785256531836704918,true,3,0.000126
1785256531872291127,true,3,0.000452
1785256531881256195,true,2,0.000154
1785256531935939753,true,3,0.000508
1785256531971936915,true,3,0.000046
1785256531975573726,false,3,0.000046
1785256532036715017,true,3,0.000194
1785256532042213549,false,3,0.000194
1785256532082763545,true,3,0.000153
1785256532152552012,true,4,0.000170
1785256532153622858,false,4,0.000170
1785256532181535023,true,3,0.000095
1785256532232708774,true,3,0.000208
1785256532274622155,true,3,0.000290
1785256532275759430,false,3,0.000290
1785256532332061219,true,3,0.000342
1785256532342263082,false,3,0.000342
1785256532381362540,true,3,0.000247
1785256532428439889,true,3,0.000353
1785256532474530058,true,3,0.000301
1785256532481264475,true,2,0.000082
1785256532527643202,true,3,0.000357
1785256532588524748,true,3,0.000476
1785256532589917054,false,3,0.000476
1785256532627685400,true,3,0.000324
1785256532642253773,false,3,0.000324
1785256532684630928,true,3,0.000149
1785256532715796591,true,2,0.000373
