record_time_ns,trace,minimum_eigenvalue,maximum_asymmetry
1785256486610845889,0.017000,0.000000,0.000000
1785256486643545848,0.017000,0.000000,0.000000
1785256486676111523,0.017000,0.000000,0.000000
1785256486710075527,0.017000,0.000000,0.000000
1785256486742463688,0.017000,0.000000,0.000000
1785256486776571055,0.017000,0.000000,0.000000
1785256486809810865,0.017000,0.000000,0.000000
1785256486843403216,0.017000,0.000000,0.000000
1785256486876624583,0.017000,0.000000,0.000000
1785256486909763508,0.017000,0.000000,0.000000
1785256486943960643,0.017000,0.000000,0.000000
1785256486976017086,0.017000,0.000000,0.000000
1785256487010149171,0.017000,0.000000,0.000000
1785256487042441519,0.017000,0.000000,0.000000
1785256487076599779,0.017000,0.000000,0.000000
1785256487110100012,0.017000,0.000000,0.000000
1785256487143517850,0.017000,0.000000,0.000000
1785256487176626669,0.017000,0.000000,0.000000
1785256487209841946,0.017000,0.000000,0.000000
1785256487243843647,0.017000,0.000000,0.000000
1785256487276177862,0.017000,0.000000,0.000000
1785256487310293937,0.017000,0.000000,0.000000
1785256487342768197,0.017000,0.000000,0.000000
1785256487376662843,0.017000,0.000000,0.000000
1785256487409861143,0.017000,0.000000,0.000000
1785256487443677686,0.017000,0.000000,0.000000
1785256487476542674,0.017000,0.000000,0.000000
1785256487509714760,0.017000,0.000000,0.000000
1785256487543646453,0.017000,0.000000,0.000000
1785256487576083890,0.017000,0.000000,0.000000
1785256487610321373,0.017000,0.000000,0.000000
1785256487642401393,0.017000,0.000000,0.000000
1785256487676387214,0.017000,0.000000,0.000000
1785256487709586365,0.017000,0.000000,0.000000
1785256487743411712,0.017000,0.000000,0.000000
1785256487776349184,0.017000,0.000000,0.000000
1785256487815294905,0.017425,0.000000,0.000000
1785256487852864053,0.018768,0.000000,0.000000
1785256487876244590,0.018768,0.000000,0.000000
1785256487972812382,0.014324,0.000000,0.000000
1785256487973204293,0.014324,0.000000,0.000000
1785256488017267374,0.009173,0.000000,0.000000
1785256488057302787,0.007030,0.000000,0.000000
1785256488066139013,0.007537,0.000000,0.000000
1785256488135003070,0.005000,0.000000,0.000000
1785256488174466153,0.004338,0.000000,0.000000
1785256488184571719,0.004421,0.000000,0.000000
1785256488184718214,0.004421,0.000000,0.000000
1785256488251529079,0.003710,0.000000,0.000000
1785256488251703697,0.003710,0.000000,0.000000
1785256488307457691,0.003429,0.000000,0.000000
1785256488337941854,0.003252,0.000000,0.000000
1785256488342324475,0.003252,0.000000,0.000000
1785256488412248940,0.003113,0.000000,0.000000
1785256488440927075,0.002922,0.000000,0.000000
1785256488451166048,0.002947,0.000000,0.000000
1785256488475842098,0.002947,0.000000,0.000000
1785256488538191652,0.002686,0.000000,0.000000
1785256488542338131,0.002686,0.000000,0.000000
1785256488604306745,0.002586,0.000000,0.000000
1785256488635426075,0.002451,0.000000,0.000000
1785256488652678227,0.002453,0.000000,0.000000
1785256488693856664,0.002401,0.000000,0.000000
1785256488730284533,0.002328,0.000000,0.000000
1785256488758272312,0.002328,0.000000,0.000000
1785256488776361560,0.002328,0.000000,0.000000
1785256488829612226,0.002274,0.000000,0.000000
1785256488842450099,0.002274,0.000000,0.000000
1785256488897523063,0.002258,0.000000,0.000000
1785256488928709873,0.002215,0.000000,0.000000
1785256488956126761,0.002211,0.000000,0.000000
1785256488975925221,0.002211,0.000000,0.000000
1785256489029526765,0.002189,0.000000,0.000000
1785256489061091126,0.002181,0.000000,0.000000
1785256489076013228,0.002181,0.000000,0.000000
1785256489129778736,0.002166,0.000000,0.000000
1785256489142863344,0.002166,0.000000,0.000000
1785256489193464533,0.002168,0.000000,0.000000
1785256489229036873,0.002146,0.000000,0.000000
1785256489261437755,0.002141,0.000000,0.000000
1785256489288530927,0.002143,0.000000,0.000000
1785256489329807176,0.002129,0.000000,0.000000
1785256489360501882,0.002128,0.000000,0.000000
1785256489376126611,0.002128,0.000000,0.000000
1785256489430560226,0.002124,0.000000,0.000000
1785256489442576620,0.002124,0.000000,0.000000
1785256489488808737,0.002135,0.000000,0.000000
1785256489531350829,0.002117,0.000000,0.000000
1785256489561187971,0.002113,0.000000,0.000000
1785256489585041656,0.002118,0.000000,0.000000
1785256489631001946,0.002107,0.000000,0.000000
1785256489667163133,0.002105,0.000000,0.000000
1785256489675847295,0.002105,0.000000,0.000000
1785256489730297707,0.002105,0.000000,0.000000
1785256489742666121,0.002105,0.000000,0.000000
1785256489784534181,0.002117,0.000000,0.000000
1785256489830094980,0.002103,0.000000,0.000000
1785256489865627107,0.002098,0.000000,0.000000
1785256489884467123,0.002104,0.000000,0.000000
1785256489932413008,0.002096,0.000000,0.000000
1785256489966078421,0.002093,0.000000,0.000000
1785256489976044171,0.002093,0.000000,0.000000
1785256490033348944,0.002094,0.000000,0.000000
1785256490042683721,0.002094,0.000000,0.000000
1785256490083284062,0.002106,0.000000,0.000000
1785256490136106014,0.002093,0.000000,0.000000
1785256490159841819,0.002089,0.000000,0.000000
1785256490182584971,0.002094,0.000000,0.000000
1785256490233478818,0.002088,0.000000,0.000000
1785256490266572350,0.002085,0.000000,0.000000
1785256490276202092,0.002085,0.000000,0.000000
1785256490333940446,0.002087,0.000000,0.000000
1785256490342375851,0.002087,0.000000,0.000000
1785256490382145040,0.002100,0.000000,0.000000
1785256490432493510,0.002088,0.000000,0.000000
1785256490466978815,0.002082,0.000000,0.000000
1785256490475867104,0.002082,0.000000,0.000000
1785256490530565367,0.002084,0.000000,0.000000
1785256490571737870,0.002080,0.000000,0.000000
1785256490576158455,0.002080,0.000000,0.000000
1785256490629837099,0.002083,0.000000,0.000000
1785256490642735946,0.002083,0.000000,0.000000
1785256490684484792,0.002095,0.000000,0.000000
1785256490728640601,0.002087,0.000000,0.000000
1785256490767021445,0.002079,0.000000,0.000000
1785256490784792274,0.002083,0.000000,0.000000
1785256490827806900,0.002081,0.000000,0.000000
1785256490865962362,0.002076,0.000000,0.000000
1785256490876073907,0.002076,0.000000,0.000000
1785256490930581762,0.002081,0.000000,0.000000
1785256490942470505,0.002081,0.000000,0.000000
1785256490986446516,0.002091,0.000000,0.000000
1785256491030290793,0.002086,0.000000,0.000000
1785256491064699477,0.002077,0.000000,0.000000
1785256491085328295,0.002079,0.000000,0.000000
1785256491126802817,0.002079,0.000000,0.000000
1785256491163961003,0.002075,0.000000,0.000000
1785256491176050591,0.002075,0.000000,0.000000
1785256491226526316,0.002081,0.000000,0.000000
1785256491242417278,0.002081,0.000000,0.000000
1785256491289473876,0.002087,0.000000,0.000000
1785256491323815737,0.002085,0.000000,0.000000
1785256491362574525,0.002076,0.000000,0.000000
1785256491390118063,0.002076,0.000000,0.000000
1785256491426830953,0.002078,0.000000,0.000000
1785256491464015877,0.002073,0.000000,0.000000
1785256491476035570,0.002073,0.000000,0.000000
1785256491523390702,0.002081,0.000000,0.000000
1785256491542361630,0.002081,0.000000,0.000000
1785256491592408934,0.002083,0.000000,0.000000
1785256491620160792,0.002085,0.000000,0.000000
1785256491664619324,0.002074,0.000000,0.000000
1785256491695144991,0.002073,0.000000,0.000000
1785256491720824343,0.002076,0.000000,0.000000
1785256491764205811,0.002071,0.000000,0.000000
1785256491775836409,0.002071,0.000000,0.000000
1785256491820813041,0.002081,0.000000,0.000000
1785256491842290349,0.002081,0.000000,0.000000
1785256491900195323,0.002080,0.000000,0.000000
1785256491919107123,0.002083,0.000000,0.000000
1785256491965877918,0.002073,0.000000,0.000000
1785256491998956855,0.002071,0.000000,0.000000
1785256492018157470,0.002075,0.000000,0.000000
1785256492067094305,0.002069,0.000000,0.000000
1785256492076138480,0.002069,0.000000,0.000000
1785256492117630390,0.002081,0.000000,0.000000
1785256492142674983,0.002081,0.000000,0.000000
1785256492197277524,0.002077,0.000000,0.000000
1785256492216707236,0.002081,0.000000,0.000000
1785256492268030357,0.002071,0.000000,0.000000
1785256492275985583,0.002071,0.000000,0.000000
1785256492319086408,0.002082,0.000000,0.000000
1785256492367690322,0.002072,0.000000,0.000000
1785256492376038838,0.002072,0.000000,0.000000
1785256492416018835,0.002083,0.000000,0.000000
1785256492442199941,0.002083,0.000000,0.000000
1785256492494316187,0.002073,0.000000,0.000000
1785256492515487306,0.002079,0.000000,0.000000
1785256492542044105,0.002079,0.000000,0.000000
1785256492602134587,0.002072,0.000000,0.000000
1785256492615541454,0.002077,0.000000,0.000000
1785256492663401730,0.002069,0.000000,0.000000
1785256492675743739,0.002069,0.000000,0.000000
1785256492716544847,0.002080,0.000000,0.000000
1785256492742839346,0.002080,0.000000,0.000000
1785256492797806677,0.002072,0.000000,0.000000
1785256492820602353,0.002076,0.000000,0.000000
1785256492857057117,0.002070,0.000000,0.000000
1785256492897060588,0.002065,0.000000,0.000000
1785256492917009915,0.002070,0.000000,0.000000
1785256492963203838,0.002067,0.000000,0.000000
1785256492976168728,0.002067,0.000000,0.000000
1785256493018067720,0.002078,0.000000,0.000000
1785256493042598848,0.002078,0.000000,0.000000
1785256493095987819,0.002072,0.000000,0.000000
1785256493118636205,0.002074,0.000000,0.000000
1785256493160824909,0.002070,0.000000,0.000000
1785256493195970303,0.002065,0.000000,0.000000
1785256493221400150,0.002069,0.000000,0.000000
1785256493260765356,0.002068,0.000000,0.000000
1785256493276019394,0.002068,0.000000,0.000000
1785256493319736130,0.002077,0.000000,0.000000
1785256493342473254,0.002077,0.000000,0.000000
1785256493396459057,0.002070,0.000000,0.000000
1785256493420203073,0.002072,0.000000,0.000000
1785256493459155099,0.002070,0.000000,0.000000
1785256493495455745,0.002065,0.000000,0.000000
1785256493521601264,0.002067,0.000000,0.000000
1785256493558857891,0.002067,0.000000,0.000000
1785256493575927796,0.002067,0.000000,0.000000
1785256493622634825,0.002075,0.000000,0.000000
1785256493642494629,0.002075,0.000000,0.000000
1785256493698170486,0.002069,0.000000,0.000000
1785256493724062932,0.002068,0.000000,0.000000
1785256493756993211,0.002069,0.000000,0.000000
1785256493796090953,0.002064,0.000000,0.000000
1785256493825525918,0.002065,0.000000,0.000000
1785256493856674489,0.002067,0.000000,0.000000
1785256493875906961,0.002067,0.000000,0.000000
1785256493927585644,0.002072,0.000000,0.000000
1785256493942609957,0.002072,0.000000,0.000000
1785256493995858040,0.002067,0.000000,0.000000
1785256494028318101,0.002066,0.000000,0.000000
1785256494051322461,0.002069,0.000000,0.000000
1785256494100585846,0.002063,0.000000,0.000000
1785256494129170679,0.002063,0.000000,0.000000
1785256494152825589,0.002067,0.000000,0.000000
1785256494175914851,0.002067,0.000000,0.000000
1785256494227432960,0.002069,0.000000,0.000000
1785256494242533362,0.002069,0.000000,0.000000
1785256494298429291,0.002065,0.000000,0.000000
1785256494330027557,0.002063,0.000000,0.000000
1785256494342232191,0.002063,0.000000,0.000000
1785256494397734766,0.002063,0.000000,0.000000
1785256494431453307,0.002062,0.000000,0.000000
1785256494450414960,0.002067,0.000000,0.000000
1785256494476131187,0.002067,0.000000,0.000000
1785256494531130917,0.002067,0.000000,0.000000
1785256494542474978,0.002067,0.000000,0.000000
1785256494602833092,0.002065,0.000000,0.000000
1785256494634140877,0.002061,0.000000,0.000000
1785256494650879277,0.002066,0.000000,0.000000
1785256494697950600,0.002062,0.000000,0.000000
1785256494733047952,0.002059,0.000000,0.000000
1785256494749819456,0.002065,0.000000,0.000000
1785256494775742763,0.002065,0.000000,0.000000
1785256494832025720,0.002064,0.000000,0.000000
1785256494842849072,0.002064,0.000000,0.000000
1785256494898999538,0.002064,0.000000,0.000000
1785256494933174810,0.002060,0.000000,0.000000
1785256494942511895,0.002060,0.000000,0.000000
1785256494998438663,0.002062,0.000000,0.000000
1785256495035976021,0.002059,0.000000,0.000000
1785256495050840670,0.002064,0.000000,0.000000
1785256495075816516,0.002064,0.000000,0.000000
1785256495131786456,0.002063,0.000000,0.000000
1785256495142624309,0.002063,0.000000,0.000000
1785256495198339117,0.002064,0.000000,0.000000
1785256495231819511,0.002060,0.000000,0.000000
1785256495250714989,0.002065,0.000000,0.000000
1785256495275990073,0.002065,0.000000,0.000000
1785256495333352142,0.002063,0.000000,0.000000
1785256495350753858,0.002067,0.000000,0.000000
1785256495376227012,0.002067,0.000000,0.000000
1785256495433876118,0.002063,0.000000,0.000000
1785256495442462978,0.002063,0.000000,0.000000
1785256495495800905,0.002065,0.000000,0.000000
1785256495536195540,0.002060,0.000000,0.000000
1785256495541912286,0.002060,0.000000,0.000000
1785256495594728939,0.002064,0.000000,0.000000
1785256495630179985,0.002060,0.000000,0.000000
1785256495654105142,0.002063,0.000000,0.000000
1785256495676168737,0.002063,0.000000,0.000000
1785256495732115647,0.002063,0.000000,0.000000
1785256495742564054,0.002063,0.000000,0.000000
1785256495793777349,0.002066,0.000000,0.000000
1785256495830347005,0.002061,0.000000,0.000000
1785256495856363762,0.002063,0.000000,0.000000
1785256495892641351,0.002063,0.000000,0.000000
1785256495929550624,0.002060,0.000000,0.000000
1785256495962603940,0.002062,0.000000,0.000000
1785256495975934189,0.002062,0.000000,0.000000
1785256496029978224,0.002062,0.000000,0.000000
1785256496042576081,0.002062,0.000000,0.000000
1785256496093557508,0.002068,0.000000,0.000000
1785256496129462154,0.002062,0.000000,0.000000
1785256496142243473,0.002062,0.000000,0.000000
1785256496189496279,0.002069,0.000000,0.000000
1785256496230417543,0.002061,0.000000,0.000000
1785256496260697409,0.002061,0.000000,0.000000
1785256496276051797,0.002061,0.000000,0.000000
1785256496329958106,0.002062,0.000000,0.000000
1785256496342471276,0.002062,0.000000,0.000000
1785256496387408366,0.002070,0.000000,0.000000
1785256496430717647,0.002062,0.000000,0.000000
1785256496466599758,0.002060,0.000000,0.000000
1785256496486573001,0.002064,0.000000,0.000000
1785256496530533524,0.002059,0.000000,0.000000
1785256496563216427,0.002059,0.000000,0.000000
1785256496576103909,0.002059,0.000000,0.000000
1785256496631641069,0.002061,0.000000,0.000000
1785256496642414122,0.002061,0.000000,0.000000
1785256496684654283,0.002070,0.000000,0.000000
1785256496731223316,0.002062,0.000000,0.000000
1785256496765038404,0.002060,0.000000,0.000000
1785256496783650113,0.002064,0.000000,0.000000
1785256496832535642,0.002059,0.000000,0.000000
1785256496870713623,0.002057,0.000000,0.000000
1785256496876088663,0.002057,0.000000,0.000000
1785256496933938821,0.002059,0.000000,0.000000
1785256496942477248,0.002059,0.000000,0.000000
1785256496983296455,0.002070,0.000000,0.000000
1785256497034405590,0.002061,0.000000,0.000000
1785256497066415060,0.002058,0.000000,0.000000
1785256497081280304,0.002063,0.000000,0.000000
1785256497135418802,0.002058,0.000000,0.000000
1785256497160732276,0.002056,0.000000,0.000000
1785256497175931010,0.002056,0.000000,0.000000
1785256497233771180,0.002059,0.000000,0.000000
1785256497242589554,0.002059,0.000000,0.000000
1785256497282356644,0.002070,0.000000,0.000000
1785256497330249739,0.002062,0.000000,0.000000
1785256497360033411,0.002057,0.000000,0.000000
1785256497382851113,0.002062,0.000000,0.000000
1785256497430295119,0.002059,0.000000,0.000000
1785256497468946946,0.002057,0.000000,0.000000
1785256497475944736,0.002057,0.000000,0.000000
1785256497530427799,0.002060,0.000000,0.000000
1785256497542436188,0.002060,0.000000,0.000000
1785256497582146258,0.002070,0.000000,0.000000
1785256497632902175,0.002064,0.000000,0.000000
1785256497667882812,0.002058,0.000000,0.000000
1785256497685215789,0.002062,0.000000,0.000000
1785256497734382128,0.002060,0.000000,0.000000
1785256497766740605,0.002057,0.000000,0.000000
1785256497775925086,0.002057,0.000000,0.000000
1785256497829843340,0.002062,0.000000,0.000000
1785256497842439039,0.002062,0.000000,0.000000
1785256497887375759,0.002070,0.000000,0.000000
1785256497928466200,0.002066,0.000000,0.000000
1785256497942065197,0.002066,0.000000,0.000000
1785256497987056957,0.002074,0.000000,0.000000
1785256498022335709,0.002068,0.000000,0.000000
1785256498065353070,0.002059,0.000000,0.000000
1785256498075894562,0.002059,0.000000,0.000000
1785256498127254167,0.002064,0.000000,0.000000
1785256498142367055,0.002064,0.000000,0.000000
1785256498189256231,0.002070,0.000000,0.000000
1785256498228556684,0.002068,0.000000,0.000000
1785256498265983239,0.002060,0.000000,0.000000
1785256498287157294,0.002061,0.000000,0.000000
1785256498323471360,0.002063,0.000000,0.000000
1785256498364152401,0.002059,0.000000,0.000000
1785256498376083501,0.002059,0.000000,0.000000
1785256498424129320,0.002066,0.000000,0.000000
1785256498442438480,0.002066,0.000000,0.000000
1785256498493064569,0.002069,0.000000,0.000000
1785256498520905276,0.002070,0.000000,0.000000
1785256498563827098,0.002061,0.000000,0.000000
1785256498593469486,0.002060,0.000000,0.000000
1785256498625805887,0.002063,0.000000,0.000000
1785256498665469498,0.002058,0.000000,0.000000
1785256498676007535,0.002058,0.000000,0.000000
1785256498720720762,0.002067,0.000000,0.000000
1785256498742446578,0.002067,0.000000,0.000000
1785256498796293074,0.002067,0.000000,0.000000
1785256498818679227,0.002070,0.000000,0.000000
1785256498866569813,0.002060,0.000000,0.000000
1785256498896486624,0.002058,0.000000,0.000000
1785256498917442523,0.002063,0.000000,0.000000
1785256498968203528,0.002058,0.000000,0.000000
1785256498975750194,0.002058,0.000000,0.000000
1785256499016038836,0.002068,0.000000,0.000000
1785256499042152667,0.002068,0.000000,0.000000
1785256499102652346,0.002065,0.000000,0.000000
1785256499116195569,0.002069,0.000000,0.000000
1785256499167825430,0.002059,0.000000,0.000000
1785256499175843836,0.002059,0.000000,0.000000
1785256499215800538,0.002070,0.000000,0.000000
1785256499267251024,0.002061,0.000000,0.000000
1785256499276196584,0.002061,0.000000,0.000000
1785256499316866230,0.002072,0.000000,0.000000
1785256499342715914,0.002072,0.000000,0.000000
1785256499402959614,0.002064,0.000000,0.000000
1785256499416256952,0.002069,0.000000,0.000000
1785256499466644705,0.002061,0.000000,0.000000
1785256499501323304,0.002057,0.000000,0.000000
1785256499520948453,0.002062,0.000000,0.000000
1785256499566263265,0.002059,0.000000,0.000000
1785256499575701304,0.002059,0.000000,0.000000
1785256499615391500,0.002069,0.000000,0.000000
1785256499642316880,0.002069,0.000000,0.000000
1785256499700463394,0.002063,0.000000,0.000000
1785256499716618116,0.002067,0.000000,0.000000
1785256499766633817,0.002061,0.000000,0.000000
1785256499800735118,0.002058,0.000000,0.000000
1785256499817723746,0.002061,0.000000,0.000000
1785256499865696828,0.002059,0.000000,0.000000
1785256499875732641,0.002059,0.000000,0.000000
1785256499918246522,0.002069,0.000000,0.000000
1785256499942243277,0.002069,0.000000,0.000000
1785256500003098776,0.002063,0.000000,0.000000
1785256500018460745,0.002066,0.000000,0.000000
1785256500063568986,0.002062,0.000000,0.000000
1785256500099296587,0.002058,0.000000,0.000000
1785256500118595450,0.002061,0.000000,0.000000
1785256500162751593,0.002060,0.000000,0.000000
1785256500176058578,0.002060,0.000000,0.000000
1785256500217490385,0.002069,0.000000,0.000000
1785256500242256787,0.002069,0.000000,0.000000
1785256500297899491,0.002062,0.000000,0.000000
1785256500321426655,0.002064,0.000000,0.000000
1785256500342154037,0.002064,0.000000,0.000000
1785256500397843731,0.002061,0.000000,0.000000
1785256500427492671,0.002062,0.000000,0.000000
1785256500460739875,0.002061,0.000000,0.000000
1785256500475900482,0.002061,0.000000,0.000000
1785256500522540134,0.002068,0.000000,0.000000
1785256500542520923,0.002068,0.000000,0.000000
1785256500595893696,0.002063,0.000000,0.000000
1785256500625201583,0.002062,0.000000,0.000000
1785256500658016131,0.002063,0.000000,0.000000
1785256500698339906,0.002058,0.000000,0.000000
1785256500721776540,0.002059,0.000000,0.000000
1785256500757574560,0.002061,0.000000,0.000000
1785256500776035606,0.002061,0.000000,0.000000
1785256500827039248,0.002065,0.000000,0.000000
1785256500842590680,0.002065,0.000000,0.000000
1785256500902105124,0.002061,0.000000,0.000000
1785256500929621478,0.002060,0.000000,0.000000
1785256500955251762,0.002063,0.000000,0.000000
1785256500975905931,0.002063,0.000000,0.000000
1785256501028759262,0.002065,0.000000,0.000000
1785256501053482646,0.002067,0.000000,0.000000
1785256501075706781,0.002067,0.000000,0.000000
1785256501129656182,0.002066,0.000000,0.000000
1785256501142255927,0.002066,0.000000,0.000000
1785256501198402900,0.002061,0.000000,0.000000
1785256501230962866,0.002058,0.000000,0.000000
1785256501250909958,0.002063,0.000000,0.000000
1785256501297856578,0.002058,0.000000,0.000000
1785256501337493704,0.002056,0.000000,0.000000
1785256501352366428,0.002061,0.000000,0.000000
1785256501376241104,0.002061,0.000000,0.000000
1785256501432692563,0.002061,0.000000,0.000000
1785256501442238336,0.002061,0.000000,0.000000
1785256501500400329,0.002060,0.000000,0.000000
1785256501534878221,0.002056,0.000000,0.000000
1785256501550007384,0.002061,0.000000,0.000000
1785256501598959095,0.002056,0.000000,0.000000
1785256501632999598,0.002055,0.000000,0.000000
1785256501650288272,0.002059,0.000000,0.000000
1785256501676108445,0.002059,0.000000,0.000000
1785256501733164315,0.002059,0.000000,0.000000
1785256501742383883,0.002059,0.000000,0.000000
1785256501804682136,0.002059,0.000000,0.000000
1785256501833964370,0.002055,0.000000,0.000000
1785256501851029112,0.002060,0.000000,0.000000
1785256501900306992,0.002056,0.000000,0.000000
1785256501926670704,0.002054,0.000000,0.000000
1785256501949906725,0.002059,0.000000,0.000000
1785256501975841942,0.002059,0.000000,0.000000
1785256502026453478,0.002059,0.000000,0.000000
1785256502042500625,0.002059,0.000000,0.000000
1785256502099774888,0.002059,0.000000,0.000000
1785256502132492796,0.002056,0.000000,0.000000
1785256502142181994,0.002056,0.000000,0.000000
1785256502197844699,0.002059,0.000000,0.000000
1785256502239039934,0.002055,0.000000,0.000000
1785256502251487839,0.002060,0.000000,0.000000
1785256502275886827,0.002060,0.000000,0.000000
1785256502334175264,0.002059,0.000000,0.000000
1785256502342255901,0.002059,0.000000,0.000000
1785256502395761804,0.002061,0.000000,0.000000
1785256502433704136,0.002056,0.000000,0.000000
1785256502452645669,0.002059,0.000000,0.000000
1785256502496548118,0.002058,0.000000,0.000000
1785256502532099666,0.002055,0.000000,0.000000
1785256502551651156,0.002059,0.000000,0.000000
1785256502575849064,0.002059,0.000000,0.000000
1785256502632190812,0.002059,0.000000,0.000000
1785256502642466832,0.002059,0.000000,0.000000
1785256502699262544,0.002063,0.000000,0.000000
1785256502731224610,0.002057,0.000000,0.000000
1785256502756524573,0.002059,0.000000,0.000000
1785256502793596554,0.002059,0.000000,0.000000
1785256502830953804,0.002055,0.000000,0.000000
1785256502857452356,0.002058,0.000000,0.000000
1785256502876090722,0.002058,0.000000,0.000000
1785256502931169452,0.002059,0.000000,0.000000
1785256502942297655,0.002059,0.000000,0.000000
1785256502991249550,0.002065,0.000000,0.000000
1785256503030803246,0.002058,0.000000,0.000000
1785256503059218332,0.002059,0.000000,0.000000
1785256503075686290,0.002059,0.000000,0.000000
1785256503135834694,0.002059,0.000000,0.000000
1785256503161549334,0.002058,0.000000,0.000000
1785256503175597881,0.002058,0.000000,0.000000
1785256503231440890,0.002059,0.000000,0.000000
1785256503242551080,0.002059,0.000000,0.000000
1785256503291393516,0.002066,0.000000,0.000000
1785256503325840157,0.002058,0.000000,0.000000
1785256503342314902,0.002058,0.000000,0.000000
1785256503387786233,0.002066,0.000000,0.000000
1785256503431272028,0.002059,0.000000,0.000000
1785256503466822709,0.002057,0.000000,0.000000
1785256503475900326,0.002057,0.000000,0.000000
1785256503532951650,0.002058,0.000000,0.000000
1785256503542513783,0.002058,0.000000,0.000000
1785256503585441740,0.002067,0.000000,0.000000
1785256503637885770,0.002059,0.000000,0.000000
1785256503668103820,0.002057,0.000000,0.000000
1785256503684839000,0.002061,0.000000,0.000000
1785256503734695941,0.002056,0.000000,0.000000
1785256503766330196,0.002055,0.000000,0.000000
1785256503775833428,0.002055,0.000000,0.000000
1785256503835111078,0.002057,0.000000,0.000000
1785256503842449739,0.002057,0.000000,0.000000
1785256503883212982,0.002067,0.000000,0.000000
1785256503934673976,0.002058,0.000000,0.000000
1785256503942347988,0.002058,0.000000,0.000000
1785256503982343687,0.002069,0.000000,0.000000
1785256504034854415,0.002059,0.000000,0.000000
1785256504073206261,0.002055,0.000000,0.000000
1785256504075755142,0.002055,0.000000,0.000000
1785256504134566098,0.002057,0.000000,0.000000
1785256504142357483,0.002057,0.000000,0.000000
1785256504182591431,0.002067,0.000000,0.000000
1785256504233349017,0.002059,0.000000,0.000000
1785256504269297160,0.002055,0.000000,0.000000
1785256504283378175,0.002059,0.000000,0.000000
1785256504330820742,0.002057,0.000000,0.000000
1785256504369297127,0.002054,0.000000,0.000000
1785256504376160187,0.002054,0.000000,0.000000
1785256504432313456,0.002057,0.000000,0.000000
1785256504442270375,0.002057,0.000000,0.000000
1785256504484413287,0.002067,0.000000,0.000000
1785256504529265834,0.002061,0.000000,0.000000
1785256504567165759,0.002055,0.000000,0.000000
1785256504582658414,0.002059,0.000000,0.000000
1785256504630455297,0.002057,0.000000,0.000000
1785256504666583705,0.002054,0.000000,0.000000
1785256504675767880,0.002054,0.000000,0.000000
1785256504731457743,0.002058,0.000000,0.000000
1785256504742266042,0.002058,0.000000,0.000000
1785256504786942688,0.002067,0.000000,0.000000
1785256504829569759,0.002063,0.000000,0.000000
1785256504866362219,0.002056,0.000000,0.000000
1785256504885074533,0.002059,0.000000,0.000000
1785256504927870024,0.002058,0.000000,0.000000
1785256504966149266,0.002055,0.000000,0.000000
1785256504975912989,0.002055,0.000000,0.000000
1785256505028436734,0.002060,0.000000,0.000000
1785256505042626709,0.002060,0.000000,0.000000
1785256505088886848,0.002067,0.000000,0.000000
1785256505126339806,0.002065,0.000000,0.000000
1785256505141837597,0.002065,0.000000,0.000000
1785256505194264304,0.002070,0.000000,0.000000
1785256505226081435,0.002067,0.000000,0.000000
1785256505265053828,0.002058,0.000000,0.000000
1785256505275815242,0.002058,0.000000,0.000000
1785256505325493477,0.002063,0.000000,0.000000
1785256505342553266,0.002063,0.000000,0.000000
1785256505397229246,0.002066,0.000000,0.000000
1785256505427882826,0.002067,0.000000,0.000000
1785256505467068956,0.002058,0.000000,0.000000
1785256505475630272,0.002058,0.000000,0.000000
1785256505522399473,0.002065,0.000000,0.000000
1785256505565456869,0.002059,0.000000,0.000000
1785256505576017630,0.002059,0.000000,0.000000
1785256505621628245,0.002066,0.000000,0.000000
1785256505642559105,0.002066,0.000000,0.000000
1785256505696169715,0.002066,0.000000,0.000000
1785256505718994354,0.002069,0.000000,0.000000
1785256505742021338,0.002069,0.000000,0.000000
1785256505796604696,0.002066,0.000000,0.000000
1785256505818310406,0.002068,0.000000,0.000000
1785256505868538339,0.002058,0.000000,0.000000
1785256505875871404,0.002058,0.000000,0.000000
1785256505922672772,0.002068,0.000000,0.000000
1785256505942375186,0.002068,0.000000,0.000000
1785256505998799830,0.002064,0.000000,0.000000
1785256506014557185,0.002068,0.000000,0.000000
1785256506066623415,0.002059,0.000000,0.000000
1785256506099990745,0.002057,0.000000,0.000000
1785256506114477145,0.002061,0.000000,0.000000
1785256506166790589,0.002057,0.000000,0.000000
1785256506176101416,0.002057,0.000000,0.000000
1785256506217211608,0.002067,0.000000,0.000000
1785256506242286568,0.002067,0.000000,0.000000
1785256506302145856,0.002062,0.000000,0.000000
1785256506314949604,0.002066,0.000000,0.000000
1785256506341843384,0.002066,0.000000,0.000000
1785256506406138392,0.002061,0.000000,0.000000
1785256506416462362,0.002064,0.000000,0.000000
1785256506466553578,0.002058,0.000000,0.000000
1785256506475681732,0.002058,0.000000,0.000000
1785256506515277169,0.002068,0.000000,0.000000
1785256506542161708,0.002068,0.000000,0.000000
1785256506599984507,0.002061,0.000000,0.000000
1785256506614982958,0.002065,0.000000,0.000000
1785256506666920145,0.002059,0.000000,0.000000
1785256506699476722,0.002055,0.000000,0.000000
1785256506717804047,0.002059,0.000000,0.000000
1785256506760340114,0.002057,0.000000,0.000000
1785256506775737721,0.002057,0.000000,0.000000
1785256506821301855,0.002067,0.000000,0.000000
1785256506842163006,0.002067,0.000000,0.000000
1785256506900199588,0.002061,0.000000,0.000000
1785256506916158834,0.002064,0.000000,0.000000
1785256506942030819,0.002064,0.000000,0.000000
1785256507001035725,0.002059,0.000000,0.000000
1785256507018502318,0.002063,0.000000,0.000000
1785256507064478758,0.002059,0.000000,0.000000
1785256507075625393,0.002059,0.000000,0.000000
1785256507119447490,0.002068,0.000000,0.000000
1785256507142014120,0.002068,0.000000,0.000000
1785256507199457113,0.002061,0.000000,0.000000
1785256507220533709,0.002063,0.000000,0.000000
1785256507263129606,0.002060,0.000000,0.000000
1785256507304265402,0.002056,0.000000,0.000000
1785256507323718806,0.002058,0.000000,0.000000
1785256507361617368,0.002059,0.000000,0.000000
1785256507375731915,0.002059,0.000000,0.000000
1785256507423483855,0.002066,0.000000,0.000000
1785256507442381685,0.002066,0.000000,0.000000
1785256507497276734,0.002061,0.000000,0.000000
1785256507521525135,0.002061,0.000000,0.000000
1785256507541927121,0.002061,0.000000,0.000000
1785256507597917598,0.002060,0.000000,0.000000
1785256507626761268,0.002059,0.000000,0.000000
1785256507658015516,0.002061,0.000000,0.000000
1785256507675738405,0.002061,0.000000,0.000000
1785256507729422647,0.002065,0.000000,0.000000
1785256507742150990,0.002065,0.000000,0.000000
1785256507803727710,0.002060,0.000000,0.000000
1785256507829648381,0.002058,0.000000,0.000000
1785256507854903350,0.002061,0.000000,0.000000
1785256507897508095,0.002056,0.000000,0.000000
1785256507929286071,0.002056,0.000000,0.000000
1785256507954391255,0.002059,0.000000,0.000000
1785256507975576640,0.002059,0.000000,0.000000
1785256508033150068,0.002062,0.000000,0.000000
1785256508042475528,0.002062,0.000000,0.000000
1785256508098290082,0.002059,0.000000,0.000000
1785256508131833328,0.002057,0.000000,0.000000
1785256508151857601,0.002061,0.000000,0.000000
1785256508203572087,0.002056,0.000000,0.000000
1785256508232451409,0.002055,0.000000,0.000000
1785256508251639703,0.002060,0.000000,0.000000
1785256508275969747,0.002060,0.000000,0.000000
1785256508327536682,0.002060,0.000000,0.000000
1785256508342385624,0.002060,0.000000,0.000000
1785256508399902339,0.002058,0.000000,0.000000
1785256508434803915,0.002055,0.000000,0.000000
1785256508450612382,0.002059,0.000000,0.000000
1785256508502666885,0.002055,0.000000,0.000000
1785256508526072321,0.002053,0.000000,0.000000
1785256508550295990,0.002058,0.000000,0.000000
1785256508576231920,0.002058,0.000000,0.000000
1785256508637414499,0.002058,0.000000,0.000000
1785256508642261476,0.002058,0.000000,0.000000
1785256508701143597,0.002058,0.000000,0.000000
1785256508733699932,0.002055,0.000000,0.000000
1785256508742288896,0.002055,0.000000,0.000000
1785256508796289093,0.002056,0.000000,0.000000
1785256508833743865,0.002054,0.000000,0.000000
1785256508849340460,0.002059,0.000000,0.000000
1785256508875707810,0.002059,0.000000,0.000000
1785256508927567129,0.002058,0.000000,0.000000
1785256508942543810,0.002058,0.000000,0.000000
1785256508999816245,0.002058,0.000000,0.000000
1785256509035418549,0.002054,0.000000,0.000000
1785256509050115064,0.002059,0.000000,0.000000
1785256509103067760,0.002056,0.000000,0.000000
1785256509128210377,0.002053,0.000000,0.000000
1785256509151358339,0.002058,0.000000,0.000000
1785256509175966782,0.002058,0.000000,0.000000
1785256509235229121,0.002057,0.000000,0.000000
1785256509242313046,0.002057,0.000000,0.000000
1785256509297566179,0.002059,0.000000,0.000000
1785256509333854921,0.002055,0.000000,0.000000
1785256509342357094,0.002055,0.000000,0.000000
1785256509396031890,0.002058,0.000000,0.000000
1785256509432076321,0.002054,0.000000,0.000000
1785256509453664867,0.002058,0.000000,0.000000
1785256509475897700,0.002058,0.000000,0.000000
1785256509532796598,0.002057,0.000000,0.000000
1785256509542680235,0.002057,0.000000,0.000000
1785256509600034782,0.002061,0.000000,0.000000
1785256509631950233,0.002056,0.000000,0.000000
1785256509657382355,0.002058,0.000000,0.000000
1785256509694383750,0.002058,0.000000,0.000000
1785256509731092679,0.002054,0.000000,0.000000
1785256509757670413,0.002057,0.000000,0.000000
1785256509775877200,0.002057,0.000000,0.000000
1785256509830808209,0.002057,0.000000,0.000000
1785256509842436253,0.002057,0.000000,0.000000
1785256509893677408,0.002062,0.000000,0.000000
1785256509931660755,0.002057,0.000000,0.000000
1785256509959298445,0.002058,0.000000,0.000000
1785256509975615285,0.002058,0.000000,0.000000
1785256510042324214,0.002058,0.000000,0.000000
1785256510061639350,0.002058,0.000000,0.000000
1785256510076044652,0.002058,0.000000,0.000000
1785256510132120290,0.002058,0.000000,0.000000
1785256510142480599,0.002058,0.000000,0.000000
1785256510191043820,0.002064,0.000000,0.000000
1785256510230134922,0.002058,0.000000,0.000000
1785256510262215811,0.002057,0.000000,0.000000
1785256510287933375,0.002060,0.000000,0.000000
1785256510331476950,0.002055,0.000000,0.000000
1785256510364407292,0.002055,0.000000,0.000000
1785256510376027253,0.002055,0.000000,0.000000
1785256510432898233,0.002056,0.000000,0.000000
1785256510442370788,0.002056,0.000000,0.000000
1785256510490524116,0.002065,0.000000,0.000000
1785256510533456494,0.002058,0.000000,0.000000
1785256510542141280,0.002058,0.000000,0.000000
1785256510584149968,0.002067,0.000000,0.000000
1785256510636851464,0.002058,0.000000,0.000000
1785256510665329217,0.002055,0.000000,0.000000
1785256510675894192,0.002055,0.000000,0.000000
1785256510735670742,0.002056,0.000000,0.000000
1785256510742206973,0.002056,0.000000,0.000000
1785256510782807332,0.002066,0.000000,0.000000
1785256510837632504,0.002057,0.000000,0.000000
1785256510867580816,0.002055,0.000000,0.000000
1785256510882510155,0.002059,0.000000,0.000000
1785256510940622058,0.002055,0.000000,0.000000
1785256510969461845,0.002053,0.000000,0.000000
1785256510975865267,0.002053,0.000000,0.000000
1785256511032782341,0.002056,0.000000,0.000000
1785256511042216924,0.002056,0.000000,0.000000
1785256511083146469,0.002066,0.000000,0.000000
1785256511134304131,0.002059,0.000000,0.000000
1785256511141937177,0.002059,0.000000,0.000000
1785256511183282722,0.002069,0.000000,0.000000
1785256511231503819,0.002060,0.000000,0.000000
1785256511261822424,0.002055,0.000000,0.000000
1785256511275878776,0.002055,0.000000,0.000000
1785256511326903677,0.002057,0.000000,0.000000
1785256511342371776,0.002057,0.000000,0.000000
1785256511384490238,0.002067,0.000000,0.000000
1785256511438607105,0.002060,0.000000,0.000000
1785256511442032826,0.002060,0.000000,0.000000
1785256511485348517,0.002069,0.000000,0.000000
1785256511531135854,0.002061,0.000000,0.000000
1785256511566483461,0.002055,0.000000,0.000000
1785256511576103083,0.002055,0.000000,0.000000
1785256511626003685,0.002058,0.000000,0.000000
1785256511642193829,0.002058,0.000000,0.000000
1785256511685565571,0.002068,0.000000,0.000000
1785256511732719491,0.002063,0.000000,0.000000
1785256511742128039,0.002063,0.000000,0.000000
1785256511786999027,0.002071,0.000000,0.000000
1785256511833015735,0.002065,0.000000,0.000000
1785256511865617621,0.002057,0.000000,0.000000
1785256511875718391,0.002057,0.000000,0.000000
1785256511934123661,0.002061,0.000000,0.000000
1785256511942185791,0.002061,0.000000,0.000000
1785256511991360094,0.002068,0.000000,0.000000
1785256512026440173,0.002065,0.000000,0.000000
1785256512064667852,0.002057,0.000000,0.000000
1785256512090888445,0.002059,0.000000,0.000000
1785256512126550719,0.002059,0.000000,0.000000
1785256512164146277,0.002056,0.000000,0.000000
1785256512175954993,0.002056,0.000000,0.000000
1785256512225766472,0.002062,0.000000,0.000000
1785256512242384457,0.002062,0.000000,0.000000
1785256512293062789,0.002066,0.000000,0.000000
1785256512323512493,0.002067,0.000000,0.000000
1785256512370374370,0.002058,0.000000,0.000000
1785256512394430751,0.002057,0.000000,0.000000
1785256512422030934,0.002059,0.000000,0.000000
1785256512464306886,0.002056,0.000000,0.000000
1785256512475812020,0.002056,0.000000,0.000000
1785256512521621816,0.002064,0.000000,0.000000
1785256512542204959,0.002064,0.000000,0.000000
1785256512598053243,0.002064,0.000000,0.000000
1785256512619427100,0.002067,0.000000,0.000000
1785256512665507875,0.002057,0.000000,0.000000
1785256512675817329,0.002057,0.000000,0.000000
1785256512718114073,0.002066,0.000000,0.000000
1785256512768282427,0.002057,0.000000,0.000000
1785256512775732281,0.002057,0.000000,0.000000
1785256512826661532,0.002067,0.000000,0.000000
1785256512842526404,0.002067,0.000000,0.000000
1785256512904934387,0.002063,0.000000,0.000000
1785256512916895198,0.002067,0.000000,0.000000
1785256512941870534,0.002067,0.000000,0.000000
1785256512999910298,0.002062,0.000000,0.000000
1785256513016826815,0.002066,0.000000,0.000000
1785256513066739677,0.002058,0.000000,0.000000
1785256513075878580,0.002058,0.000000,0.000000
1785256513117614584,0.002068,0.000000,0.000000
1785256513142359936,0.002068,0.000000,0.000000
1785256513202353282,0.002062,0.000000,0.000000
1785256513216530674,0.002066,0.000000,0.000000
1785256513268683558,0.002058,0.000000,0.000000
1785256513306992789,0.002055,0.000000,0.000000
1785256513316867611,0.002060,0.000000,0.000000
1785256513367196812,0.002056,0.000000,0.000000
1785256513376038586,0.002056,0.000000,0.000000
1785256513416903681,0.002066,0.000000,0.000000
1785256513442189364,0.002066,0.000000,0.000000
1785256513500178885,0.002069,0.000000,0.000000
1785256513517022102,0.002072,0.000000,0.000000
1785256513541973955,0.002072,0.000000,0.000000
1785256513600609886,0.002066,0.000000,0.000000
1785256513617085031,0.002070,0.000000,0.000000
1785256513671628448,0.002062,0.000000,0.000000
1785256513675548641,0.002062,0.000000,0.000000
1785256513719343188,0.002072,0.000000,0.000000
1785256513742319306,0.002072,0.000000,0.000000
1785256513810335756,0.002062,0.000000,0.000000
1785256513819953417,0.002066,0.000000,0.000000
1785256513866124842,0.002060,0.000000,0.000000
1785256513900625665,0.002055,0.000000,0.000000
1785256513916161467,0.002059,0.000000,0.000000
1785256513963511930,0.002058,0.000000,0.000000
1785256513975611297,0.002058,0.000000,0.000000
1785256514019443199,0.002067,0.000000,0.000000
1785256514042086151,0.002067,0.000000,0.000000
1785256514098483718,0.002061,0.000000,0.000000
1785256514120811839,0.002062,0.000000,0.000000
1785256514141791528,0.002062,0.000000,0.000000
1785256514197185968,0.002059,0.000000,0.000000
1785256514227204444,0.002061,0.000000,0.000000
1785256514262018973,0.002059,0.000000,0.000000
1785256514275758772,0.002059,0.000000,0.000000
1785256514323983247,0.002066,0.000000,0.000000
1785256514342348797,0.002066,0.000000,0.000000
1785256514397960673,0.002061,0.000000,0.000000
1785256514425353572,0.002060,0.000000,0.000000
1785256514459339644,0.002061,0.000000,0.000000
1785256514497093276,0.002056,0.000000,0.000000
1785256514528482149,0.002057,0.000000,0.000000
1785256514558482057,0.002058,0.000000,0.000000
1785256514576063160,0.002058,0.000000,0.000000
1785256514626246539,0.002064,0.000000,0.000000
1785256514642478065,0.002064,0.000000,0.000000
1785256514702220243,0.002059,0.000000,0.000000
1785256514727714125,0.002058,0.000000,0.000000
1785256514742443766,0.002058,0.000000,0.000000
1785256514797749476,0.002058,0.000000,0.000000
1785256514829689179,0.002057,0.000000,0.000000
1785256514854640906,0.002060,0.000000,0.000000
1785256514875930315,0.002060,0.000000,0.000000
1785256514931672588,0.002062,0.000000,0.000000
1785256514942494859,0.002062,0.000000,0.000000
1785256514997933953,0.002059,0.000000,0.000000
1785256515031078137,0.002056,0.000000,0.000000
1785256515052862388,0.002060,0.000000,0.000000
1785256515100670753,0.002056,0.000000,0.000000
1785256515138631457,0.002054,0.000000,0.000000
1785256515150549962,0.002058,0.000000,0.000000
1785256515175716409,0.002058,0.000000,0.000000
1785256515231312472,0.002060,0.000000,0.000000
1785256515242350258,0.002060,0.000000,0.000000
1785256515307984817,0.002057,0.000000,0.000000
1785256515334227373,0.002054,0.000000,0.000000
1785256515342058380,0.002054,0.000000,0.000000
1785256515413706448,0.002054,0.000000,0.000000
1785256515448476066,0.002052,0.000000,0.000000
1785256515454852247,0.002057,0.000000,0.000000
1785256515475621810,0.002057,0.000000,0.000000
1785256515536397586,0.002055,0.000000,0.000000
1785256515542357788,0.002055,0.000000,0.000000
1785256515607779977,0.002052,0.000000,0.000000
1785256515646895066,0.002048,0.000000,0.000000
1785256515654208390,0.002053,0.000000,0.000000
1785256515710937560,0.002047,0.000000,0.000000
1785256515750384425,0.002044,0.000000,0.000000
1785256515756602050,0.002049,0.000000,0.000000
1785256515775552207,0.002049,0.000000,0.000000
1785256515844576347,0.002044,0.000000,0.000000
1785256515844772310,0.002044,0.000000,0.000000
1785256515904892999,0.002043,0.000000,0.000000
1785256515943261945,0.002037,0.000000,0.000000
1785256515943424151,0.002037,0.000000,0.000000
1785256515998974013,0.002039,0.000000,0.000000
1785256516038152279,0.002033,0.000000,0.000000
1785256516054826277,0.002038,0.000000,0.000000
1785256516075621405,0.002038,0.000000,0.000000
1785256516147104116,0.002034,0.000000,0.000000
1785256516147243304,0.002034,0.000000,0.000000
1785256516204029672,0.002036,0.000000,0.000000
1785256516238887233,0.002029,0.000000,0.000000
1785256516242067611,0.002029,0.000000,0.000000
1785256516296528903,0.002033,0.000000,0.000000
1785256516340288197,0.002028,0.000000,0.000000
1785256516351823848,0.002032,0.000000,0.000000
1785256516376027383,0.002032,0.000000,0.000000
1785256516440552809,0.002029,0.000000,0.000000
1785256516442260677,0.002029,0.000000,0.000000
1785256516499759154,0.002034,0.000000,0.000000
1785256516540044074,0.002027,0.000000,0.000000
1785256516541837216,0.002027,0.000000,0.000000
1785256516600099300,0.002032,0.000000,0.000000
1785256516640992255,0.002025,0.000000,0.000000
1785256516656823908,0.002028,0.000000,0.000000
1785256516675793087,0.002028,0.000000,0.000000
1785256516741428818,0.002026,0.000000,0.000000
1785256516742295239,0.002026,0.000000,0.000000
1785256516790969888,0.002032,0.000000,0.000000
1785256516841633001,0.002023,0.000000,0.000000
1785256516841801359,0.002023,0.000000,0.000000
1785256516890292425,0.002030,0.000000,0.000000
1785256516941708739,0.002021,0.000000,0.000000
1785256516960649469,0.002022,0.000000,0.000000
1785256516975695087,0.002022,0.000000,0.000000
1785256517042257432,0.002019,0.000000,0.000000
1785256517042454237,0.002019,0.000000,0.000000
1785256517094638323,0.002027,0.000000,0.000000
1785256517144289967,0.002017,0.000000,0.000000
1785256517144459567,0.002017,0.000000,0.000000
1785256517185548183,0.002026,0.000000,0.000000
1785256517243725996,0.002014,0.000000,0.000000
1785256517266117885,0.002013,0.000000,0.000000
1785256517275787149,0.002013,0.000000,0.000000
1785256517341641952,0.002010,0.000000,0.000000
1785256517342289756,0.002010,0.000000,0.000000
1785256517382799514,0.002020,0.000000,0.000000
1785256517441854761,0.002008,0.000000,0.000000
1785256517467455231,0.002006,0.000000,0.000000
1785256517481640727,0.002011,0.000000,0.000000
1785256517548421089,0.002001,0.000000,0.000000
1785256517574557192,0.002000,0.000000,0.000000
1785256517575660541,0.002000,0.000000,0.000000
1785256517644451102,0.001998,0.000000,0.000000
1785256517644577586,0.001998,0.000000,0.000000
1785256517681087363,0.002009,0.000000,0.000000
1785256517741196626,0.001997,0.000000,0.000000
1785256517770509656,0.001993,0.000000,0.000000
1785256517775558971,0.001993,0.000000,0.000000
1785256517839559523,0.001991,0.000000,0.000000
1785256517876116754,0.001987,0.000000,0.000000
1785256517876313106,0.001987,0.000000,0.000000
1785256517942234634,0.001986,0.000000,0.000000
1785256517942399037,0.001986,0.000000,0.000000
1785256517981790599,0.001997,0.000000,0.000000
1785256518055063674,0.001986,0.000000,0.000000
1785256518090111466,0.001978,0.000000,0.000000
1785256518096273152,0.001983,0.000000,0.000000
1785256518138905830,0.001976,0.000000,0.000000
1785256518180838847,0.001969,0.000000,0.000000
1785256518181018591,0.001969,0.000000,0.000000
1785256518235699488,0.001970,0.000000,0.000000
1785256518242148749,0.001970,0.000000,0.000000
1785256518281826349,0.001980,0.000000,0.000000
1785256518333175792,0.001970,0.000000,0.000000
1785256518341925232,0.001970,0.000000,0.000000
1785256518382030281,0.001980,0.000000,0.000000
1785256518438904674,0.001967,0.000000,0.000000
1785256518485271833,0.001951,0.000000,0.000000
1785256518485986197,0.001951,0.000000,0.000000
1785256518531360167,0.001952,0.000000,0.000000
1785256518542321406,0.001952,0.000000,0.000000
1785256518581732966,0.001962,0.000000,0.000000
1785256518628003134,0.001955,0.000000,0.000000
1785256518687595739,0.001935,0.000000,0.000000
1785256518693796485,0.001939,0.000000,0.000000
1785256518727603773,0.001936,0.000000,0.000000
1785256518787909363,0.001924,0.000000,0.000000
1785256518788035325,0.001924,0.000000,0.000000
1785256518827851332,0.001928,0.000000,0.000000
1785256518842293011,0.001928,0.000000,0.000000
1785256518885020749,0.001934,0.000000,0.000000
1785256518931404434,0.001929,0.000000,0.000000
1785256518985580185,0.001905,0.000000,0.000000
1785256518997811475,0.001907,0.000000,0.000000
1785256519024693830,0.001905,0.000000,0.000000
1785256519086055002,0.001886,0.000000,0.000000
1785256519086196984,0.001886,0.000000,0.000000
1785256519124105638,0.001892,0.000000,0.000000
1785256519142313929,0.001892,0.000000,0.000000
1785256519190131774,0.001893,0.000000,0.000000
1785256519220958359,0.001890,0.000000,0.000000
1785256519241900454,0.001890,0.000000,0.000000
1785256519296434582,0.001883,0.000000,0.000000
1785256519319331727,0.001880,0.000000,0.000000
1785256519395627583,0.001837,0.000000,0.000000
1785256519396737803,0.001837,0.000000,0.000000
1785256519418270710,0.001845,0.000000,0.000000
1785256519442307029,0.001845,0.000000,0.000000
1785256519499010719,0.001837,0.000000,0.000000
1785256519515970420,0.001838,0.000000,0.000000
1785256519542023116,0.001838,0.000000,0.000000
1785256519600304264,0.001824,0.000000,0.000000
1785256519615484635,0.001825,0.000000,0.000000
1785256519684831179,0.001785,0.000000,0.000000
1785256519684945542,0.001785,0.000000,0.000000
1785256519716410738,0.001794,0.000000,0.000000
1785256519742407321,0.001794,0.000000,0.000000
1785256519797578779,0.001781,0.000000,0.000000
1785256519814525280,0.001784,0.000000,0.000000
1785256519887934946,0.001752,0.000000,0.000000
1785256519914141536,0.001744,0.000000,0.000000
1785256519920651115,0.001748,0.000000,0.000000
1785256519981995103,0.001731,0.000000,0.000000
1785256519982170815,0.001731,0.000000,0.000000
1785256520016021348,0.001741,0.000000,0.000000
1785256520042458569,0.001741,0.000000,0.000000
1785256520111749024,0.001722,0.000000,0.000000
1785256520118021747,0.001725,0.000000,0.000000
1785256520178877141,0.001701,0.000000,0.000000
1785256520215596390,0.001689,0.000000,0.000000
1785256520222482777,0.001693,0.000000,0.000000
1785256520277577625,0.001679,0.000000,0.000000
1785256520278469749,0.001679,0.000000,0.000000
1785256520316394740,0.001689,0.000000,0.000000
1785256520342510508,0.001689,0.000000,0.000000
1785256520410464461,0.001668,0.000000,0.000000
1785256520418047957,0.001671,0.000000,0.000000
1785256520475168222,0.001652,0.000000,0.000000
1785256520504946021,0.001639,0.000000,0.000000
1785256520514804986,0.001643,0.000000,0.000000
1785256520568351072,0.001632,0.000000,0.000000
1785256520575648902,0.001632,0.000000,0.000000
1785256520616253625,0.001641,0.000000,0.000000
1785256520642381984,0.001641,0.000000,0.000000
1785256520711468285,0.001619,0.000000,0.000000
1785256520727054697,0.001621,0.000000,0.000000
1785256520741888567,0.001621,0.000000,0.000000
1785256520819246107,0.001603,0.000000,0.000000
1785256520829353496,0.001603,0.000000,0.000000
1785256520870892044,0.001592,0.000000,0.000000
1785256520875633915,0.001592,0.000000,0.000000
1785256520922216131,0.001596,0.000000,0.000000
1785256520942382784,0.001596,0.000000,0.000000
1785256521010089914,0.001576,0.000000,0.000000
1785256521027188677,0.001574,0.000000,0.000000
1785256521062840094,0.001565,0.000000,0.000000
1785256521101887683,0.001551,0.000000,0.000000
1785256521123409701,0.001551,0.000000,0.000000
1785256521169878446,0.001545,0.000000,0.000000
1785256521175878954,0.001545,0.000000,0.000000
1785256521224598460,0.001549,0.000000,0.000000
1785256521242414830,0.001549,0.000000,0.000000
1785256521313969358,0.001531,0.000000,0.000000
1785256521330415223,0.001526,0.000000,0.000000
1785256521341949379,0.001526,0.000000,0.000000
1785256521407099370,0.001516,0.000000,0.000000
1785256521426791926,0.001509,0.000000,0.000000
1785256521457571177,0.001506,0.000000,0.000000
1785256521476039978,0.001506,0.000000,0.000000
1785256521530108105,0.001504,0.000000,0.000000
1785256521542280304,0.001504,0.000000,0.000000
1785256521610555462,0.001486,0.000000,0.000000
1785256521632351476,0.001478,0.000000,0.000000
1785256521660545942,0.001478,0.000000,0.000000
1785256521702632995,0.001465,0.000000,0.000000
1785256521730680630,0.001461,0.000000,0.000000
1785256521755442107,0.001462,0.000000,0.000000
1785256521775863614,0.001462,0.000000,0.000000
1785256521831881512,0.001458,0.000000,0.000000
1785256521842303047,0.001458,0.000000,0.000000
1785256521910354275,0.001441,0.000000,0.000000
1785256521940080790,0.001434,0.000000,0.000000
1785256521941832732,0.001434,0.000000,0.000000
1785256522017443637,0.001423,0.000000,0.000000
1785256522048694027,0.001419,0.000000,0.000000
1785256522060419785,0.001422,0.000000,0.000000
1785256522076122963,0.001422,0.000000,0.000000
1785256522156537494,0.001415,0.000000,0.000000
1785256522157602250,0.001415,0.000000,0.000000
1785256522231447658,0.001392,0.000000,0.000000
1785256522259608385,0.001382,0.000000,0.000000
1785256522259737513,0.001382,0.000000,0.000000
1785256522323875640,0.001368,0.000000,0.000000
1785256522355630466,0.001360,0.000000,0.000000
1785256522361945166,0.001365,0.000000,0.000000
1785256522375954257,0.001365,0.000000,0.000000
1785256522448357402,0.001345,0.000000,0.000000
1785256522448514164,0.001345,0.000000,0.000000
1785256522521143999,0.001318,0.000000,0.000000
1785256522556808597,0.001301,0.000000,0.000000
1785256522556937548,0.001301,0.000000,0.000000
1785256522622775287,0.001284,0.000000,0.000000
1785256522669360742,0.001268,0.000000,0.000000
1785256522675080989,0.001273,0.000000,0.000000
1785256522675896175,0.001273,0.000000,0.000000
1785256522756653985,0.001243,0.000000,0.000000
1785256522756811525,0.001243,0.000000,0.000000
1785256522816810208,0.001226,0.000000,0.000000
1785256522865198954,0.001202,0.000000,0.000000
1785256522865233481,0.001202,0.000000,0.000000
1785256522905954371,0.001192,0.000000,0.000000
1785256522948534209,0.001171,0.000000,0.000000
1785256522954653587,0.001175,0.000000,0.000000
1785256522975775784,0.001175,0.000000,0.000000
1785256523045423294,0.001147,0.000000,0.000000
1785256523045554562,0.001147,0.000000,0.000000
1785256523110670511,0.001140,0.000000,0.000000
1785256523170265915,0.001114,0.000000,0.000000
1785256523178964541,0.001118,0.000000,0.000000
1785256523204021095,0.001110,0.000000,0.000000
1785256523258658606,0.001088,0.000000,0.000000
1785256523267229497,0.001092,0.000000,0.000000
1785256523275638966,0.001092,0.000000,0.000000
1785256523351351555,0.001070,0.000000,0.000000
1785256523351516374,0.001070,0.000000,0.000000
1785256523400881385,0.001071,0.000000,0.000000
1785256523455676101,0.001046,0.000000,0.000000
1785256523455833170,0.001046,0.000000,0.000000
1785256523496249694,0.001050,0.000000,0.000000
1785256523551932094,0.001029,0.000000,0.000000
1785256523570519176,0.001032,0.000000,0.000000
1785256523575738235,0.001032,0.000000,0.000000
1785256523662155414,0.001016,0.000000,0.000000
1785256523662317564,0.001016,0.000000,0.000000
1785256523689074776,0.001022,0.000000,0.000000
1785256523763273005,0.001001,0.000000,0.000000
1785256523763400662,0.001001,0.000000,0.000000
1785256523787970841,0.001008,0.000000,0.000000
1785256523860846281,0.000989,0.000000,0.000000
1785256523875588531,0.000991,0.000000,0.000000
1785256523875763086,0.000991,0.000000,0.000000
1785256523951314893,0.000978,0.000000,0.000000
1785256523951466001,0.000978,0.000000,0.000000
1785256523984886135,0.000987,0.000000,0.000000
1785256524047043863,0.000968,0.000000,0.000000
1785256524073204350,0.000968,0.000000,0.000000
1785256524075634873,0.000968,0.000000,0.000000
1785256524159143935,0.000957,0.000000,0.000000
1785256524177957692,0.000958,0.000000,0.000000
1785256524177988550,0.000958,0.000000,0.000000
1785256524250093414,0.000949,0.000000,0.000000
1785256524250213082,0.000949,0.000000,0.000000
1785256524284126820,0.000960,0.000000,0.000000
1785256524343034334,0.000945,0.000000,0.000000
1785256524343086033,0.000945,0.000000,0.000000
1785256524381011306,0.000956,0.000000,0.000000
1785256524451101136,0.000940,0.000000,0.000000
1785256524473988936,0.000938,0.000000,0.000000
1785256524475650102,0.000938,0.000000,0.000000
1785256524546852550,0.000935,0.000000,0.000000
1785256524547002000,0.000935,0.000000,0.000000
1785256524589431680,0.000946,0.000000,0.000000
1785256524657398138,0.000935,0.000000,0.000000
1785256524683197810,0.000931,0.000000,0.000000
1785256524687656698,0.000936,0.000000,0.000000
1785256524736186084,0.000929,0.000000,0.000000
1785256524769287866,0.000927,0.000000,0.000000
1785256524775944732,0.000927,0.000000,0.000000
1785256524837375028,0.000927,0.000000,0.000000
1785256524842196175,0.000927,0.000000,0.000000
1785256524881006324,0.000938,0.000000,0.000000
1785256524944082108,0.000929,0.000000,0.000000
1785256524944201712,0.000929,0.000000,0.000000
1785256524981009841,0.000940,0.000000,0.000000
1785256525044077341,0.000928,0.000000,0.000000
1785256525075786223,0.000921,0.000000,0.000000
1785256525075892996,0.000921,0.000000,0.000000
1785256525136413422,0.000922,0.000000,0.000000
1785256525142394200,0.000922,0.000000,0.000000
1785256525182818579,0.000932,0.000000,0.000000
1785256525233930133,0.000923,0.000000,0.000000
1785256525280648512,0.000916,0.000000,0.000000
1785256525288640491,0.000920,0.000000,0.000000
1785256525331953823,0.000917,0.000000,0.000000
1785256525380623213,0.000911,0.000000,0.000000
1785256525380798037,0.000911,0.000000,0.000000
1785256525431806699,0.000912,0.000000,0.000000
1785256525442142747,0.000912,0.000000,0.000000
1785256525491570966,0.000921,0.000000,0.000000
1785256525528450007,0.000914,0.000000,0.000000
1785256525541911579,0.000914,0.000000,0.000000
1785256525584023912,0.000921,0.000000,0.000000
1785256525626886869,0.000913,0.000000,0.000000
1785256525681214442,0.000898,0.000000,0.000000
1785256525681276537,0.000898,0.000000,0.000000
1785256525731927155,0.000901,0.000000,0.000000
1785256525742466130,0.000901,0.000000,0.000000
1785256525787932391,0.000907,0.000000,0.000000
1785256525824944558,0.000904,0.000000,0.000000
1785256525880610784,0.000890,0.000000,0.000000
1785256525895005629,0.000892,0.000000,0.000000
1785256525932690859,0.000893,0.000000,0.000000
1785256525972744872,0.000885,0.000000,0.000000
1785256525975921411,0.000885,0.000000,0.000000
1785256526023574626,0.000892,0.000000,0.000000
1785256526042165525,0.000892,0.000000,0.000000
1785256526093842381,0.000897,0.000000,0.000000
1785256526122677882,0.000896,0.000000,0.000000
1785256526142000080,0.000896,0.000000,0.000000
1785256526195594934,0.000897,0.000000,0.000000
1785256526219902929,0.000896,0.000000,0.000000
1785256526282207787,0.000869,0.000000,0.000000
1785256526282244065,0.000869,0.000000,0.000000
1785256526318951333,0.000877,0.000000,0.000000
1785256526341932328,0.000877,0.000000,0.000000
1785256526392934632,0.000876,0.000000,0.000000
1785256526425594766,0.000879,0.000000,0.000000
1785256526481888044,0.000855,0.000000,0.000000
1785256526503404422,0.000853,0.000000,0.000000
1785256526516826736,0.000857,0.000000,0.000000
1785256526581892721,0.000846,0.000000,0.000000
1785256526581985466,0.000846,0.000000,0.000000
1785256526616219192,0.000856,0.000000,0.000000
1785256526642174276,0.000856,0.000000,0.000000
1785256526699265390,0.000851,0.000000,0.000000
1785256526715447658,0.000855,0.000000,0.000000
1785256526741897977,0.000855,0.000000,0.000000
1785256526808013811,0.000844,0.000000,0.000000
1785256526815828498,0.000849,0.000000,0.000000
1785256526882881620,0.000829,0.000000,0.000000
1785256526883901020,0.000829,0.000000,0.000000
1785256526915619558,0.000840,0.000000,0.000000
1785256526942605087,0.000840,0.000000,0.000000
1785256527001842147,0.000828,0.000000,0.000000
1785256527013836664,0.000833,0.000000,0.000000
1785256527041953158,0.000833,0.000000,0.000000
1785256527112342510,0.000819,0.000000,0.000000
1785256527116070078,0.000824,0.000000,0.000000
1785256527173502407,0.000808,0.000000,0.000000
1785256527175605508,0.000808,0.000000,0.000000
1785256527214043043,0.000820,0.000000,0.000000
1785256527242632462,0.000820,0.000000,0.000000
1785256527312797001,0.000801,0.000000,0.000000
1785256527316539144,0.000806,0.000000,0.000000
1785256527342178366,0.000806,0.000000,0.000000
1785256527436556963,0.000789,0.000000,0.000000
1785256527441618751,0.000794,0.000000,0.000000
1785256527470775224,0.000783,0.000000,0.000000
1785256527475810404,0.000783,0.000000,0.000000
1785256527514046641,0.000794,0.000000,0.000000
1785256527542394208,0.000794,0.000000,0.000000
1785256527621893779,0.000767,0.000000,0.000000
1785256527626282056,0.000772,0.000000,0.000000
1785256527666942580,0.000762,0.000000,0.000000
1785256527711733536,0.000748,0.000000,0.000000
1785256527717809009,0.000753,0.000000,0.000000
1785256527764964469,0.000748,0.000000,0.000000
1785256527775911745,0.000748,0.000000,0.000000
1785256527824734550,0.000758,0.000000,0.000000
1785256527842184690,0.000758,0.000000,0.000000
1785256527934336128,0.000728,0.000000,0.000000
1785256527943006500,0.000731,0.000000,0.000000
1785256527943168434,0.000731,0.000000,0.000000
1785256528010507732,0.000712,0.000000,0.000000
1785256528020244844,0.000715,0.000000,0.000000
1785256528061657344,0.000713,0.000000,0.000000
1785256528075884715,0.000713,0.000000,0.000000
1785256528120392186,0.000719,0.000000,0.000000
1785256528142347872,0.000719,0.000000,0.000000
1785256528221045301,0.000694,0.000000,0.000000
1785256528233720640,0.000695,0.000000,0.000000
1785256528242103163,0.000695,0.000000,0.000000
1785256528322331948,0.000684,0.000000,0.000000
1785256528346448116,0.000686,0.000000,0.000000
1785256528361207050,0.000687,0.000000,0.000000
1785256528375874181,0.000687,0.000000,0.000000
1785256528423541503,0.000693,0.000000,0.000000
1785256528442612570,0.000693,0.000000,0.000000
1785256528510375509,0.000674,0.000000,0.000000
1785256528528322812,0.000674,0.000000,0.000000
1785256528542165617,0.000674,0.000000,0.000000
1785256528618464334,0.000666,0.000000,0.000000
1785256528636582302,0.000667,0.000000,0.000000
1785256528652505394,0.000671,0.000000,0.000000
1785256528675705054,0.000671,0.000000,0.000000
1785256528728617822,0.000673,0.000000,0.000000
1785256528742493110,0.000673,0.000000,0.000000
1785256528818062658,0.000660,0.000000,0.000000
1785256528848839647,0.000659,0.000000,0.000000
1785256528856084210,0.000663,0.000000,0.000000
1785256528911230573,0.000652,0.000000,0.000000
1785256528934944431,0.000652,0.000000,0.000000
1785256528949049239,0.000657,0.000000,0.000000
1785256528975965822,0.000657,0.000000,0.000000
1785256529041762556,0.000657,0.000000,0.000000
1785256529042129939,0.000657,0.000000,0.000000
1785256529113579137,0.000647,0.000000,0.000000
1785256529142363321,0.000644,0.000000,0.000000
1785256529142405722,0.000644,0.000000,0.000000
1785256529211509091,0.000641,0.000000,0.000000
1785256529240029331,0.000639,0.000000,0.000000
1785256529255459601,0.000645,0.000000,0.000000
1785256529275978500,0.000645,0.000000,0.000000
1785256529338571161,0.000643,0.000000,0.000000
1785256529342525292,0.000643,0.000000,0.000000
1785256529409857027,0.000638,0.000000,0.000000
1785256529442487975,0.000634,0.000000,0.000000
1785256529442518761,0.000634,0.000000,0.000000
1785256529519361831,0.000633,0.000000,0.000000
1785256529553914213,0.000630,0.000000,0.000000
1785256529556619684,0.000636,0.000000,0.000000
1785256529575674243,0.000636,0.000000,0.000000
1785256529653699724,0.000632,0.000000,0.000000
1785256529653736598,0.000632,0.000000,0.000000
1785256529713099509,0.000632,0.000000,0.000000
1785256529751574964,0.000626,0.000000,0.000000
1785256529751776525,0.000626,0.000000,0.000000
1785256529820299510,0.000629,0.000000,0.000000
1785256529860453954,0.000623,0.000000,0.000000
1785256529864402803,0.000629,0.000000,0.000000
1785256529875838140,0.000629,0.000000,0.000000
1785256529947083345,0.000625,0.000000,0.000000
1785256529947119116,0.000625,0.000000,0.000000
1785256529997839949,0.000629,0.000000,0.000000
1785256530046344892,0.000621,0.000000,0.000000
1785256530051432464,0.000627,0.000000,0.000000
1785256530096114573,0.000627,0.000000,0.000000
1785256530146388850,0.000620,0.000000,0.000000
1785256530153026832,0.000625,0.000000,0.000000
1785256530175736680,0.000625,0.000000,0.000000
1785256530257078303,0.000622,0.000000,0.000000
1785256530258247469,0.000622,0.000000,0.000000
1785256530293966588,0.000628,0.000000,0.000000
1785256530345135502,0.000621,0.000000,0.000000
1785256530345321992,0.000621,0.000000,0.000000
1785256530392216702,0.000628,0.000000,0.000000
1785256530442646675,0.000622,0.000000,0.000000
1785256530453141572,0.000626,0.000000,0.000000
1785256530475949779,0.000626,0.000000,0.000000
1785256530540765136,0.000624,0.000000,0.000000
1785256530542283281,0.000624,0.000000,0.000000
1785256530589746878,0.000631,0.000000,0.000000
1785256530653299848,0.000622,0.000000,0.000000
1785256530653471626,0.000622,0.000000,0.000000
1785256530688561825,0.000630,0.000000,0.000000
1785256530751812036,0.000622,0.000000,0.000000
1785256530767752953,0.000624,0.000000,0.000000
1785256530775831707,0.000624,0.000000,0.000000
1785256530839951998,0.000621,0.000000,0.000000
1785256530842220316,0.000621,0.000000,0.000000
1785256530886171319,0.000631,0.000000,0.000000
1785256530948040840,0.000619,0.000000,0.000000
1785256530948098739,0.000619,0.000000,0.000000
1785256530985836038,0.000629,0.000000,0.000000
1785256531047141037,0.000616,0.000000,0.000000
1785256531066393208,0.000616,0.000000,0.000000
1785256531075549858,0.000616,0.000000,0.000000
1785256531137653629,0.000611,0.000000,0.000000
1785256531142191497,0.000611,0.000000,0.000000
1785256531181153285,0.000622,0.000000,0.000000
1785256531247781496,0.000608,0.000000,0.000000
1785256531248865934,0.000608,0.000000,0.000000
1785256531280561432,0.000619,0.000000,0.000000
1785256531337990210,0.000603,0.000000,0.000000
1785256531359254125,0.000600,0.000000,0.000000
1785256531375835346,0.000600,0.000000,0.000000
1785256531444588712,0.000595,0.000000,0.000000
1785256531444721855,0.000595,0.000000,0.000000
1785256531480997515,0.000605,0.000000,0.000000
1785256531545621245,0.000591,0.000000,0.000000
1785256531573216574,0.000587,0.000000,0.000000
1785256531581172042,0.000592,0.000000,0.000000
1785256531643629565,0.000583,0.000000,0.000000
1785256531688120693,0.000580,0.000000,0.000000
1785256531689610875,0.000580,0.000000,0.000000
1785256531738058213,0.000578,0.000000,0.000000
1785256531742128928,0.000578,0.000000,0.000000
1785256531781973671,0.000589,0.000000,0.000000
1785256531836704918,0.000576,0.000000,0.000000
1785256531872291127,0.000569,0.000000,0.000000
1785256531881256195,0.000574,0.000000,0.000000
1785256531935939753,0.000567,0.000000,0.000000
1785256531971936915,0.000562,0.000000,0.000000
1785256531975573726,0.000562,0.000000,0.000000
1785256532036715017,0.000562,0.000000,0.000000
1785256532042213549,0.000562,0.000000,0.000000
1785256532082763545,0.000573,0.000000,0.000000
1785256532152552012,0.000563,0.000000,0.000000
1785256532153622858,0.000563,0.000000,0.000000
1785256532181535023,0.000574,0.000000,0.000000
1785256532232708774,0.000561,0.000000,0.000000
1785256532274622155,0.000547,0.000000,0.000000
1785256532275759430,0.000547,0.000000,0.000000
1785256532332061219,0.000550,0.000000,0.000000
1785256532342263082,0.000550,0.000000,0.000000
1785256532381362540,0.000561,0.000000,0.000000
1785256532428439889,0.000553,0.000000,0.000000
1785256532474530058,0.000539,0.000000,0.000000
1785256532481264475,0.000544,0.000000,0.000000
1785256532527643202,0.000543,0.000000,0.000000
1785256532588524748,0.000534,0.000000,0.000000
1785256532589917054,0.000534,0.000000,0.000000
1785256532627685400,0.000540,0.000000,0.000000
1785256532642253773,0.000540,0.000000,0.000000
1785256532684630928,0.000549,0.000000,0.000000
1785256532715796591,0.000551,0.000000,0.000000
