record_time_ns,accepted_count,rms_m
1785256486610845889,0,0.000000
1785256486643545848,0,0.000000
1785256486676111523,0,0.000000
1785256486710075527,0,0.000000
1785256486742463688,0,0.000000
1785256486776571055,0,0.000000
1785256486809810865,0,0.000000
1785256486843403216,0,0.000000
1785256486876624583,0,0.000000
1785256486909763508,0,0.000000
1785256486943960643,0,0.000000
1785256486976017086,0,0.000000
1785256487010149171,0,0.000000
1785256487042441519,0,0.000000
1785256487076599779,0,0.000000
1785256487110100012,0,0.000000
1785256487143517850,0,0.000000
1785256487176626669,0,0.000000
1785256487209841946,0,0.000000
1785256487243843647,0,0.000000
1785256487276177862,0,0.000000
1785256487310293937,0,0.000000
1785256487342768197,0,0.000000
1785256487376662843,0,0.000000
1785256487409861143,0,0.000000
1785256487443677686,0,0.000000
1785256487476542674,0,0.000000
1785256487509714760,0,0.000000
1785256487543646453,0,0.000000
1785256487576083890,0,0.000000
1785256487610321373,0,0.000000
1785256487642401393,0,0.000000
1785256487676387214,0,0.000000
1785256487709586365,0,0.000000
1785256487743411712,0,0.000000
1785256487776349184,0,0.000000
1785256487815294905,0,0.000000
1785256487852864053,185,0.128659
1785256487876244590,185,0.128659
1785256487972812382,1426,0.104139
1785256487973204293,1426,0.104139
1785256488017267374,1653,0.082179
1785256488057302787,1828,0.082017
1785256488066139013,150,0.152912
1785256488135003070,1759,0.073004
1785256488174466153,1855,0.059751
1785256488184571719,537,0.083543
1785256488184718214,537,0.083543
1785256488251529079,1815,0.060356
1785256488251703697,1815,0.060356
1785256488307457691,1776,0.067796
1785256488337941854,1887,0.056738
1785256488342324475,1887,0.056738
1785256488412248940,1681,0.066663
1785256488440927075,1950,0.050024
1785256488451166048,546,0.070896
1785256488475842098,546,0.070896
1785256488538191652,2001,0.051119
1785256488542338131,2001,0.051119
1785256488604306745,1472,0.059180
1785256488635426075,1970,0.045967
1785256488652678227,695,0.065496
1785256488693856664,1432,0.060778
1785256488730284533,1942,0.040722
1785256488758272312,857,0.058981
1785256488776361560,857,0.058981
1785256488829612226,1894,0.043291
1785256488842450099,1894,0.043291
1785256488897523063,1342,0.053661
1785256488928709873,1799,0.035849
1785256488956126761,1034,0.048400
1785256488975925221,1034,0.048400
1785256489029526765,1861,0.033340
1785256489061091126,1171,0.049206
1785256489076013228,1171,0.049206
1785256489129778736,1882,0.035453
1785256489142863344,1882,0.035453
1785256489193464533,1029,0.050471
1785256489229036873,1840,0.034585
1785256489261437755,1278,0.047252
1785256489288530927,931,0.065349
1785256489329807176,1917,0.040646
1785256489360501882,1300,0.057879
1785256489376126611,1300,0.057879
1785256489430560226,1867,0.039324
1785256489442576620,1867,0.039324
1785256489488808737,741,0.047814
1785256489531350829,1945,0.040435
1785256489561187971,1502,0.048681
1785256489585041656,658,0.051272
1785256489631001946,1925,0.039590
1785256489667163133,1625,0.054226
1785256489675847295,1625,0.054226
1785256489730297707,1863,0.036862
1785256489742666121,1863,0.036862
1785256489784534181,587,0.047555
1785256489830094980,1897,0.041569
1785256489865627107,1808,0.048867
1785256489884467123,517,0.049212
1785256489932413008,1873,0.042795
1785256489966078421,1794,0.045686
1785256489976044171,1794,0.045686
1785256490033348944,1951,0.037812
1785256490042683721,1951,0.037812
1785256490083284062,491,0.042177
1785256490136106014,1954,0.043084
1785256490159841819,1808,0.041196
1785256490182584971,462,0.043922
1785256490233478818,1964,0.038934
1785256490266572350,1867,0.039158
1785256490276202092,1867,0.039158
1785256490333940446,1936,0.041027
1785256490342375851,1936,0.041027
1785256490382145040,394,0.044463
1785256490432493510,1868,0.041232
1785256490466978815,1951,0.040146
1785256490475867104,1951,0.040146
1785256490530565367,1738,0.044228
1785256490571737870,2053,0.038147
1785256490576158455,2053,0.038147
1785256490629837099,1600,0.040319
1785256490642735946,1600,0.040319
1785256490684484792,519,0.045337
1785256490728640601,1492,0.045609
1785256490767021445,2006,0.036296
1785256490784792274,583,0.042993
1785256490827806900,1501,0.041962
1785256490865962362,1936,0.033253
1785256490876073907,1936,0.033253
1785256490930581762,1457,0.045327
1785256490942470505,1457,0.045327
1785256490986446516,723,0.042472
1785256491030290793,1327,0.044002
1785256491064699477,1895,0.035698
1785256491085328295,849,0.043154
1785256491126802817,1282,0.045243
1785256491163961003,1855,0.032271
1785256491176050591,1855,0.032271
1785256491226526316,1189,0.045586
1785256491242417278,1189,0.045586
1785256491289473876,938,0.042442
1785256491323815737,1022,0.041705
1785256491362574525,1795,0.029035
1785256491390118063,970,0.041666
1785256491426830953,955,0.043986
1785256491464015877,1831,0.028505
1785256491476035570,1831,0.028505
1785256491523390702,889,0.042124
1785256491542361630,889,0.042124
1785256491592408934,1206,0.043517
1785256491620160792,724,0.043686
1785256491664619324,1870,0.032244
1785256491695144991,1303,0.046741
1785256491720824343,748,0.041508
1785256491764205811,1868,0.032962
1785256491775836409,1868,0.032962
1785256491820813041,687,0.039510
1785256491842290349,687,0.039510
1785256491900195323,1440,0.041548
1785256491919107123,571,0.037654
1785256491965877918,1852,0.031893
1785256491998956855,1570,0.041884
1785256492018157470,515,0.041393
1785256492067094305,1988,0.035889
1785256492076138480,1988,0.035889
1785256492117630390,452,0.041480
1785256492142674983,452,0.041480
1785256492197277524,1604,0.042516
1785256492216707236,422,0.044129
1785256492268030357,2001,0.036982
1785256492275985583,2001,0.036982
1785256492319086408,370,0.041822
1785256492367690322,1945,0.035722
1785256492376038838,1945,0.035722
1785256492416018835,352,0.038824
1785256492442199941,352,0.038824
1785256492494316187,1932,0.035963
1785256492515487306,307,0.046859
1785256492542044105,307,0.046859
1785256492602134587,1948,0.037277
1785256492615541454,405,0.041858
1785256492663401730,1735,0.038785
1785256492675743739,1735,0.038785
1785256492716544847,478,0.037885
1785256492742839346,478,0.037885
1785256492797806677,1938,0.034303
1785256492820602353,446,0.043263
1785256492857057117,1625,0.038690
1785256492897060588,1942,0.036503
1785256492917009915,498,0.037201
1785256492963203838,1610,0.036522
1785256492976168728,1610,0.036522
1785256493018067720,551,0.041986
1785256493042598848,551,0.041986
1785256493095987819,1840,0.029673
1785256493118636205,602,0.036113
1785256493160824909,1424,0.038041
1785256493195970303,1855,0.029728
1785256493221400150,612,0.036822
1785256493260765356,1293,0.035319
1785256493276019394,1293,0.035319
1785256493319736130,626,0.039578
1785256493342473254,626,0.039578
1785256493396459057,1878,0.031379
1785256493420203073,725,0.040716
1785256493459155099,1153,0.043569
1785256493495455745,1813,0.030069
1785256493521601264,817,0.041746
1785256493558857891,1140,0.040792
1785256493575927796,1140,0.040792
1785256493622634825,896,0.040384
1785256493642494629,896,0.040384
1785256493698170486,1798,0.030628
1785256493724062932,1086,0.039970
1785256493756993211,972,0.041749
1785256493796090953,1813,0.029949
1785256493825525918,1136,0.041887
1785256493856674489,894,0.038900
1785256493875906961,894,0.038900
1785256493927585644,1244,0.039137
1785256493942609957,1244,0.039137
1785256493995858040,1849,0.030321
1785256494028318101,1276,0.039982
1785256494051322461,673,0.040835
1785256494100585846,1825,0.029415
1785256494129170679,1368,0.040281
1785256494152825589,607,0.038585
1785256494175914851,607,0.038585
1785256494227432960,1335,0.039028
1785256494242533362,1335,0.039028
1785256494298429291,1930,0.032210
1785256494330027557,1505,0.038566
1785256494342232191,1505,0.038566
1785256494397734766,1883,0.031909
1785256494431453307,1652,0.034549
1785256494450414960,407,0.041150
1785256494476131187,407,0.041150
1785256494531130917,1654,0.035280
1785256494542474978,1654,0.035280
1785256494602833092,1834,0.033041
1785256494634140877,1822,0.034563
1785256494650879277,428,0.038556
1785256494697950600,1809,0.034453
1785256494733047952,1860,0.033930
1785256494749819456,393,0.035628
1785256494775742763,393,0.035628
1785256494832025720,1824,0.032852
1785256494842849072,1824,0.032852
1785256494898999538,1805,0.032784
1785256494933174810,1868,0.033452
1785256494942511895,1868,0.033452
1785256494998438663,1788,0.033371
1785256495035976021,1824,0.032548
1785256495050840670,446,0.038209
1785256495075816516,446,0.038209
1785256495131786456,1856,0.032742
1785256495142624309,1856,0.032742
1785256495198339117,1722,0.034265
1785256495231819511,1813,0.032045
1785256495250714989,407,0.038146
1785256495275990073,407,0.038146
1785256495333352142,1928,0.030688
1785256495350753858,424,0.041524
1785256495376227012,424,0.041524
1785256495433876118,1982,0.030489
1785256495442462978,1982,0.030489
1785256495495800905,1367,0.037245
1785256495536195540,1902,0.029034
1785256495541912286,1902,0.029034
1785256495594728939,1356,0.037338
1785256495630179985,1826,0.028646
1785256495654105142,652,0.036628
1785256495676168737,652,0.036628
1785256495732115647,1837,0.028384
1785256495742564054,1837,0.028384
1785256495793777349,1194,0.036471
1785256495830347005,1821,0.031000
1785256495856363762,853,0.040626
1785256495892641351,1095,0.040334
1785256495929550624,1757,0.028029
1785256495962603940,934,0.039689
1785256495975934189,934,0.039689
1785256496029978224,1779,0.027235
1785256496042576081,1779,0.027235
1785256496093557508,908,0.037582
1785256496129462154,1773,0.027257
1785256496142243473,1773,0.027257
1785256496189496279,808,0.038724
1785256496230417543,1826,0.027418
1785256496260697409,1131,0.039362
1785256496276051797,1131,0.039362
1785256496329958106,1783,0.026991
1785256496342471276,1783,0.026991
1785256496387408366,664,0.038276
1785256496430717647,1850,0.032170
1785256496466599758,1324,0.036763
1785256496486573001,623,0.034769
1785256496530533524,1804,0.028279
1785256496563216427,1403,0.038954
1785256496576103909,1403,0.038954
1785256496631641069,1821,0.028682
1785256496642414122,1821,0.028682
1785256496684654283,493,0.040818
1785256496731223316,1806,0.029917
1785256496765038404,1552,0.033532
1785256496783650113,449,0.039051
1785256496832535642,1865,0.030593
1785256496870713623,1575,0.036851
1785256496876088663,1575,0.036851
1785256496933938821,1885,0.031139
1785256496942477248,1885,0.031139
1785256496983296455,392,0.039096
1785256497034405590,1848,0.033000
1785256497066415060,1661,0.032738
1785256497081280304,348,0.037367
1785256497135418802,1944,0.032391
1785256497160732276,1746,0.032004
1785256497175931010,1746,0.032004
1785256497233771180,1811,0.034566
1785256497242589554,1811,0.034566
1785256497282356644,346,0.037641
1785256497330249739,1711,0.036130
1785256497360033411,1867,0.032627
1785256497382851113,375,0.036705
1785256497430295119,1592,0.034073
1785256497468946946,1937,0.031287
1785256497475944736,1937,0.031287
1785256497530427799,1496,0.031870
1785256497542436188,1496,0.031870
1785256497582146258,445,0.037233
1785256497632902175,1426,0.037099
1785256497667882812,1892,0.035076
1785256497685215789,502,0.034524
1785256497734382128,1477,0.034985
1785256497766740605,1873,0.032733
1785256497775925086,1873,0.032733
1785256497829843340,1327,0.034589
1785256497842439039,1327,0.034589
1785256497887375759,649,0.037541
1785256497928466200,1222,0.035747
1785256497942065197,1222,0.035747
1785256497987056957,701,0.037354
1785256498022335709,1193,0.040694
1785256498065353070,1787,0.029221
1785256498075894562,1787,0.029221
1785256498127254167,1112,0.037291
1785256498142367055,1112,0.037291
1785256498189256231,815,0.036127
1785256498228556684,937,0.035836
1785256498265983239,1881,0.029978
1785256498287157294,891,0.038286
1785256498323471360,891,0.038808
1785256498364152401,1771,0.027976
1785256498376083501,1771,0.027976
1785256498424129320,882,0.036147
1785256498442438480,882,0.036147
1785256498493064569,1075,0.034985
1785256498520905276,710,0.037330
1785256498563827098,1801,0.029219
1785256498593469486,1143,0.037278
1785256498625805887,732,0.036462
1785256498665469498,1822,0.033026
1785256498676007535,1822,0.033026
1785256498720720762,627,0.035318
1785256498742446578,627,0.035318
1785256498796293074,1350,0.036599
1785256498818679227,525,0.035271
1785256498866569813,1840,0.033066
1785256498896486624,1465,0.033322
1785256498917442523,465,0.035098
1785256498968203528,1936,0.032111
1785256498975750194,1936,0.032111
1785256499016038836,386,0.037106
1785256499042152667,386,0.037106
1785256499102652346,1560,0.034539
1785256499116195569,365,0.035134
1785256499167825430,1927,0.032713
1785256499175843836,1927,0.032713
1785256499215800538,346,0.035023
1785256499267251024,1785,0.033998
1785256499276196584,1785,0.033998
1785256499316866230,353,0.036319
1785256499342715914,353,0.036319
1785256499402959614,1852,0.033143
1785256499416256952,329,0.035151
1785256499466644705,1721,0.033827
1785256499501323304,1822,0.031644
1785256499520948453,371,0.033558
1785256499566263265,1648,0.032550
1785256499575701304,1648,0.032550
1785256499615391500,389,0.034028
1785256499642316880,389,0.034028
1785256499700463394,1870,0.029936
1785256499716618116,396,0.035012
1785256499766633817,1626,0.030438
1785256499800735118,1823,0.028893
1785256499817723746,445,0.036765
1785256499865696828,1556,0.033700
1785256499875732641,1556,0.033700
1785256499918246522,444,0.034866
1785256499942243277,444,0.034866
1785256500003098776,1822,0.028060
1785256500018460745,505,0.034743
1785256500063568986,1304,0.034561
1785256500099296587,1789,0.028642
1785256500118595450,529,0.034076
1785256500162751593,1280,0.033927
1785256500176058578,1280,0.033927
1785256500217490385,558,0.035121
1785256500242256787,558,0.035121
1785256500297899491,1832,0.027937
1785256500321426655,673,0.037135
1785256500342154037,673,0.037135
1785256500397843731,1771,0.027142
1785256500427492671,763,0.037125
1785256500460739875,1098,0.035456
1785256500475900482,1098,0.035456
1785256500522540134,772,0.036182
1785256500542520923,772,0.036182
1785256500595893696,1724,0.026167
1785256500625201583,932,0.036148
1785256500658016131,913,0.034666
1785256500698339906,1720,0.025299
1785256500721776540,1015,0.036760
1785256500757574560,808,0.035054
1785256500776035606,808,0.035054
1785256500827039248,1131,0.035297
1785256500842590680,1131,0.035297
1785256500902105124,1823,0.027150
1785256500929621478,1177,0.035220
1785256500955251762,639,0.035251
1785256500975905931,639,0.035251
1785256501028759262,1263,0.036370
1785256501053482646,589,0.035619
1785256501075706781,589,0.035619
1785256501129656182,1295,0.033117
1785256501142255927,1295,0.033117
1785256501198402900,1786,0.029880
1785256501230962866,1410,0.036368
1785256501250909958,413,0.038115
1785256501297856578,1758,0.027941
1785256501337493704,1574,0.034092
1785256501352366428,454,0.036012
1785256501376241104,454,0.036012
1785256501432692563,1572,0.032635
1785256501442238336,1572,0.032635
1785256501500400329,1792,0.030155
1785256501534878221,1671,0.031143
1785256501550007384,387,0.035597
1785256501598959095,1789,0.028533
1785256501632999598,1710,0.030641
1785256501650288272,385,0.034000
1785256501676108445,385,0.034000
1785256501733164315,1691,0.029341
1785256501742383883,1691,0.029341
1785256501804682136,1797,0.030467
1785256501833964370,1716,0.030841
1785256501851029112,404,0.036669
1785256501900306992,1745,0.029638
1785256501926670704,1719,0.030204
1785256501949906725,349,0.033135
1785256501975841942,349,0.033135
1785256502026453478,1822,0.029454
1785256502042500625,1822,0.029454
1785256502099774888,1640,0.031105
1785256502132492796,1770,0.029353
1785256502142181994,1770,0.029353
1785256502197844699,1550,0.031274
1785256502239039934,1881,0.029052
1785256502251487839,388,0.032543
1785256502275886827,388,0.032543
1785256502334175264,1860,0.029627
1785256502342255901,1860,0.029627
1785256502395761804,1335,0.029712
1785256502433704136,1898,0.027001
1785256502452645669,537,0.036236
1785256502496548118,1337,0.032523
1785256502532099666,1775,0.026554
1785256502551651156,585,0.035321
1785256502575849064,585,0.035321
1785256502632190812,1799,0.028032
1785256502642466832,1799,0.028032
1785256502699262544,1106,0.036297
1785256502731224610,1787,0.024904
1785256502756524573,784,0.035411
1785256502793596554,1070,0.035737
1785256502830953804,1739,0.025377
1785256502857452356,850,0.035826
1785256502876090722,850,0.035826
1785256502931169452,1708,0.024316
1785256502942297655,1708,0.024316
1785256502991249550,853,0.036077
1785256503030803246,1790,0.025473
1785256503059218332,978,0.034756
1785256503075686290,978,0.034756
1785256503135834694,1772,0.025812
1785256503161549334,1084,0.038306
1785256503175597881,1084,0.038306
1785256503231440890,1746,0.024890
1785256503242551080,1746,0.024890
1785256503291393516,709,0.037561
1785256503325840157,1759,0.028595
1785256503342314902,1759,0.028595
1785256503387786233,625,0.034799
1785256503431272028,1716,0.025424
1785256503466822709,1320,0.035992
1785256503475900326,1320,0.035992
1785256503532951650,1801,0.026272
1785256503542513783,1801,0.026272
1785256503585441740,479,0.036513
1785256503637885770,1782,0.027830
1785256503668103820,1474,0.032013
1785256503684839000,381,0.037269
1785256503734695941,1836,0.029673
1785256503766330196,1483,0.032540
1785256503775833428,1483,0.032540
1785256503835111078,1824,0.027943
1785256503842449739,1824,0.027943
1785256503883212982,377,0.035032
1785256503934673976,1845,0.029342
1785256503942347988,1845,0.029342
1785256503982343687,267,0.035774
1785256504034854415,1824,0.027986
1785256504073206261,1760,0.029580
1785256504075755142,1760,0.029580
1785256504134566098,1734,0.030120
1785256504142357483,1734,0.030120
1785256504182591431,339,0.034187
1785256504233349017,1620,0.030610
1785256504269297160,1806,0.030515
1785256504283378175,388,0.033597
1785256504330820742,1534,0.030851
1785256504369297127,1881,0.028391
1785256504376160187,1881,0.028391
1785256504432313456,1499,0.029717
1785256504442270375,1499,0.029717
1785256504484413287,385,0.037280
1785256504529265834,1431,0.033611
1785256504567165759,1815,0.028134
1785256504582658414,445,0.037053
1785256504630455297,1425,0.032173
1785256504666583705,1781,0.026827
1785256504675767880,1781,0.026827
1785256504731457743,1361,0.034147
1785256504742266042,1361,0.034147
1785256504786942688,531,0.037226
1785256504829569759,1185,0.035613
1785256504866362219,1801,0.027795
1785256504885074533,636,0.036194
1785256504927870024,1180,0.034454
1785256504966149266,1788,0.024943
1785256504975912989,1788,0.024943
1785256505028436734,1123,0.036049
1785256505042626709,1123,0.036049
1785256505088886848,671,0.035447
1785256505126339806,965,0.037132
1785256505141837597,965,0.037132
1785256505194264304,831,0.036216
1785256505226081435,939,0.034039
1785256505265053828,1717,0.025657
1785256505275815242,1717,0.025657
1785256505325493477,930,0.035186
1785256505342553266,930,0.035186
1785256505397229246,1024,0.034739
1785256505427882826,732,0.033652
1785256505467068956,1808,0.025557
1785256505475630272,1808,0.025557
1785256505522399473,692,0.034101
1785256505565456869,1764,0.026496
1785256505576017630,1764,0.026496
1785256505621628245,650,0.035843
1785256505642559105,650,0.035843
1785256505696169715,1214,0.036136
1785256505718994354,532,0.035709
1785256505742021338,532,0.035709
1785256505796604696,1344,0.032384
1785256505818310406,505,0.034329
1785256505868538339,1905,0.029054
1785256505875871404,1905,0.029054
1785256505922672772,374,0.033804
1785256505942375186,374,0.033804
1785256505998799830,1456,0.032885
1785256506014557185,321,0.035278
1785256506066623415,1842,0.027514
1785256506099990745,1606,0.030814
1785256506114477145,336,0.034097
1785256506166790589,1677,0.029853
1785256506176101416,1677,0.029853
1785256506217211608,354,0.033549
1785256506242286568,354,0.033549
1785256506302145856,1766,0.028630
1785256506314949604,358,0.035820
1785256506341843384,358,0.035820
1785256506406138392,1696,0.029927
1785256506416462362,359,0.032501
1785256506466553578,1651,0.029160
1785256506475681732,1651,0.029160
1785256506515277169,353,0.032354
1785256506542161708,353,0.032354
1785256506599984507,1749,0.027961
1785256506614982958,362,0.034401
1785256506666920145,1654,0.031306
1785256506699476722,1749,0.028089
1785256506717804047,429,0.034762
1785256506760340114,1570,0.029790
1785256506775737721,1570,0.029790
1785256506821301855,377,0.034254
1785256506842163006,377,0.034254
1785256506900199588,1841,0.027058
1785256506916158834,427,0.031869
1785256506942030819,427,0.031869
1785256507001035725,1854,0.027719
1785256507018502318,438,0.037230
1785256507064478758,1258,0.032189
1785256507075625393,1258,0.032189
1785256507119447490,516,0.034370
1785256507142014120,516,0.034370
1785256507199457113,1810,0.025975
1785256507220533709,590,0.036785
1785256507263129606,1138,0.035520
1785256507304265402,1713,0.026243
1785256507323718806,722,0.035223
1785256507361617368,1081,0.033955
1785256507375731915,1081,0.033955
1785256507423483855,789,0.034932
1785256507442381685,789,0.034932
1785256507497276734,1685,0.025285
1785256507521525135,852,0.036869
1785256507541927121,852,0.036869
1785256507597917598,1703,0.026035
1785256507626761268,989,0.036552
1785256507658015516,800,0.035350
1785256507675738405,800,0.035350
1785256507729422647,994,0.032935
1785256507742150990,994,0.032935
1785256507803727710,1752,0.025376
1785256507829648381,1131,0.034531
1785256507854903350,615,0.035230
1785256507897508095,1754,0.024942
1785256507929286071,1174,0.035917
1785256507954391255,606,0.035126
1785256507975576640,606,0.035126
1785256508033150068,1238,0.034984
1785256508042475528,1238,0.034984
1785256508098290082,1719,0.026957
1785256508131833328,1329,0.032235
1785256508151857601,454,0.032844
1785256508203572087,1690,0.027683
1785256508232451409,1451,0.033223
1785256508251639703,458,0.033607
1785256508275969747,458,0.033607
1785256508327536682,1457,0.030829
1785256508342385624,1457,0.030829
1785256508399902339,1752,0.027455
1785256508434803915,1643,0.032189
1785256508450612382,378,0.033921
1785256508502666885,1765,0.027007
1785256508526072321,1633,0.028809
1785256508550295990,346,0.034743
1785256508576231920,346,0.034743
1785256508637414499,1628,0.027389
1785256508642261476,1628,0.027389
1785256508701143597,1754,0.027974
1785256508733699932,1625,0.029596
1785256508742288896,1625,0.029596
1785256508796289093,1744,0.028133
1785256508833743865,1667,0.028375
1785256508849340460,272,0.034475
1785256508875707810,272,0.034475
1785256508927567129,1790,0.027923
1785256508942543810,1790,0.027923
1785256508999816245,1576,0.029339
1785256509035418549,1823,0.027678
1785256509050115064,345,0.029985
1785256509103067760,1441,0.030813
1785256509128210377,1879,0.028272
1785256509151358339,383,0.033813
1785256509175966782,383,0.033813
1785256509235229121,1825,0.028443
1785256509242313046,1825,0.028443
1785256509297566179,1361,0.030228
1785256509333854921,1813,0.024529
1785256509342357094,1813,0.024529
1785256509396031890,1300,0.032617
1785256509432076321,1764,0.025454
1785256509453664867,530,0.033351
1785256509475897700,530,0.033351
1785256509532796598,1777,0.027645
1785256509542680235,1777,0.027645
1785256509600034782,1123,0.034409
1785256509631950233,1762,0.024389
1785256509657382355,744,0.034072
1785256509694383750,1043,0.034526
1785256509731092679,1751,0.025303
1785256509757670413,775,0.033353
1785256509775877200,775,0.033353
1785256509830808209,1719,0.024996
1785256509842436253,1719,0.024996
1785256509893677408,887,0.034826
1785256509931660755,1735,0.022555
1785256509959298445,869,0.034550
1785256509975615285,869,0.034550
1785256510042324214,1671,0.024519
1785256510061639350,990,0.034467
1785256510076044652,990,0.034467
1785256510132120290,1717,0.022745
1785256510142480599,1717,0.022745
1785256510191043820,727,0.033567
1785256510230134922,1706,0.024712
1785256510262215811,1120,0.032877
1785256510287933375,622,0.033875
1785256510331476950,1729,0.025416
1785256510364407292,1213,0.035392
1785256510376027253,1213,0.035392
1785256510432898233,1793,0.026045
1785256510442370788,1793,0.026045
1785256510490524116,457,0.034581
1785256510533456494,1762,0.027209
1785256510542141280,1762,0.027209
1785256510584149968,385,0.033812
1785256510636851464,1814,0.026382
1785256510665329217,1377,0.031149
1785256510675894192,1377,0.031149
1785256510735670742,1858,0.026196
1785256510742206973,1858,0.026196
1785256510782807332,287,0.030927
1785256510837632504,1866,0.028460
1785256510867580816,1582,0.029693
1785256510882510155,284,0.035696
1785256510940622058,1759,0.026407
1785256510969461845,1722,0.028242
1785256510975865267,1722,0.028242
1785256511032782341,1616,0.027445
1785256511042216924,1616,0.027445
1785256511083146469,350,0.032855
1785256511134304131,1602,0.028791
1785256511141937177,1602,0.028791
1785256511183282722,351,0.033563
1785256511231503819,1518,0.029714
1785256511261822424,1797,0.027906
1785256511275878776,1797,0.027906
1785256511326903677,1525,0.029622
1785256511342371776,1525,0.029622
1785256511384490238,404,0.033756
1785256511438607105,1443,0.032147
1785256511442032826,1443,0.032147
1785256511485348517,454,0.034774
1785256511531135854,1366,0.029857
1785256511566483461,1742,0.025987
1785256511576103083,1742,0.025987
1785256511626003685,1317,0.031563
1785256511642193829,1317,0.031563
1785256511685565571,464,0.034421
1785256511732719491,1150,0.031283
1785256511742128039,1150,0.031283
1785256511786999027,534,0.035203
1785256511833015735,1157,0.034881
1785256511865617621,1765,0.024265
1785256511875718391,1765,0.024265
1785256511934123661,1069,0.036472
1785256511942185791,1069,0.036472
1785256511991360094,667,0.032947
1785256512026440173,962,0.034433
1785256512064667852,1713,0.025325
1785256512090888445,786,0.033928
1785256512126550719,981,0.033069
1785256512164146277,1696,0.024418
1785256512175954993,1696,0.024418
1785256512225766472,918,0.034018
1785256512242384457,918,0.034018
1785256512293062789,972,0.034073
1785256512323512493,762,0.033331
1785256512370374370,1740,0.023255
1785256512394430751,1063,0.032492
1785256512422030934,733,0.033670
1785256512464306886,1667,0.023353
1785256512475812020,1667,0.023353
1785256512521621816,631,0.034234
1785256512542204959,631,0.034234
1785256512598053243,1162,0.032410
1785256512619427100,546,0.033835
1785256512665507875,1779,0.025338
1785256512675817329,1779,0.025338
1785256512718114073,443,0.033263
1785256512768282427,1876,0.026980
1785256512775732281,1876,0.026980
1785256512826661532,406,0.034158
1785256512842526404,406,0.034158
1785256512904934387,1444,0.032138
1785256512916895198,374,0.032946
1785256512941870534,374,0.032946
1785256512999910298,1538,0.030506
1785256513016826815,368,0.035258
1785256513066739677,1664,0.028355
1785256513075878580,1664,0.028355
1785256513117614584,376,0.033437
1785256513142359936,376,0.033437
1785256513202353282,1655,0.029670
1785256513216530674,337,0.036503
1785256513268683558,1703,0.029816
1785256513306992789,1676,0.028780
1785256513316867611,333,0.033231
1785256513367196812,1683,0.029042
1785256513376038586,1683,0.029042
1785256513416903681,362,0.032429
1785256513442189364,362,0.032429
1785256513500178885,1667,0.028248
1785256513517022102,389,0.036402
1785256513541973955,389,0.036402
1785256513600609886,1685,0.027110
1785256513617085031,371,0.033146
1785256513671628448,1563,0.029417
1785256513675548641,1563,0.029417
1785256513719343188,338,0.033099
1785256513742319306,338,0.033099
1785256513810335756,1851,0.026000
1785256513819953417,333,0.033909
1785256513866124842,1382,0.032579
1785256513900625665,1807,0.027625
1785256513916161467,425,0.033694
1785256513963511930,1245,0.030088
1785256513975611297,1245,0.030088
1785256514019443199,515,0.034446
1785256514042086151,515,0.034446
1785256514098483718,1725,0.026199
1785256514120811839,615,0.031930
1785256514141791528,615,0.031930
1785256514197185968,1692,0.026932
1785256514227204444,679,0.034585
1785256514262018973,1084,0.031889
1785256514275758772,1084,0.031889
1785256514323983247,758,0.032211
1785256514342348797,758,0.032211
1785256514397960673,1684,0.023775
1785256514425353572,866,0.034790
1785256514459339644,896,0.034020
1785256514497093276,1650,0.023881
1785256514528482149,921,0.033397
1785256514558482057,842,0.034131
1785256514576063160,842,0.034131
1785256514626246539,955,0.031445
1785256514642478065,955,0.031445
1785256514702220243,1724,0.025048
1785256514727714125,1043,0.033559
1785256514742443766,1043,0.033559
1785256514797749476,1700,0.026505
1785256514829689179,1150,0.033028
1785256514854640906,554,0.033505
1785256514875930315,554,0.033505
1785256514931672588,1159,0.032946
1785256514942494859,1159,0.032946
1785256514997933953,1672,0.026197
1785256515031078137,1278,0.030772
1785256515052862388,496,0.030722
1785256515100670753,1635,0.025190
1785256515138631457,1368,0.030887
1785256515150549962,483,0.035723
1785256515175716409,483,0.035723
1785256515231312472,1368,0.033750
1785256515242350258,1368,0.033750
1785256515307984817,1743,0.035602
1785256515334227373,1514,0.033783
1785256515342058380,1514,0.033783
1785256515413706448,1942,0.040423
1785256515448476066,1669,0.034456
1785256515454852247,259,0.067434
1785256515475621810,259,0.067434
1785256515536397586,1747,0.032097
1785256515542357788,1747,0.032097
1785256515607779977,2032,0.038124
1785256515646895066,1879,0.029268
1785256515654208390,229,0.043615
1785256515710937560,1939,0.036251
1785256515750384425,1937,0.037176
1785256515756602050,180,0.044741
1785256515775552207,180,0.044741
1785256515844576347,2242,0.031635
1785256515844772310,2242,0.031635
1785256515904892999,1613,0.031846
1785256515943261945,2094,0.029528
1785256515943424151,2094,0.029528
1785256515998974013,1485,0.033593
1785256516038152279,2126,0.030926
1785256516054826277,337,0.035394
1785256516075621405,337,0.035394
1785256516147104116,2193,0.028398
1785256516147243304,2193,0.028398
1785256516204029672,1358,0.036234
1785256516238887233,2160,0.029647
1785256516242067611,2160,0.029647
1785256516296528903,1240,0.036561
1785256516340288197,2229,0.032224
1785256516351823848,498,0.036480
1785256516376027383,498,0.036480
1785256516440552809,2298,0.033474
1785256516442260677,2298,0.033474
1785256516499759154,1020,0.039980
1785256516540044074,2254,0.032753
1785256516541837216,2254,0.032753
1785256516600099300,923,0.038325
1785256516640992255,2237,0.034944
1785256516656823908,637,0.037707
1785256516675793087,637,0.037707
1785256516741428818,2258,0.037413
1785256516742295239,2258,0.037413
1785256516790969888,756,0.038686
1785256516841633001,2284,0.037976
1785256516841801359,2284,0.037976
1785256516890292425,691,0.041028
1785256516941708739,2310,0.040958
1785256516960649469,823,0.044205
1785256516975695087,823,0.044205
1785256517042257432,2261,0.040420
1785256517042454237,2261,0.040420
1785256517094638323,584,0.041887
1785256517144289967,2274,0.038407
1785256517144459567,2274,0.038407
1785256517185548183,493,0.049885
1785256517243725996,2349,0.039281
1785256517266117885,1106,0.045451
1785256517275787149,1106,0.045451
1785256517341641952,2251,0.035751
1785256517342289756,2251,0.035751
1785256517382799514,329,0.042241
1785256517441854761,2218,0.039245
1785256517467455231,1329,0.041751
1785256517481640727,277,0.041156
1785256517548421089,2205,0.042102
1785256517574557192,1343,0.043393
1785256517575660541,1343,0.043393
1785256517644451102,2171,0.039859
1785256517644577586,2171,0.039859
1785256517681087363,205,0.036155
1785256517741196626,2072,0.038947
1785256517770509656,1606,0.043380
1785256517775558971,1606,0.043380
1785256517839559523,1972,0.040610
1785256517876116754,1776,0.044537
1785256517876313106,1776,0.044537
1785256517942234634,1840,0.037587
1785256517942399037,1840,0.037587
1785256517981790599,218,0.039816
1785256518055063674,1636,0.038865
1785256518090111466,1925,0.039175
1785256518096273152,221,0.036659
1785256518138905830,1708,0.041944
1785256518180838847,1987,0.037289
1785256518181018591,1987,0.037289
1785256518235699488,1618,0.038504
1785256518242148749,1618,0.038504
1785256518281826349,284,0.036858
1785256518333175792,1423,0.040099
1785256518341925232,1423,0.040099
1785256518382030281,289,0.037401
1785256518438904674,1330,0.040372
1785256518485271833,2223,0.034621
1785256518485986197,2223,0.034621
1785256518531360167,1211,0.043400
1785256518542321406,1211,0.043400
1785256518581732966,284,0.039323
1785256518628003134,994,0.043257
1785256518687595739,2371,0.035342
1785256518693796485,293,0.042233
1785256518727603773,1012,0.040213
1785256518787909363,2352,0.036291
1785256518788035325,2352,0.036291
1785256518827851332,950,0.043847
1785256518842293011,950,0.043847
1785256518885020749,468,0.041469
1785256518931404434,809,0.041988
1785256518985580185,2310,0.035659
1785256518997811475,549,0.038600
1785256519024693830,822,0.039830
1785256519086055002,2401,0.034304
1785256519086196984,2401,0.034304
1785256519124105638,692,0.037015
1785256519142313929,692,0.037015
1785256519190131774,733,0.040663
1785256519220958359,568,0.038991
1785256519241900454,568,0.038991
1785256519296434582,846,0.039564
1785256519319331727,477,0.039246
1785256519395627583,2300,0.034337
1785256519396737803,2300,0.034337
1785256519418270710,379,0.040188
1785256519442307029,379,0.040188
1785256519499010719,977,0.041221
1785256519515970420,333,0.038175
1785256519542023116,333,0.038175
1785256519600304264,1033,0.040533
1785256519615484635,283,0.038340
1785256519684831179,2377,0.035868
1785256519684945542,2377,0.035868
1785256519716410738,296,0.036490
1785256519742407321,296,0.036490
1785256519797578779,1206,0.039942
1785256519814525280,243,0.035475
1785256519887934946,2043,0.036798
1785256519914141536,1374,0.037167
1785256519920651115,279,0.043266
1785256519981995103,1969,0.035436
1785256519982170815,1969,0.035436
1785256520016021348,268,0.038720
1785256520042458569,268,0.038720
1785256520111749024,1607,0.038324
1785256520118021747,257,0.039744
1785256520178877141,1813,0.034777
1785256520215596390,1644,0.035883
1785256520222482777,271,0.036384
1785256520277577625,1722,0.036973
1785256520278469749,1722,0.036973
1785256520316394740,313,0.035706
1785256520342510508,313,0.035706
1785256520410464461,1693,0.035212
1785256520418047957,306,0.035075
1785256520475168222,1535,0.036295
1785256520504946021,1794,0.032394
1785256520514804986,304,0.037246
1785256520568351072,1497,0.035843
1785256520575648902,1497,0.035843
1785256520616253625,292,0.035763
1785256520642381984,292,0.035763
1785256520711468285,1925,0.032968
1785256520727054697,349,0.033325
1785256520741888567,349,0.033325
1785256520819246107,1918,0.035986
1785256520829353496,449,0.038147
1785256520870892044,1294,0.036680
1785256520875633915,1294,0.036680
1785256520922216131,585,0.037599
1785256520942382784,585,0.037599
1785256521010089914,1859,0.036105
1785256521027188677,628,0.038686
1785256521062840094,1096,0.042183
1785256521101887683,1814,0.032110
1785256521123409701,715,0.042219
1785256521169878446,1063,0.041820
1785256521175878954,1063,0.041820
1785256521224598460,732,0.045151
1785256521242414830,732,0.045151
1785256521313969358,1829,0.034358
1785256521330415223,817,0.046148
1785256521341949379,817,0.046148
1785256521407099370,1717,0.035552
1785256521426791926,893,0.051113
1785256521457571177,771,0.045687
1785256521476039978,771,0.045687
1785256521530108105,900,0.047368
1785256521542280304,900,0.047368
1785256521610555462,1811,0.040002
1785256521632351476,1039,0.046658
1785256521660545942,599,0.045603
1785256521702632995,1876,0.040206
1785256521730680630,1098,0.045965
1785256521755442107,626,0.042880
1785256521775863614,626,0.042880
1785256521831881512,1182,0.046482
1785256521842303047,1182,0.046482
1785256521910354275,2162,0.041148
1785256521940080790,1327,0.047679
1785256521941832732,1327,0.047679
1785256522017443637,2461,0.044245
1785256522048694027,1365,0.046881
1785256522060419785,458,0.049103
1785256522076122963,458,0.049103
1785256522156537494,1482,0.042132
1785256522157602250,1482,0.042132
1785256522231447658,2750,0.043327
1785256522259608385,1735,0.043404
1785256522259737513,1735,0.043404
1785256522323875640,2608,0.043235
1785256522355630466,1817,0.046476
1785256522361945166,238,0.046925
1785256522375954257,238,0.046925
1785256522448357402,1974,0.044790
1785256522448514164,1974,0.044790
1785256522521143999,2391,0.042769
1785256522556808597,2250,0.043544
1785256522556937548,2250,0.043544
1785256522622775287,2291,0.044742
1785256522669360742,2295,0.041582
1785256522675080989,180,0.053489
1785256522675896175,180,0.053489
1785256522756653985,2493,0.041396
1785256522756811525,2493,0.041396
1785256522816810208,1926,0.044699
1785256522865198954,2539,0.038405
1785256522865233481,2539,0.038405
1785256522905954371,1757,0.044942
1785256522948534209,2510,0.040043
1785256522954653587,241,0.040461
1785256522975775784,241,0.040461
1785256523045423294,2565,0.038582
1785256523045554562,2565,0.038582
1785256523110670511,1522,0.043991
1785256523170265915,2660,0.037377
1785256523178964541,299,0.046917
1785256523204021095,1283,0.042791
1785256523258658606,2588,0.040030
1785256523267229497,323,0.040236
1785256523275638966,323,0.040236
1785256523351351555,2704,0.037728
1785256523351516374,2704,0.037728
1785256523400881385,983,0.049899
1785256523455676101,2859,0.037529
1785256523455833170,2859,0.037529
1785256523496249694,902,0.046972
1785256523551932094,2950,0.038817
1785256523570519176,461,0.051719
1785256523575738235,461,0.051719
1785256523662155414,2906,0.040437
1785256523662317564,2906,0.040437
1785256523689074776,696,0.043784
1785256523763273005,3029,0.040307
1785256523763400662,3029,0.040307
1785256523787970841,602,0.053727
1785256523860846281,2828,0.040966
1785256523875588531,715,0.043945
1785256523875763086,715,0.043945
1785256523951314893,2935,0.042349
1785256523951466001,2935,0.042349
1785256523984886135,411,0.042365
1785256524047043863,2794,0.042008
1785256524073204350,883,0.046414
1785256524075634873,883,0.046414
1785256524159143935,2792,0.044268
1785256524177957692,927,0.044901
1785256524177988550,927,0.044901
1785256524250093414,2498,0.043153
1785256524250213082,2498,0.043153
1785256524284126820,253,0.045649
1785256524343034334,2282,0.040230
1785256524343086033,2282,0.040230
1785256524381011306,200,0.046400
1785256524451101136,2215,0.043253
1785256524473988936,1243,0.045991
1785256524475650102,1243,0.045991
1785256524546852550,1956,0.041091
1785256524547002000,1956,0.041091
1785256524589431680,215,0.048928
1785256524657398138,1890,0.045067
1785256524683197810,1581,0.043285
1785256524687656698,215,0.046195
1785256524736186084,1776,0.043705
1785256524769287866,1560,0.045517
1785256524775944732,1560,0.045517
1785256524837375028,1813,0.042843
1785256524842196175,1813,0.042843
1785256524881006324,199,0.047607
1785256524944082108,1666,0.042129
1785256524944201712,1666,0.042129
1785256524981009841,230,0.063583
1785256525044077341,1674,0.044938
1785256525075786223,1834,0.042179
1785256525075892996,1834,0.042179
1785256525136413422,1619,0.048149
1785256525142394200,1619,0.048149
1785256525182818579,315,0.063504
1785256525233930133,1454,0.046354
1785256525280648512,1938,0.039943
1785256525288640491,336,0.058320
1785256525331953823,1354,0.045911
1785256525380623213,2005,0.038494
1785256525380798037,2005,0.038494
1785256525431806699,1323,0.046366
1785256525442142747,1323,0.046366
1785256525491570966,361,0.052638
1785256525528450007,1169,0.046716
1785256525541911579,1169,0.046716
1785256525584023912,412,0.049967
1785256525626886869,1066,0.049176
1785256525681214442,2141,0.040251
1785256525681276537,2141,0.040251
1785256525731927155,1029,0.050466
1785256525742466130,1029,0.050466
1785256525787932391,587,0.054728
1785256525824944558,949,0.050090
1785256525880610784,2161,0.035670
1785256525895005629,674,0.047951
1785256525932690859,808,0.050730
1785256525972744872,2086,0.036856
1785256525975921411,2086,0.036856
1785256526023574626,788,0.045329
1785256526042165525,788,0.045329
1785256526093842381,880,0.049719
1785256526122677882,692,0.048333
1785256526142000080,692,0.048333
1785256526195594934,951,0.045263
1785256526219902929,573,0.046576
1785256526282207787,2174,0.038603
1785256526282244065,2174,0.038603
1785256526318951333,506,0.043943
1785256526341932328,506,0.043943
1785256526392934632,1039,0.044503
1785256526425594766,408,0.040677
1785256526481888044,2154,0.039570
1785256526503404422,1182,0.039346
1785256526516826736,394,0.044852
1785256526581892721,2038,0.039952
1785256526581985466,2038,0.039952
1785256526616219192,384,0.046285
1785256526642174276,384,0.046285
1785256526699265390,1304,0.045877
1785256526715447658,301,0.039066
1785256526741897977,301,0.039066
1785256526808013811,1455,0.044601
1785256526815828498,286,0.043054
1785256526882881620,1998,0.039017
1785256526883901020,1998,0.039017
1785256526915619558,255,0.043180
1785256526942605087,255,0.043180
1785256527001842147,1650,0.040742
1785256527013836664,196,0.041662
1785256527041953158,196,0.041662
1785256527112342510,1785,0.042469
1785256527116070078,177,0.039938
1785256527173502407,1976,0.041630
1785256527175605508,1976,0.041630
1785256527214043043,161,0.044368
1785256527242632462,161,0.044368
1785256527312797001,1932,0.038676
1785256527316539144,175,0.039526
1785256527342178366,175,0.039526
1785256527436556963,2140,0.040994
1785256527441618751,135,0.042759
1785256527470775224,1633,0.044620
1785256527475810404,1633,0.044620
1785256527514046641,142,0.042383
1785256527542394208,142,0.042383
1785256527621893779,2351,0.042018
1785256527626282056,155,0.028539
1785256527666942580,1442,0.040649
1785256527711733536,2429,0.038644
1785256527717809009,223,0.040404
1785256527764964469,1359,0.041914
1785256527775911745,1359,0.041914
1785256527824734550,241,0.043932
1785256527842184690,241,0.043932
1785256527934336128,2495,0.042233
1785256527943006500,352,0.042676
1785256527943168434,352,0.042676
1785256528010507732,2546,0.038025
1785256528020244844,435,0.047445
1785256528061657344,1007,0.043806
1785256528075884715,1007,0.043806
1785256528120392186,482,0.042993
1785256528142347872,482,0.042993
1785256528221045301,2703,0.037155
1785256528233720640,545,0.041528
1785256528242103163,545,0.041528
1785256528322331948,2771,0.035850
1785256528346448116,625,0.041206
1785256528361207050,593,0.041122
1785256528375874181,593,0.041122
1785256528423541503,607,0.037831
1785256528442612570,607,0.037831
1785256528510375509,2662,0.034993
1785256528528322812,804,0.042185
1785256528542165617,804,0.042185
1785256528618464334,2620,0.034155
1785256528636582302,946,0.040131
1785256528652505394,451,0.043493
1785256528675705054,451,0.043493
1785256528728617822,1009,0.037852
1785256528742493110,1009,0.037852
1785256528818062658,2512,0.032298
1785256528848839647,1157,0.036992
1785256528856084210,327,0.034594
1785256528911230573,2576,0.035569
1785256528934944431,1200,0.039724
1785256528949049239,246,0.034592
1785256528975965822,246,0.034592
1785256529041762556,1347,0.040721
1785256529042129939,1347,0.040721
1785256529113579137,2579,0.034609
1785256529142363321,1533,0.037455
1785256529142405722,1533,0.037455
1785256529211509091,2431,0.033745
1785256529240029331,1651,0.036191
1785256529255459601,95,0.035371
1785256529275978500,95,0.035371
1785256529338571161,1769,0.034674
1785256529342525292,1769,0.034674
1785256529409857027,2223,0.037526
1785256529442487975,1945,0.034163
1785256529442518761,1945,0.034163
1785256529519361831,2125,0.037615
1785256529553914213,2096,0.034707
1785256529556619684,63,0.041076
1785256529575674243,63,0.041076
1785256529653699724,2181,0.032598
1785256529653736598,2181,0.032598
1785256529713099509,1675,0.039474
1785256529751574964,2411,0.035902
1785256529751776525,2411,0.035902
1785256529820299510,1413,0.038683
1785256529860453954,2482,0.036155
1785256529864402803,154,0.032276
1785256529875838140,154,0.032276
1785256529947083345,2459,0.035344
1785256529947119116,2459,0.035344
1785256529997839949,1181,0.038323
1785256530046344892,2432,0.035583
1785256530051432464,242,0.034293
1785256530096114573,1013,0.040071
1785256530146388850,2426,0.036594
1785256530153026832,257,0.035059
1785256530175736680,257,0.035059
1785256530257078303,2421,0.033631
1785256530258247469,2421,0.033631
1785256530293966588,822,0.040102
1785256530345135502,2297,0.034880
1785256530345321992,2297,0.034880
1785256530392216702,772,0.039212
1785256530442646675,2146,0.033637
1785256530453141572,364,0.037935
1785256530475949779,364,0.037935
1785256530540765136,2124,0.034754
1785256530542283281,2124,0.034754
1785256530589746878,672,0.043422
1785256530653299848,2207,0.035233
1785256530653471626,2207,0.035233
1785256530688561825,558,0.040597
1785256530751812036,2142,0.032178
1785256530767752953,642,0.038543
1785256530775831707,642,0.038543
1785256530839951998,2182,0.030995
1785256530842220316,2182,0.030995
1785256530886171319,418,0.042531
1785256530948040840,2104,0.032873
1785256530948098739,2104,0.032873
1785256530985836038,380,0.040190
1785256531047141037,2052,0.035667
1785256531066393208,1055,0.039439
1785256531075549858,1055,0.039439
1785256531137653629,1987,0.033265
1785256531142191497,1987,0.033265
1785256531181153285,274,0.039958
1785256531247781496,2008,0.032173
1785256531248865934,2008,0.032173
1785256531280561432,218,0.037187
1785256531337990210,1985,0.034003
1785256531359254125,1326,0.034602
1785256531375835346,1326,0.034602
1785256531444588712,1916,0.031434
1785256531444721855,1916,0.031434
1785256531480997515,281,0.040020
1785256531545621245,1847,0.033254
1785256531573216574,1556,0.033519
1785256531581172042,249,0.032660
1785256531643629565,1817,0.033283
1785256531688120693,1479,0.033526
1785256531689610875,1479,0.033526
1785256531738058213,1789,0.032388
1785256531742128928,1789,0.032388
1785256531781973671,256,0.037388
1785256531836704918,1690,0.031191
1785256531872291127,1787,0.031895
1785256531881256195,263,0.039831
1785256531935939753,1597,0.033078
1785256531971936915,1777,0.030620
1785256531975573726,1777,0.030620
1785256532036715017,1549,0.032741
1785256532042213549,1549,0.032741
1785256532082763545,252,0.037866
1785256532152552012,1406,0.034272
1785256532153622858,1406,0.034272
1785256532181535023,221,0.038083
1785256532232708774,1297,0.035139
1785256532274622155,1971,0.032009
1785256532275759430,1971,0.032009
1785256532332061219,1188,0.039591
1785256532342263082,1188,0.039591
1785256532381362540,196,0.037841
1785256532428439889,1025,0.035506
1785256532474530058,2059,0.032317
1785256532481264475,247,0.036046
1785256532527643202,892,0.037833
1785256532588524748,2071,0.031311
1785256532589917054,2071,0.031311
1785256532627685400,891,0.039727
1785256532642253773,891,0.039727
1785256532684630928,348,0.038786
1785256532715796591,322,0.039659
