record_time_ns,prediction_us,deskew_us,preprocessing_us,residual_build_us,ikfom_update_us,map_insert_crop_us,snapshot_us,total_processing_us
1785256486610845889,0,0,0,0,0,0,0,0
1785256486643545848,0,0,0,0,0,0,0,0
1785256486676111523,0,0,0,0,0,0,0,0
1785256486710075527,0,0,0,0,0,0,0,0
1785256486742463688,0,0,0,0,0,0,0,0
1785256486776571055,0,0,0,0,0,0,0,0
1785256486809810865,0,0,0,0,0,0,0,0
1785256486843403216,0,0,0,0,0,0,0,0
1785256486876624583,0,0,0,0,0,0,0,0
1785256486909763508,0,0,0,0,0,0,0,0
1785256486943960643,0,0,0,0,0,0,0,0
1785256486976017086,0,0,0,0,0,0,0,0
1785256487010149171,0,0,0,0,0,0,0,0
1785256487042441519,0,0,0,0,0,0,0,0
1785256487076599779,0,0,0,0,0,0,0,0
1785256487110100012,0,0,0,0,0,0,0,0
1785256487143517850,0,0,0,0,0,0,0,0
1785256487176626669,0,0,0,0,0,0,0,0
1785256487209841946,0,0,0,0,0,0,0,0
1785256487243843647,0,0,0,0,0,0,0,0
1785256487276177862,0,0,0,0,0,0,0,0
1785256487310293937,0,0,0,0,0,0,0,0
1785256487342768197,0,0,0,0,0,0,0,0
1785256487376662843,0,0,0,0,0,0,0,0
1785256487409861143,0,0,0,0,0,0,0,0
1785256487443677686,0,0,0,0,0,0,0,0
1785256487476542674,0,0,0,0,0,0,0,0
1785256487509714760,0,0,0,0,0,0,0,0
1785256487543646453,0,0,0,0,0,0,0,0
1785256487576083890,0,0,0,0,0,0,0,0
1785256487610321373,0,0,0,0,0,0,0,0
1785256487642401393,0,0,0,0,0,0,0,0
1785256487676387214,0,0,0,0,0,0,0,0
1785256487709586365,0,0,0,0,0,0,0,0
1785256487743411712,0,0,0,0,0,0,0,0
1785256487776349184,0,0,0,0,0,0,0,0
1785256487815294905,233,904,241,0,0,0,0,0
1785256487852864053,134,857,157,7029,7875,0,0,0
1785256487876244590,134,857,157,7029,7875,0,0,0
1785256487972812382,226,836,240,24487,30720,29813,302,62391
1785256487973204293,226,836,240,24487,30720,29813,302,62391
1785256488017267374,512,1766,405,27435,35144,2436,302,40575
1785256488057302787,133,1053,250,28132,35328,2611,302,39694
1785256488066139013,153,1053,111,4956,5467,1617,302,8619
1785256488135003070,138,918,240,42897,54240,2683,302,58408
1785256488174466153,162,1058,246,27292,35299,2064,302,39140
1785256488184571719,156,1057,115,5954,7151,1108,302,9841
1785256488184718214,156,1057,115,5954,7151,1108,302,9841
1785256488251529079,207,846,226,29080,37776,2102,302,41363
1785256488251703697,207,846,226,29080,37776,2102,302,41363
1785256488307457691,220,846,240,20758,26882,2150,302,30707
1785256488337941854,141,1007,356,17655,22990,2180,971,28076
1785256488342324475,141,1007,356,17655,22990,2180,971,28076
1785256488412248940,229,838,232,25177,31628,2029,971,35418
1785256488440927075,152,1050,256,19054,24173,2466,971,28335
1785256488451166048,155,1046,120,4299,5171,691,971,7436
1785256488475842098,155,1046,120,4299,5171,691,971,7436
1785256488538191652,238,931,270,18309,23604,2314,971,27668
1785256488542338131,238,931,270,18309,23604,2314,971,27668
1785256488604306745,273,915,213,18870,24166,1883,971,27763
1785256488635426075,142,933,274,16671,21886,2108,971,25633
1785256488652678227,116,921,146,5524,6569,868,971,8976
1785256488693856664,143,997,190,11126,13967,1681,971,17211
1785256488730284533,131,865,267,12910,16942,1864,971,20395
1785256488758272312,137,961,128,8506,10307,983,1470,14268
1785256488776361560,137,961,128,8506,10307,983,1470,14268
1785256488829612226,233,931,262,12438,16431,1575,1470,19750
1785256488842450099,233,931,262,12438,16431,1575,1470,19750
1785256488897523063,249,931,204,14442,17845,1436,1470,20979
1785256488928709873,133,869,264,11631,15555,1634,1470,18759
1785256488956126761,120,872,204,8035,9732,1084,1470,12325
1785256488975925221,120,872,204,8035,9732,1084,1470,12325
1785256489029526765,235,936,275,12448,16348,1573,1470,19671
1785256489061091126,130,865,184,11927,14550,1189,1470,17252
1785256489076013228,130,865,184,11927,14550,1189,1470,17252
1785256489129778736,240,884,293,12241,16107,1511,1470,19352
1785256489142863344,240,884,293,12241,16107,1511,1470,19352
1785256489193464533,233,902,186,11776,14058,1145,1470,16821
1785256489229036873,122,831,276,12016,15923,1682,1470,19069
1785256489261437755,116,846,226,10498,12978,1339,1758,17586
1785256489288530927,131,877,172,7759,9159,1131,1758,11649
1785256489329807176,147,867,282,12874,16867,1832,1758,20287
1785256489360501882,134,889,206,10789,13408,1626,1758,16722
1785256489376126611,134,889,206,10789,13408,1626,1758,16722
1785256489430560226,256,931,312,13230,16969,1651,1758,20412
1785256489442576620,256,931,312,13230,16969,1651,1758,20412
1785256489488808737,259,910,146,8375,9892,801,1758,12208
1785256489531350829,138,934,299,14060,18015,1998,1758,21623
1785256489561187971,138,930,264,12138,14439,1767,1758,17792
1785256489585041656,109,837,142,5414,6367,735,1758,8364
1785256489631001946,124,840,272,13831,17767,1941,1758,21180
1785256489667163133,139,947,254,13998,17161,2235,2273,23313
1785256489675847295,139,947,254,13998,17161,2235,2273,23313
1785256489730297707,254,878,277,12978,16761,1717,2273,20259
1785256489742666121,254,878,277,12978,16761,1717,2273,20259
1785256489784534181,210,835,130,5129,6000,584,2273,7973
1785256489830094980,130,863,258,13230,16954,1908,2273,20384
1785256489865627107,135,859,262,14994,18210,2224,2273,22070
1785256489884467123,123,930,131,4829,5643,637,2273,7715
1785256489932413008,140,929,289,14774,18525,2200,2273,22334
1785256489966078421,140,941,282,14881,18164,2117,2273,22057
1785256489976044171,140,941,282,14881,18164,2117,2273,22057
1785256490033348944,255,933,299,15369,19480,1979,2273,23366
1785256490042683721,255,933,299,15369,19480,1979,2273,23366
1785256490083284062,214,870,147,4005,4709,411,2273,6639
1785256490136106014,148,877,281,15898,19768,2388,2385,26165
1785256490159841819,147,953,288,9998,12314,2112,2385,16280
1785256490182584971,108,818,129,3666,4279,407,2385,5961
1785256490233478818,127,864,279,15610,19706,2338,2385,23583
1785256490266572350,135,931,312,14872,18612,2229,2385,22628
1785256490276202092,135,931,312,14872,18612,2229,2385,22628
1785256490333940446,249,863,302,15920,19755,1971,2385,23521
1785256490342375851,249,863,302,15920,19755,1971,2385,23521
1785256490382145040,212,865,120,3282,3824,347,2385,5612
1785256490432493510,128,872,274,15520,18972,2175,2385,22700
1785256490466978815,141,919,287,15363,19283,2184,2385,23220
1785256490475867104,141,919,287,15363,19283,2184,2385,23220
1785256490530565367,201,845,280,13918,16972,2052,2385,20796
1785256490571737870,136,931,311,16688,20789,2457,2506,27493
1785256490576158455,136,931,311,16688,20789,2457,2506,27493
1785256490629837099,229,876,314,13421,15899,1812,2506,19559
1785256490642735946,229,876,314,13421,15899,1812,2506,19559
1785256490684484792,223,934,137,4964,5761,587,2506,7810
1785256490728640601,128,883,258,13326,15668,1761,2506,18888
1785256490767021445,137,870,312,15711,19783,2112,2506,23528
1785256490784792274,137,880,155,5394,6286,677,2506,8473
1785256490827806900,113,899,245,12715,15046,1663,2506,18157
1785256490865962362,125,866,292,14900,18559,2182,2506,22322
1785256490876073907,125,866,292,14900,18559,2182,2506,22322
1785256490930581762,221,828,261,13551,16099,2481,2506,20348
1785256490942470505,221,828,261,13551,16099,2481,2506,20348
1785256490986446516,225,863,159,6762,7844,778,2506,10059
1785256491030290793,136,914,247,12580,14720,1569,2507,20300
1785256491064699477,133,875,291,14238,17799,1651,2507,21034
1785256491085328295,143,879,196,5384,6228,971,2507,8818
1785256491126802817,128,879,223,11599,13694,1611,2507,16744
1785256491163961003,130,913,424,13318,16651,1473,2507,19969
1785256491176050591,130,913,424,13318,16651,1473,2507,19969
1785256491226526316,212,872,216,11487,13319,1387,2507,16382
1785256491242417278,212,872,216,11487,13319,1387,2507,16382
1785256491289473876,224,870,185,9014,10522,1142,2507,13125
1785256491323815737,126,880,193,9346,10988,1396,2507,13781
1785256491362574525,126,875,286,12612,16070,1333,2507,18968
1785256491390118063,126,830,194,9544,11042,1144,2507,13561
1785256491426830953,122,834,209,9877,11423,1129,2685,16606
1785256491464015877,126,881,289,13284,16738,1934,2685,20261
1785256491476035570,126,881,289,13284,16738,1934,2685,20261
1785256491523390702,248,933,188,9130,10588,1258,2685,13432
1785256491542361630,248,933,188,9130,10588,1258,2685,13432
1785256491592408934,239,869,216,10972,12801,1572,2685,15900
1785256491620160792,133,900,184,7251,8356,875,2685,10619
1785256491664619324,135,874,298,13937,17917,1712,2685,21200
1785256491695144991,145,932,249,12892,15083,1927,2685,18700
1785256491720824343,155,868,171,7776,8959,875,2685,11238
1785256491764205811,128,897,292,13772,17270,1629,2685,20488
1785256491775836409,128,897,292,13772,17270,1629,2685,20488
1785256491820813041,219,869,155,7159,8260,774,2685,10688
1785256491842290349,219,869,155,7159,8260,774,2685,10688
1785256491900195323,343,1670,342,13918,16244,1835,2780,23450
1785256491919107123,140,938,151,6049,6992,746,2780,9146
1785256491965877918,118,927,301,14907,18588,1973,2780,22207
1785256491998956855,140,917,262,15388,18328,2043,2780,22102
1785256492018157470,138,928,177,5626,6454,569,2780,8482
1785256492067094305,131,868,302,15645,19811,1967,2780,23370
1785256492076138480,131,868,302,15645,19811,1967,2780,23370
1785256492117630390,208,824,131,4820,5479,507,2780,7345
1785256492142674983,208,824,131,4820,5479,507,2780,7345
1785256492197277524,263,880,266,14114,16674,2351,2780,20725
1785256492216707236,131,893,126,4400,5028,431,2780,6788
1785256492268030357,118,931,304,16961,20697,1942,2780,24258
1785256492275985583,118,931,304,16961,20697,1942,2780,24258
1785256492319086408,236,926,119,3919,4488,396,2865,9375
1785256492367690322,123,873,295,16513,20538,1889,2865,23972
1785256492376038838,123,873,295,16513,20538,1889,2865,23972
1785256492416018835,225,880,121,3541,4044,317,2865,5759
1785256492442199941,225,880,121,3541,4044,317,2865,5759
1785256492494316187,247,932,302,11501,13959,2077,2865,17779
1785256492515487306,139,935,115,3441,3935,344,2865,5729
1785256492542044105,139,935,115,3441,3935,344,2865,5729
1785256492602134587,233,932,295,16986,20640,3205,2865,25570
1785256492615541454,133,1235,110,3484,4091,294,2865,6154
1785256492663401730,125,873,238,13541,16495,1851,2865,19822
1785256492675743739,125,873,238,13541,16495,1851,2865,19822
1785256492716544847,231,910,111,3906,4615,327,2865,6379
1785256492742839346,231,910,111,3906,4615,327,2865,6379
1785256492797806677,236,838,247,14662,18062,1566,2865,21188
1785256492820602353,192,1770,184,4698,5343,345,2426,10515
1785256492857057117,129,931,245,8882,10543,1495,2426,13553
1785256492897060588,132,868,277,13702,16852,1643,2426,20136
1785256492917009915,121,877,129,4616,5367,408,2426,7211
1785256492963203838,137,918,238,13629,16268,1527,2426,19321
1785256492976168728,137,918,238,13629,16268,1527,2426,19321
1785256493018067720,227,943,141,5168,6019,490,2426,8004
1785256493042598848,227,943,141,5168,6019,490,2426,8004
1785256493095987819,231,884,254,13319,16447,1337,2426,19389
1785256493118636205,135,1011,150,5826,6757,508,2426,8842
1785256493160824909,111,834,251,12157,14400,1403,2426,17207
1785256493195970303,125,829,282,12907,16197,1508,2426,19232
1785256493221400150,117,847,152,5478,6381,565,3096,11437
1785256493260765356,132,867,215,11823,14014,1358,3096,16792
1785256493276019394,132,867,215,11823,14014,1358,3096,16792
1785256493319736130,271,928,148,6330,7341,609,3096,9459
1785256493342473254,271,928,148,6330,7341,609,3096,9459
1785256493396459057,226,884,274,13418,16719,1437,3096,19778
1785256493420203073,126,867,160,7046,8194,784,3096,10416
1785256493459155099,135,868,249,11069,12978,1313,3096,15740
1785256493495455745,114,866,286,12762,16137,1433,3096,19098
1785256493521601264,131,871,181,8335,9655,841,3096,11881
1785256493558857891,127,866,205,10731,12565,1181,3096,15174
1785256493575927796,127,866,205,10731,12565,1181,3096,15174
1785256493622634825,210,868,187,9054,10451,969,3096,12863
1785256493642494629,210,868,187,9054,10451,969,3096,12863
1785256493698170486,229,878,272,12551,15292,1384,2872,21192
1785256493724062932,126,866,201,9966,11621,1140,2872,14188
1785256493756993211,110,868,208,9334,10862,1062,2872,13315
1785256493796090953,143,889,294,12892,16296,1503,2872,19430
1785256493825525918,111,876,218,11250,13070,1304,2872,15829
1785256493856674489,139,950,190,9199,10652,931,2872,13049
1785256493875906961,139,950,190,9199,10652,931,2872,13049
1785256493927585644,263,931,263,12191,14311,1271,2872,17255
1785256493942609957,263,931,263,12191,14311,1271,2872,17255
1785256493995858040,228,844,274,12972,16103,1587,2872,19332
1785256494028318101,140,931,247,13056,15294,1678,2872,18709
1785256494051322461,138,930,163,4984,5722,745,2872,7881
1785256494100585846,125,879,309,14046,17246,1578,3182,23577
1785256494129170679,116,924,255,13419,15857,1622,3182,19160
1785256494152825589,126,876,153,6132,7091,622,3182,9031
1785256494175914851,126,876,153,6132,7091,622,3182,9031
1785256494227432960,225,866,242,12372,14451,1452,3182,17427
1785256494242533362,225,866,242,12372,14451,1452,3182,17427
1785256494298429291,219,875,296,14794,18069,1812,3182,21620
1785256494330027557,131,874,260,13981,16484,1798,3182,19949
1785256494342232191,131,874,260,13981,16484,1798,3182,19949
1785256494397734766,232,884,304,14607,17780,1694,3182,21199
1785256494431453307,126,894,293,14772,17561,1778,3182,21067
1785256494450414960,132,870,124,4440,5060,391,3182,6734
1785256494476131187,132,870,124,4440,5060,391,3182,6734
1785256494531130917,229,877,279,14927,17526,1851,3182,20977
1785256494542474978,229,877,279,14927,17526,1851,3182,20977
1785256494602833092,212,870,275,15656,18905,1995,3541,26109
1785256494634140877,134,929,319,16904,20199,1928,3541,23902
1785256494650879277,134,930,148,4689,5344,388,3541,7276
1785256494697950600,143,928,294,14979,18105,1734,3541,21418
1785256494733047952,139,933,308,16430,19582,2013,3541,23371
1785256494749819456,123,872,129,4064,4625,357,3541,6284
1785256494775742763,123,872,129,4064,4625,357,3541,6284
1785256494832025720,221,866,334,15454,18272,1853,3541,21778
1785256494842849072,221,866,334,15454,18272,1853,3541,21778
1785256494898999538,232,826,285,15998,18842,1816,3541,22316
1785256494933174810,114,870,293,16512,19711,1972,3541,23280
1785256494942511895,114,870,293,16512,19711,1972,3541,23280
1785256494998438663,226,837,306,15300,18312,1802,3541,21903
1785256495035976021,134,937,298,15956,19096,1932,3677,26408
1785256495050840670,116,930,137,4791,5490,395,3677,7239
1785256495075816516,116,930,137,4791,5490,395,3677,7239
1785256495131786456,335,1538,356,14833,17623,1724,3677,21816
1785256495142624309,335,1538,356,14833,17623,1724,3677,21816
1785256495198339117,227,873,282,15731,18404,1842,3677,21942
1785256495231819511,125,878,294,15301,18278,1862,3677,21740
1785256495250714989,140,943,154,4543,5180,434,3677,7055
1785256495275990073,140,943,154,4543,5180,434,3677,7055
1785256495333352142,244,883,291,16083,19881,1912,3677,23480
1785256495350753858,133,930,140,4609,5258,409,3677,7054
1785256495376227012,133,930,140,4609,5258,409,3677,7054
1785256495433876118,227,879,372,16312,19779,1875,3677,23387
1785256495442462978,227,879,372,16312,19779,1875,3677,23387
1785256495495800905,239,871,239,13621,15798,1537,3677,19084
1785256495536195540,124,930,307,15553,19347,1751,3717,26477
1785256495541912286,124,930,307,15553,19347,1751,3717,26477
1785256495594728939,224,871,232,12953,15025,1463,3717,18069
1785256495630179985,125,866,300,14091,17024,1759,3717,20418
1785256495654105142,146,934,165,7278,8296,861,3717,10608
1785256495676168737,146,934,165,7278,8296,861,3717,10608
1785256495732115647,225,873,322,15315,18415,1786,3717,21886
1785256495742564054,225,873,322,15315,18415,1786,3717,21886
1785256495793777349,220,836,229,12054,14042,1509,3717,17103
1785256495830347005,111,842,284,13966,16977,1628,3717,20113
1785256495856363762,132,870,192,8930,10275,1120,3717,12799
1785256495892641351,133,877,228,11378,13189,1409,3717,16035
1785256495929550624,126,867,292,13488,16467,1679,3717,19718
1785256495962603940,134,949,240,10365,11908,1287,3851,18607
1785256495975934189,134,949,240,10365,11908,1287,3851,18607
1785256496029978224,232,903,324,13716,16580,1490,3851,19789
1785256496042576081,232,903,324,13716,16580,1490,3851,19789
1785256496093557508,343,1764,350,11164,12936,1120,3851,17082
1785256496129462154,126,856,294,13151,16322,2047,3851,19884
1785256496142243473,126,856,294,13151,16322,2047,3851,19884
1785256496189496279,220,869,176,8971,10239,1069,3851,12791
1785256496230417543,132,884,293,14097,17363,1641,3851,20611
1785256496260697409,133,871,253,11949,13788,1451,3851,16902
1785256496276051797,133,871,253,11949,13788,1451,3851,16902
1785256496329958106,221,855,290,13521,16567,1527,3851,19783
1785256496342471276,221,855,290,13521,16567,1527,3851,19783
1785256496387408366,234,896,171,7535,8573,712,3851,10790
1785256496430717647,132,891,297,14418,17652,1787,3851,21016
1785256496466599758,125,882,251,13789,15963,1766,3991,23280
1785256496486573001,131,902,165,7109,8121,818,3991,10335
1785256496530533524,137,886,326,14831,17865,1696,3991,21149
1785256496563216427,131,871,257,14186,16353,1674,3991,19552
1785256496576103909,131,871,257,14186,16353,1674,3991,19552
1785256496631641069,212,879,299,14769,18072,1690,3991,21451
1785256496642414122,212,879,299,14769,18072,1690,3991,21451
1785256496684654283,223,852,157,5511,6246,517,3991,8177
1785256496731223316,129,865,313,14946,18016,1946,3991,21504
1785256496765038404,139,906,288,15584,18056,1875,3991,21650
1785256496783650113,115,856,145,4971,5628,408,3991,7311
1785256496832535642,131,871,293,15928,19338,1969,3991,22844
1785256496870713623,134,910,292,15871,18593,1922,4171,26419
1785256496876088663,134,910,292,15871,18593,1922,4171,26419
1785256496933938821,232,874,315,16488,19730,2139,4171,23608
1785256496942477248,232,874,315,16488,19730,2139,4171,23608
1785256496983296455,226,870,129,4247,4861,364,4171,6708
1785256497034405590,184,1718,426,16939,20061,1994,4171,24617
1785256497066415060,149,874,290,16141,19178,2052,4171,22952
1785256497081280304,146,930,123,2720,3082,330,4171,4758
1785256497135418802,143,887,318,18094,21811,2300,4171,25718
1785256497160732276,166,940,325,11004,13183,1996,4171,17057
1785256497175931010,166,940,325,11004,13183,1996,4171,17057
1785256497233771180,247,889,319,16239,19452,2189,4171,23373
1785256497242589554,247,889,319,16239,19452,2189,4171,23373
1785256497282356644,211,873,113,3410,3928,306,4171,5689
1785256497330249739,122,981,300,10528,12495,1967,4288,20350
1785256497360033411,131,886,312,10785,12838,1980,4288,16413
1785256497382851113,128,878,128,4003,4558,322,4288,6279
1785256497430295119,114,903,287,14518,17204,1857,4288,20564
1785256497468946946,141,930,357,17429,20944,2243,4288,24934
1785256497475944736,141,930,357,17429,20944,2243,4288,24934
1785256497530427799,223,868,260,14258,16672,1844,4288,20244
1785256497542436188,223,868,260,14258,16672,1844,4288,20244
1785256497582146258,218,865,153,3363,3835,483,4288,5710
1785256497632902175,183,1680,374,15913,18815,1767,4288,23030
1785256497667882812,139,964,326,17103,20579,1956,4288,24245
1785256497685215789,202,939,150,5918,6737,552,4288,8868
1785256497734382128,122,887,271,14654,17055,1896,3968,24396
1785256497766740605,135,927,318,15819,19198,1985,3968,22918
1785256497775925086,135,927,318,15819,19198,1985,3968,22918
1785256497829843340,223,879,242,13878,16082,1887,3968,19772
1785256497842439039,223,879,242,13878,16082,1887,3968,19772
1785256497887375759,236,935,172,7632,8701,781,3968,10985
1785256497928466200,141,935,270,13637,15650,1646,3968,18839
1785256497942065197,141,935,270,13637,15650,1646,3968,18839
1785256497987056957,249,868,197,7494,8557,806,3968,10829
1785256498022335709,110,865,248,8481,9699,1511,3968,12641
1785256498065353070,129,870,301,14668,18114,1905,3968,21628
1785256498075894562,129,870,301,14668,18114,1905,3968,21628
1785256498127254167,219,855,220,12225,14194,1522,3968,17342
1785256498142367055,219,855,220,12225,14194,1522,3968,17342
1785256498189256231,210,871,192,8920,10213,1101,3968,12753
1785256498228556684,139,937,210,10352,11757,1182,4039,18429
1785256498265983239,139,941,323,15382,19024,1879,4039,22588
1785256498287157294,140,963,218,7049,8074,1241,4039,10961
1785256498323471360,139,878,214,10017,11385,1207,4039,13985
1785256498364152401,114,889,312,13937,17295,1704,4039,20572
1785256498376083501,114,889,312,13937,17295,1704,4039,20572
1785256498424129320,240,928,216,9783,11178,1129,4039,13912
1785256498442438480,240,928,216,9783,11178,1129,4039,13912
1785256498493064569,230,873,261,11975,13719,1320,4039,16602
1785256498520905276,127,865,179,7892,8957,849,4039,11129
1785256498563827098,126,864,307,14198,17368,1584,4039,20494
1785256498593469486,130,834,243,12232,13989,1510,4039,16936
1785256498625805887,136,855,191,8069,9193,1261,4073,15884
1785256498665469498,129,844,306,15076,18361,1884,4073,21792
1785256498676007535,129,844,306,15076,18361,1884,4073,21792
1785256498720720762,215,884,189,7137,8103,666,4073,10397
1785256498742446578,215,884,189,7137,8103,666,4073,10397
1785256498796293074,229,875,269,14254,16426,1840,4073,19841
1785256498818679227,137,894,164,6135,6960,647,4073,8965
1785256498866569813,145,888,325,15781,19144,2346,4073,23081
1785256498896486624,164,876,262,14177,16556,1700,4073,19911
1785256498917442523,132,871,157,5376,6067,463,4073,7852
1785256498968203528,129,877,327,17246,20668,2080,4073,24344
1785256498975750194,129,877,327,17246,20668,2080,4073,24344
1785256499016038836,209,914,181,3389,3794,398,4073,5863
1785256499042152667,209,914,181,3389,3794,398,4073,5863
1785256499102652346,240,875,277,15307,17819,2051,4347,25859
1785256499116195569,115,884,133,4471,5028,385,4347,6714
1785256499167825430,131,835,317,17163,20636,2112,4347,24282
1785256499175843836,131,835,317,17163,20636,2112,4347,24282
1785256499215800538,235,876,124,3764,4276,306,4347,6114
1785256499267251024,132,878,315,16689,19834,1947,4347,23326
1785256499276196584,132,878,315,16689,19834,1947,4347,23326
1785256499316866230,234,921,136,4040,4578,353,4347,6412
1785256499342715914,234,921,136,4040,4578,353,4347,6412
1785256499402959614,306,1678,419,18366,21421,2080,4347,26146
1785256499416256952,144,932,130,4018,4538,317,4347,6534
1785256499466644705,135,931,308,16389,19410,1961,4347,23022
1785256499501323304,140,934,317,17734,20928,2103,4347,24749
1785256499520948453,142,937,140,4680,5278,370,4084,11143
1785256499566263265,136,933,310,16312,19019,1966,4084,22595
1785256499575701304,136,933,310,16312,19019,1966,4084,22595
1785256499615391500,236,936,142,3183,3573,346,4084,5393
1785256499642316880,236,936,142,3183,3573,346,4084,5393
1785256499700463394,249,866,322,17098,20259,2114,4084,24076
1785256499716618116,120,936,145,4749,5337,412,4084,7217
1785256499766633817,146,901,327,16536,19527,2022,4084,23170
1785256499800735118,148,902,318,17176,20476,2066,4084,24257
1785256499817723746,270,913,160,5464,6173,509,4084,8216
1785256499865696828,139,933,349,16260,18750,1738,4084,22140
1785256499875732641,139,933,349,16260,18750,1738,4084,22140
1785256499918246522,221,877,148,5379,6074,508,4084,7996
1785256499942243277,221,877,148,5379,6074,508,4084,7996
1785256500003098776,233,876,312,15617,18366,2212,4129,26380
1785256500018460745,126,892,179,5934,6718,565,4129,8725
1785256500063568986,115,876,272,14568,16553,2022,4129,20061
1785256500099296587,143,930,322,16216,19111,1843,4129,22663
1785256500118595450,129,866,159,6058,6883,729,4129,8975
1785256500162751593,124,837,269,13886,15896,1582,4129,18917
1785256500176058578,124,837,269,13886,15896,1582,4129,18917
1785256500217490385,210,871,164,4545,5130,749,4129,7296
1785256500242256787,210,871,164,4545,5130,749,4129,7296
1785256500297899491,227,871,295,15171,18174,1663,4129,21498
1785256500321426655,131,927,190,8338,9427,898,4129,11795
1785256500342154037,131,927,190,8338,9427,898,4129,11795
1785256500397843731,232,928,307,14882,17770,1709,4129,21240
1785256500427492671,133,928,196,9691,10947,1100,4143,17675
1785256500460739875,124,865,240,12190,13929,1436,4143,16787
1785256500475900482,124,865,240,12190,13929,1436,4143,16787
1785256500522540134,197,842,178,8975,10147,922,4143,12452
1785256500542520923,197,842,178,8975,10147,922,4143,12452
1785256500595893696,247,870,286,13670,16366,1351,4143,19371
1785256500625201583,124,868,222,11049,12545,1387,4143,15389
1785256500658016131,133,924,224,10550,12008,1185,4143,14664
1785256500698339906,167,1666,432,14411,17396,1859,4143,21885
1785256500721776540,134,945,236,8033,9102,1495,4143,12148
1785256500757574560,133,929,207,10068,11403,1176,4143,14034
1785256500776035606,133,929,207,10068,11403,1176,4143,14034
1785256500827039248,233,863,274,12278,13958,1376,4143,16896
1785256500842590680,233,863,274,12278,13958,1376,4143,16896
1785256500902105124,236,924,307,14853,17858,1635,4105,25367
1785256500929621478,123,862,254,14603,16594,1684,4105,19891
1785256500955251762,143,930,203,8438,9503,808,4105,11768
1785256500975905931,143,930,203,8438,9503,808,4105,11768
1785256501028759262,209,869,249,13723,15669,1740,4105,18974
1785256501053482646,125,873,168,6779,7709,682,4105,9733
1785256501075706781,125,873,168,6779,7709,682,4105,9733
1785256501129656182,240,931,259,13959,16067,1882,4105,19605
1785256501142255927,240,931,259,13959,16067,1882,4105,19605
1785256501198402900,208,842,321,15454,18391,1743,4105,21822
1785256501230962866,129,877,277,15245,17579,1978,4105,21130
1785256501250909958,131,926,143,5277,5903,472,4105,7719
1785256501297856578,119,921,326,15283,18123,1771,4105,21498
1785256501337493704,124,876,291,16698,19235,2152,4533,27517
1785256501352366428,142,958,201,5773,6531,525,4533,8567
1785256501376241104,142,958,201,5773,6531,525,4533,8567
1785256501432692563,222,866,299,16424,18978,1960,4533,22565
1785256501442238336,222,866,299,16424,18978,1960,4533,22565
1785256501500400329,225,950,315,16984,20236,1960,4533,24027
1785256501534878221,140,928,325,18137,21101,2221,4533,25256
1785256501550007384,131,894,143,4515,5069,361,4533,6776
1785256501598959095,132,936,315,16057,19070,1930,4533,22607
1785256501632999598,134,873,293,16566,19518,2014,4533,23254
1785256501650288272,138,897,137,4445,5031,348,4533,6722
1785256501676108445,138,897,137,4445,5031,348,4533,6722
1785256501733164315,221,837,303,16375,19005,2007,4533,22609
1785256501742383883,221,837,303,16375,19005,2007,4533,22609
1785256501804682136,233,870,311,17065,20074,2010,4366,28186
1785256501833964370,133,925,316,17244,20265,2015,4366,24152
1785256501851029112,125,865,144,4916,5548,460,4366,7309
1785256501900306992,129,928,405,17274,20317,2061,4366,24067
1785256501926670704,115,894,303,11062,13181,2019,4366,16939
1785256501949906725,125,864,138,4200,4751,357,4366,6377
1785256501975841942,125,864,138,4200,4751,357,4366,6377
1785256502026453478,213,838,302,10745,12746,1940,4366,16287
1785256502042500625,213,838,302,10745,12746,1940,4366,16287
1785256502099774888,235,938,319,16660,19472,1858,4366,23188
1785256502132492796,140,907,331,16429,19304,1961,4366,22953
1785256502142181994,140,907,331,16429,19304,1961,4366,22953
1785256502197844699,238,869,284,15175,17709,1891,4366,21395
1785256502239039934,113,876,338,17468,20887,2103,4526,29163
1785256502251487839,135,932,150,5135,5751,448,4526,7814
1785256502275886827,135,932,150,5135,5751,448,4526,7814
1785256502334175264,223,841,303,16822,20127,2112,4526,23869
1785256502342255901,223,841,303,16822,20127,2112,4526,23869
1785256502395761804,227,866,273,13487,15486,1840,4526,19177
1785256502433704136,117,823,308,16866,20267,2000,4526,23829
1785256502452645669,133,868,166,6235,7039,652,4526,9163
1785256502496548118,130,822,278,14597,16837,1811,4526,20080
1785256502532099666,123,855,328,15533,18803,1924,4526,22351
1785256502551651156,135,922,182,4902,5502,804,4526,7917
1785256502575849064,135,922,182,4902,5502,804,4526,7917
1785256502632190812,208,906,333,15444,18633,1835,4526,22174
1785256502642466832,208,906,333,15444,18633,1835,4526,22174
1785256502699262544,219,864,258,12628,14425,1559,4729,22464
1785256502731224610,132,930,329,15006,18248,1699,4729,21638
1785256502756524573,124,876,203,9146,10431,1222,4729,13178
1785256502793596554,136,872,240,12402,14120,1441,4729,16994
1785256502830953804,134,859,331,14626,18020,1677,4729,21324
1785256502857452356,115,861,211,9663,10987,1289,4729,13794
1785256502876090722,115,861,211,9663,10987,1289,4729,13794
1785256502931169452,265,889,322,14650,17713,1483,4729,20937
1785256502942297655,265,889,322,14650,17713,1483,4729,20937
1785256502991249550,247,879,259,10322,11642,1204,4729,14598
1785256503030803246,124,899,308,14208,17656,1689,4729,20945
1785256503059218332,130,841,223,11059,12565,1521,4729,15689
1785256503075686290,130,841,223,11059,12565,1521,4729,15689
1785256503135834694,247,929,313,15029,18156,1629,4491,26025
1785256503161549334,133,932,273,13024,14798,1511,4491,18007
1785256503175597881,133,932,273,13024,14798,1511,4491,18007
1785256503231440890,242,883,322,14799,18060,1581,4491,21381
1785256503242551080,242,883,322,14799,18060,1581,4491,21381
1785256503291393516,316,1715,276,9762,11167,938,4491,14873
1785256503325840157,135,932,320,10413,12602,1797,4491,16061
1785256503342314902,135,932,320,10413,12602,1797,4491,16061
1785256503387786233,231,932,193,7898,8952,804,4491,11277
1785256503431272028,133,949,315,15307,18076,1849,4491,21576
1785256503466822709,183,1683,431,16567,18721,1898,4491,23229
1785256503475900326,183,1683,431,16567,18721,1898,4491,23229
1785256503532951650,344,1531,313,15784,18705,1682,4491,22847
1785256503542513783,344,1531,313,15784,18705,1682,4491,22847
1785256503585441740,227,927,152,6012,6786,511,4491,8959
1785256503637885770,119,834,306,16083,19342,2226,4874,27965
1785256503668103820,137,957,304,17935,20698,2133,4874,24708
1785256503684839000,137,1008,162,5805,6463,503,4874,8443
1785256503734695941,137,1005,315,17804,21140,2032,4874,24877
1785256503766330196,126,917,296,16126,18636,2189,4874,22579
1785256503775833428,126,917,296,16126,18636,2189,4874,22579
1785256503835111078,240,939,342,17657,21044,2270,4874,25174
1785256503842449739,240,939,342,17657,21044,2270,4874,25174
1785256503883212982,207,917,171,4459,5038,341,4874,7037
1785256503934673976,131,867,339,18230,21523,2075,4874,25184
1785256503942347988,131,867,339,18230,21523,2075,4874,25184
1785256503982343687,234,881,120,3688,4125,264,4874,5872
1785256504034854415,114,909,328,17801,21132,2482,4874,25214
1785256504073206261,124,891,357,17755,20505,2210,4826,29242
1785256504075755142,124,891,357,17755,20505,2210,4826,29242
1785256504134566098,254,914,334,17169,20328,2143,4826,24432
1785256504142357483,254,914,334,17169,20328,2143,4826,24432
1785256504182591431,216,882,121,3796,4309,297,4826,5963
1785256504233349017,139,931,330,17134,19719,2361,4826,23687
1785256504269297160,146,936,386,18669,21654,2235,4826,25759
1785256504283378175,136,870,147,4492,5068,383,4826,6988
1785256504330820742,114,868,292,15174,17681,1939,4826,21154
1785256504369297127,131,1028,332,18104,21544,2190,4826,25541
1785256504376160187,131,1028,332,18104,21544,2190,4826,25541
1785256504432313456,238,927,311,15844,18326,2046,4826,22267
1785256504442270375,238,927,311,15844,18326,2046,4826,22267
1785256504484413287,223,931,146,5272,5883,497,4826,7839
1785256504529265834,133,927,292,10026,11526,1828,4644,19552
1785256504567165759,131,866,380,16911,19988,2043,4644,23726
1785256504582658414,135,864,158,3819,4258,490,4644,6193
1785256504630455297,113,877,297,15079,17422,1857,4644,20782
1785256504666583705,125,877,414,15774,19150,2014,4644,22919
1785256504675767880,125,877,414,15774,19150,2014,4644,22919
1785256504731457743,242,929,277,15680,17867,1723,4644,21406
1785256504742266042,242,929,277,15680,17867,1723,4644,21406
1785256504786942688,330,1787,234,5942,6943,873,4644,10375
1785256504829569759,128,900,283,14441,16355,2021,4644,19888
1785256504866362219,157,924,333,16334,19404,1913,4644,23024
1785256504885074533,131,898,196,5302,5970,861,4644,8474
1785256504927870024,108,847,247,8708,9898,1584,4683,17555
1785256504966149266,132,872,318,15462,18943,1863,4683,22407
1785256504975912989,132,872,318,15462,18943,1863,4683,22407
1785256505028436734,226,867,249,13198,15038,1667,4683,18443
1785256505042626709,226,867,249,13198,15038,1667,4683,18443
1785256505088886848,235,909,193,8854,9945,985,4683,12428
1785256505126339806,140,935,238,12044,13672,1476,4683,16646
1785256505141837597,140,935,238,12044,13672,1476,4683,16646
1785256505194264304,329,1672,302,12343,14169,1208,4683,17881
1785256505226081435,128,902,225,11407,12930,1966,4683,16336
1785256505265053828,122,1301,335,14945,18013,1568,4683,21640
1785256505275815242,122,1301,335,14945,18013,1568,4683,21640
1785256505325493477,250,877,204,11203,12789,1273,4683,15659
1785256505342553266,250,877,204,11203,12789,1273,4683,15659
1785256505397229246,357,1770,319,14492,16617,1523,4683,20865
1785256505427882826,122,931,200,9539,10734,1101,4857,18134
1785256505467068956,202,1767,463,16426,19385,1526,4857,23671
1785256505475630272,202,1767,463,16426,19385,1526,4857,23671
1785256505522399473,253,932,189,9037,10209,997,4857,12823
1785256505565456869,129,894,311,15210,18137,1848,4857,21616
1785256505576017630,129,894,311,15210,18137,1848,4857,21616
1785256505621628245,209,881,188,8172,9192,795,4857,11506
1785256505642559105,209,881,188,8172,9192,795,4857,11506
1785256505696169715,236,839,255,14261,16197,1817,4857,19555
1785256505718994354,127,834,160,6526,7343,630,4857,9249
1785256505742021338,127,834,160,6526,7343,630,4857,9249
1785256505796604696,222,839,269,14718,16823,1658,4857,20025
1785256505818310406,134,884,156,6043,6832,622,4857,8789
1785256505868538339,133,927,337,17883,21169,1956,4857,24810
1785256505875871404,133,927,337,17883,21169,1956,4857,24810
1785256505922672772,208,868,138,4945,5529,413,4731,12355
1785256505942375186,208,868,138,4945,5529,413,4731,12355
1785256505998799830,242,871,269,16411,18779,1923,4731,22332
1785256506014557185,117,933,133,2978,3356,393,4731,5094
1785256506066623415,126,835,308,16455,19569,2024,4731,23140
1785256506099990745,126,858,306,17063,19840,2038,4731,23612
1785256506114477145,129,883,125,2828,3178,383,4731,4866
1785256506166790589,131,866,371,16380,19070,2209,4731,22904
1785256506176101416,131,866,371,16380,19070,2209,4731,22904
1785256506217211608,228,915,136,4639,5182,415,4731,7066
1785256506242286568,228,915,136,4639,5182,415,4731,7066
1785256506302145856,254,931,324,18283,21307,2336,4731,25433
1785256506314949604,133,927,138,3037,3412,376,4731,5162
1785256506341843384,133,927,138,3037,3412,376,4731,5162
1785256506406138392,221,929,347,18110,20923,2159,4669,29515
1785256506416462362,138,939,152,4730,5325,377,4669,7125
1785256506466553578,135,927,304,16809,19440,2114,4669,23195
1785256506475681732,135,927,304,16809,19440,2114,4669,23195
1785256506515277169,205,869,133,3072,3433,409,4669,5216
1785256506542161708,205,869,133,3072,3433,409,4669,5216
1785256506599984507,236,870,316,17173,19902,2006,4669,23587
1785256506614982958,131,894,144,3336,3724,439,4669,5512
1785256506666920145,138,935,318,17209,19905,1984,4669,23510
1785256506699476722,117,901,316,16397,19227,2125,4669,23067
1785256506717804047,132,936,153,5603,6276,600,4669,8295
1785256506760340114,142,933,310,11572,13278,1923,4669,16823
1785256506775737721,142,933,310,11572,13278,1923,4669,16823
1785256506821301855,241,940,169,3454,3861,470,4934,10816
1785256506842163006,241,940,169,3454,3861,470,4934,10816
1785256506900199588,218,867,320,17112,20211,1998,4934,23895
1785256506916158834,136,928,150,3854,4310,542,4934,6448
1785256506942030819,136,928,150,3854,4310,542,4934,6448
1785256507001035725,244,870,330,17486,20892,2070,4934,24707
1785256507018502318,144,980,158,5979,6705,562,4934,8944
1785256507064478758,145,931,267,15413,17622,1814,4934,20990
1785256507075625393,145,931,267,15413,17622,1814,4934,20990
1785256507119447490,240,904,158,6380,7182,654,4934,9333
1785256507142014120,240,904,158,6380,7182,654,4934,9333
1785256507199457113,221,931,327,16321,19589,1779,4934,23131
1785256507220533709,128,874,195,7707,8666,819,4934,10917
1785256507263129606,140,872,248,14325,16251,1896,4934,19641
1785256507304265402,123,944,328,15838,18782,1848,5149,27496
1785256507323718806,157,991,204,10261,11513,1140,5149,14230
1785256507361617368,144,934,252,13183,14938,1569,5149,18036
1785256507375731915,144,934,252,13183,14938,1569,5149,18036
1785256507423483855,265,896,193,9564,10801,1116,5149,13457
1785256507442381685,265,896,193,9564,10801,1116,5149,13457
1785256507497276734,211,890,331,14884,17551,1485,5149,20773
1785256507521525135,134,1043,354,7852,8774,1389,5149,12036
1785256507541927121,134,1043,354,7852,8774,1389,5149,12036
1785256507597917598,256,901,295,15355,18180,1519,5149,21431
1785256507626761268,138,935,243,12660,14286,1389,5149,17244
1785256507658015516,140,870,218,10342,11703,1334,5149,14458
1785256507675738405,140,870,218,10342,11703,1334,5149,14458
1785256507729422647,330,1710,330,13814,15457,1516,5149,19577
1785256507742150990,330,1710,330,13814,15457,1516,5149,19577
1785256507803727710,234,929,309,15661,18508,1807,5094,27186
1785256507829648381,133,930,273,14571,16521,1829,5094,19985
1785256507854903350,130,870,193,8081,9065,921,5094,11346
1785256507897508095,129,871,323,14750,17550,1803,5094,21042
1785256507929286071,112,863,257,14117,16054,2029,5094,19594
1785256507954391255,145,931,202,7715,8744,764,5094,10961
1785256507975576640,145,931,202,7715,8744,764,5094,10961
1785256508033150068,328,1760,340,16558,18577,1878,5094,23112
1785256508042475528,328,1760,340,16558,18577,1878,5094,23112
1785256508098290082,217,872,318,15304,18064,1814,5094,21607
1785256508131833328,124,866,273,16348,18524,1993,5094,22090
1785256508151857601,127,866,185,5888,6576,538,5094,8473
1785256508203572087,130,879,295,15544,18292,1914,4815,26603
1785256508232451409,109,891,300,16674,19050,2061,4815,22741
1785256508251639703,130,867,148,5581,6261,506,4815,8068
1785256508275969747,130,867,148,5581,6261,506,4815,8068
1785256508327536682,350,1776,394,11363,12908,1886,4815,17568
1785256508342385624,350,1776,394,11363,12908,1886,4815,17568
1785256508399902339,216,875,311,16802,19618,1920,4815,23248
1785256508434803915,159,926,316,18391,21207,2266,4815,25223
1785256508450612382,132,912,141,4942,5543,365,4815,7280
1785256508502666885,130,872,330,19091,22510,1945,4815,26180
1785256508526072321,110,872,299,10945,12625,1979,4815,16250
1785256508550295990,123,885,137,4475,5003,369,4815,6666
1785256508576231920,123,885,137,4475,5003,369,4815,6666
1785256508637414499,237,857,304,16315,18833,1903,4448,26816
1785256508642261476,237,857,304,16315,18833,1903,4448,26816
1785256508701143597,209,872,327,17802,20717,2090,4448,24580
1785256508733699932,126,915,304,17397,20071,2152,4448,23889
1785256508742288896,126,915,304,17397,20071,2152,4448,23889
1785256508796289093,242,925,329,13214,15813,2257,4448,19934
1785256508833743865,123,863,310,17453,20679,1810,4448,24088
1785256508849340460,113,890,118,3621,4029,287,4448,5618
1785256508875707810,113,890,118,3621,4029,287,4448,5618
1785256508927567129,242,930,343,11843,13768,2002,4448,17523
1785256508942543810,242,930,343,11843,13768,2002,4448,17523
1785256508999816245,212,824,282,16901,19439,1973,4448,23030
1785256509035418549,117,867,318,18653,21668,2142,4448,25477
1785256509050115064,142,882,141,4414,4942,324,4448,6614
1785256509103067760,138,877,281,15160,17457,2110,4975,26096
1785256509128210377,133,952,332,12420,14589,2175,4975,18540
1785256509151358339,123,888,144,5314,5919,482,4975,7817
1785256509175966782,123,888,144,5314,5919,482,4975,7817
1785256509235229121,214,909,327,17767,20981,2100,4975,24880
1785256509242313046,214,909,327,17767,20981,2100,4975,24880
1785256509297566179,349,1325,266,14721,16935,1806,4975,21006
1785256509333854921,112,891,320,17535,20471,1966,4975,24095
1785256509342357094,112,891,320,17535,20471,1966,4975,24095
1785256509396031890,241,899,271,14548,16549,1890,4975,20145
1785256509432076321,119,871,326,16090,18886,1805,4975,22323
1785256509453664867,126,845,166,7109,7955,791,4975,10073
1785256509475897700,126,845,166,7109,7955,791,4975,10073
1785256509532796598,225,948,330,15811,18671,1907,4975,22335
1785256509542680235,225,948,330,15811,18671,1907,4975,22335
1785256509600034782,224,869,244,13445,15230,1551,4942,23312
1785256509631950233,118,931,349,15805,18689,1798,4942,22197
1785256509657382355,137,924,211,9947,11130,1075,4942,13708
1785256509694383750,141,942,243,13178,14884,1549,4942,17937
1785256509731092679,136,936,322,15304,18069,1596,4942,21344
1785256509757670413,135,895,206,9953,11253,1220,4942,13952
1785256509775877200,135,895,206,9953,11253,1220,4942,13952
1785256509830808209,207,842,310,14374,17029,1725,4942,20396
1785256509842436253,207,842,310,14374,17029,1725,4942,20396
1785256509893677408,355,1789,388,11487,12969,1297,4942,17142
1785256509931660755,138,944,321,15339,18267,1784,4942,21787
1785256509959298445,119,935,237,11623,13037,1362,4942,15930
1785256509975615285,119,935,237,11623,13037,1362,4942,15930
1785256510042324214,238,873,328,20038,23702,1664,5323,32413
1785256510061639350,158,1030,269,13112,14684,1413,5323,17933
1785256510076044652,158,1030,269,13112,14684,1413,5323,17933
1785256510132120290,224,878,328,15532,18670,1523,5323,21901
1785256510142480599,224,878,328,15532,18670,1523,5323,21901
1785256510191043820,306,1711,280,9611,10758,984,5323,14318
1785256510230134922,134,936,319,14308,17002,1709,5323,20361
1785256510262215811,128,869,259,13623,15424,1820,5323,18784
1785256510287933375,122,853,197,8114,9116,981,5323,11423
1785256510331476950,126,870,331,15641,18501,1866,5323,21948
1785256510364407292,139,875,271,15163,17188,2097,5323,20889
1785256510376027253,139,875,271,15163,17188,2097,5323,20889
1785256510432898233,223,871,320,16194,19157,1751,5323,22613
1785256510442370788,223,871,320,16194,19157,1751,5323,22613
1785256510490524116,221,876,170,6109,6841,562,5052,13921
1785256510533456494,124,857,325,17242,20092,2050,5052,23694
1785256510542141280,124,857,325,17242,20092,2050,5052,23694
1785256510584149968,234,878,144,5337,5926,424,5052,7770
1785256510636851464,195,1763,455,19624,22445,2196,5052,27331
1785256510665329217,144,930,317,15871,18077,1967,5052,21735
1785256510675894192,144,930,317,15871,18077,1967,5052,21735
1785256510735670742,228,897,375,18266,21504,2294,5052,25670
1785256510742206973,228,897,375,18266,21504,2294,5052,25670
1785256510782807332,224,846,123,3946,4389,301,5052,6314
1785256510837632504,131,867,327,19784,24031,2304,5052,27944
1785256510867580816,139,930,308,17506,20149,1989,5052,24021
1785256510882510155,120,941,133,4071,4526,306,5052,6208
1785256510940622058,121,847,306,17939,21164,2252,5614,30573
1785256510969461845,150,1009,349,19126,21917,2157,5614,25926
1785256510975865267,150,1009,349,19126,21917,2157,5614,25926
1785256511032782341,240,932,307,16192,18794,2039,5614,22669
1785256511042216924,240,932,307,16192,18794,2039,5614,22669
1785256511083146469,204,835,145,4351,4872,371,5614,6597
1785256511134304131,200,1769,426,17593,20179,1996,5614,24814
1785256511141937177,200,1769,426,17593,20179,1996,5614,24814
1785256511183282722,215,864,141,4528,5066,337,5614,6785
1785256511231503819,141,876,307,16062,18458,2103,5614,22149
1785256511261822424,131,893,338,12237,14223,2106,5614,18035
1785256511275878776,131,893,338,12237,14223,2106,5614,18035
1785256511326903677,247,927,299,10994,12681,2206,5614,16830
1785256511342371776,247,927,299,10994,12681,2206,5614,16830
1785256511384490238,227,873,149,5493,6111,416,5614,7912
1785256511438607105,205,1771,339,15934,18400,2158,5839,28958
1785256511442032826,205,1771,339,15934,18400,2158,5839,28958
1785256511485348517,244,876,169,6197,6897,542,5839,8897
1785256511531135854,128,884,294,15729,18031,2027,5839,21591
1785256511566483461,138,866,332,16184,18913,2351,5839,22916
1785256511576103083,138,866,332,16184,18913,2351,5839,22916
1785256511626003685,233,902,277,10644,12110,1808,5839,15636
1785256511642193829,233,902,277,10644,12110,1808,5839,15636
1785256511685565571,228,921,164,6311,7031,547,5839,9043
1785256511732719491,194,1702,372,16565,18943,1789,5839,23224
1785256511742128039,194,1702,372,16565,18943,1789,5839,23224
1785256511786999027,242,878,173,7170,8063,755,5839,10269
1785256511833015735,182,1771,356,16939,19242,1754,5839,23541
1785256511865617621,154,859,308,15907,18754,1685,5839,22082
1785256511875718391,154,859,308,15907,18754,1685,5839,22082
1785256511934123661,221,836,255,13642,15432,1638,5155,23884
1785256511942185791,221,836,255,13642,15432,1638,5155,23884
1785256511991360094,331,1745,274,10261,11565,908,5155,15022
1785256512026440173,127,836,242,12316,13887,1424,5155,16695
1785256512064667852,130,843,334,15350,18145,1633,5155,21376
1785256512090888445,127,866,234,10404,11755,1264,5155,14519
1785256512126550719,105,820,230,12426,14082,1416,5155,16839
1785256512164146277,144,867,311,14562,17394,1569,5155,20585
1785256512175954993,144,867,311,14562,17394,1569,5155,20585
1785256512225766472,243,878,231,11546,13030,1248,5155,15892
1785256512242384457,243,878,231,11546,13030,1248,5155,15892
1785256512293062789,227,901,250,12070,13612,1446,5155,16647
1785256512323512493,146,1236,189,9768,10990,1104,5155,13859
1785256512370374370,129,817,324,15045,18042,1592,5438,26654
1785256512394430751,140,980,248,13275,14938,1393,5438,17983
1785256512422030934,126,840,185,8845,10018,985,5438,12342
1785256512464306886,109,812,306,14881,17592,1569,5438,20659
1785256512475812020,109,812,306,14881,17592,1569,5438,20659
1785256512521621816,226,844,181,8264,9269,781,5438,11518
1785256512542204959,226,844,181,8264,9269,781,5438,11518
1785256512598053243,347,1756,349,15352,17251,1620,5438,21540
1785256512619427100,115,876,174,6886,7778,659,5438,9764
1785256512665507875,135,881,318,16143,18965,1809,5438,22378
1785256512675817329,135,881,318,16143,18965,1809,5438,22378
1785256512718114073,236,864,156,6057,6784,560,5438,8791
1785256512768282427,143,929,326,17937,21223,1852,5438,24750
1785256512775732281,143,929,326,17937,21223,1852,5438,24750
1785256512826661532,347,1720,201,6938,7884,506,4954,16073
1785256512842526404,347,1720,201,6938,7884,506,4954,16073
1785256512904934387,233,879,284,21751,24861,1946,4954,28417
1785256512916895198,115,902,134,4849,5439,434,4954,7186
1785256512941870534,115,902,134,4849,5439,434,4954,7186
1785256512999910298,231,836,283,17233,19720,2049,4954,23366
1785256513016826815,133,910,135,4712,5257,407,4954,7001
1785256513066739677,129,893,302,16837,19498,1859,4954,22930
1785256513075878580,129,893,302,16837,19498,1859,4954,22930
1785256513117614584,214,958,141,4950,5556,427,4954,7482
1785256513142359936,214,958,141,4950,5556,427,4954,7482
1785256513202353282,355,1717,527,18399,21188,1980,4954,26007
1785256513216530674,123,945,137,4726,5297,388,4954,7065
1785256513268683558,184,1673,416,18046,20819,1994,4954,25367
1785256513306992789,141,927,326,18347,21170,2040,5285,30238
1785256513316867611,146,1026,150,4902,5499,403,5285,7413
1785256513367196812,129,875,314,17277,20024,1970,5285,23553
1785256513376038586,129,875,314,17277,20024,1970,5285,23553
1785256513416903681,236,896,133,4576,5134,355,5285,6928
1785256513442189364,236,896,133,4576,5134,355,5285,6928
1785256513500178885,195,930,326,17358,20104,1932,5285,23737
1785256513517022102,114,926,158,5089,5700,441,5285,7514
1785256513541973955,114,926,158,5089,5700,441,5285,7514
1785256513600609886,332,1680,402,17251,19850,1760,5285,24273
1785256513617085031,123,893,148,4925,5527,477,5285,7352
1785256513671628448,137,943,378,19635,23334,2694,5285,27804
1785256513675548641,137,943,378,19635,23334,2694,5285,27804
1785256513719343188,302,1711,168,5413,6340,504,5285,9246
1785256513742319306,302,1711,168,5413,6340,504,5285,9246
1785256513810335756,338,1715,466,20056,24014,1861,4784,33455
1785256513819953417,123,871,131,5916,6704,512,4784,8680
1785256513866124842,164,1666,369,15974,18240,1979,4784,22646
1785256513900625665,146,897,336,17393,20604,1835,4784,24139
1785256513916161467,130,881,143,3877,4323,547,4784,6333
1785256513963511930,150,868,296,14783,16848,1691,4784,20049
1785256513975611297,150,868,296,14783,16848,1691,4784,20049
1785256514019443199,221,937,157,6532,7304,620,4784,9397
1785256514042086151,221,937,157,6532,7304,620,4784,9397
1785256514098483718,219,880,295,15732,18622,1675,4784,21945
1785256514120811839,131,896,175,7908,8863,830,4784,11098
1785256514141791528,131,896,175,7908,8863,830,4784,11098
1785256514197185968,214,833,303,14945,17475,1591,4784,20682
1785256514227204444,120,879,188,8738,9861,978,5128,17389
1785256514262018973,128,861,242,13719,15597,1606,5128,18629
1785256514275758772,128,861,242,13719,15597,1606,5128,18629
1785256514323983247,236,887,191,10086,11315,1047,5128,13845
1785256514342348797,236,887,191,10086,11315,1047,5128,13845
1785256514397960673,218,873,312,16173,18669,1396,5128,21733
1785256514425353572,123,880,226,11259,12677,1354,5128,15524
1785256514459339644,115,926,291,11452,12896,1328,5128,15776
1785256514497093276,138,934,320,15045,17691,1481,5128,20856
1785256514528482149,142,874,225,14092,16337,1199,5128,19002
1785256514558482057,146,911,216,10893,12273,1139,5128,14865
1785256514576063160,146,911,216,10893,12273,1139,5128,14865
1785256514626246539,211,862,229,11958,13444,1304,5128,16234
1785256514642478065,211,862,229,11958,13444,1304,5128,16234
1785256514702220243,254,872,306,14758,17359,1542,4790,25414
1785256514727714125,125,868,241,13323,14969,1674,4790,18151
1785256514742443766,125,868,241,13323,14969,1674,4790,18151
1785256514797749476,225,883,291,15092,17739,1708,4790,21121
1785256514829689179,136,883,264,14764,16683,1791,4790,20064
1785256514854640906,129,894,175,7746,8848,1037,4790,11257
1785256514875930315,129,894,175,7746,8848,1037,4790,11257
1785256514931672588,328,1673,338,15310,17325,1727,4790,21648
1785256514942494859,328,1673,338,15310,17325,1727,4790,21648
1785256514997933953,228,896,308,15565,18204,1748,4790,21683
1785256515031078137,134,870,280,15959,18101,1924,4790,21617
1785256515052862388,129,873,160,6747,7544,693,4790,9565
1785256515100670753,119,880,464,17951,20984,1559,4790,24264
1785256515138631457,129,843,296,17002,19421,2052,5857,28896
1785256515150549962,145,963,163,4468,4996,697,5857,7132
1785256515175716409,145,963,163,4468,4996,697,5857,7132
1785256515231312472,231,846,257,15579,17922,1801,5857,21265
1785256515242350258,231,846,257,15579,17922,1801,5857,21265
1785256515307984817,213,888,330,23729,27581,2245,5857,31627
1785256515334227373,141,965,305,18072,20767,2136,5857,24614
1785256515342058380,141,965,305,18072,20767,2136,5857,24614
1785256515413706448,238,979,367,28219,32995,2502,5857,37426
1785256515448476066,126,962,302,26059,30233,2337,5857,34434
1785256515454852247,136,981,110,3902,4366,317,5857,6060
1785256515475621810,136,981,110,3902,4366,317,5857,6060
1785256515536397586,342,1761,456,18375,21166,2309,5857,26341
1785256515542357788,342,1761,456,18375,21166,2309,5857,26341
1785256515607779977,224,866,363,22259,26672,2756,5857,31266
1785256515646895066,127,914,361,21909,25625,2790,6414,36782
1785256515654208390,164,1165,126,3813,4311,358,6414,6464
1785256515710937560,153,1101,434,24718,28881,3270,6414,34258
1785256515750384425,141,1150,470,27901,32638,3756,6414,38977
1785256515756602050,166,1215,161,3186,3588,423,6414,5944
1785256515775552207,166,1215,161,3186,3588,423,6414,5944
1785256515844576347,370,1603,497,24080,28450,3302,6414,34607
1785256515844772310,370,1603,497,24080,28450,3302,6414,34607
1785256515904892999,261,985,339,20918,23942,2504,6414,28602
1785256515943261945,212,1944,562,23856,27845,2666,6414,33694
1785256515943424151,212,1944,562,23856,27845,2666,6414,33694
1785256515998974013,243,883,307,16527,18840,1959,6414,22697
1785256516038152279,113,899,375,20522,24092,2589,6414,28446
1785256516054826277,123,889,127,3273,3645,500,5388,11013
1785256516075621405,123,889,127,3273,3645,500,5388,11013
1785256516147104116,225,898,412,27594,32617,2470,5388,36905
1785256516147243304,225,898,412,27594,32617,2470,5388,36905
1785256516204029672,216,837,280,20840,23686,2014,5388,27465
1785256516238887233,129,889,373,20834,24715,2488,5388,28918
1785256516242067611,129,889,373,20834,24715,2488,5388,28918
1785256516296528903,242,880,287,14879,16843,1911,5388,20636
1785256516340288197,115,873,390,21340,25451,3457,5388,30647
1785256516351823848,137,1125,162,4658,5210,836,5388,7942
1785256516376027383,137,1125,162,4658,5210,836,5388,7942
1785256516440552809,242,935,393,21742,25854,2671,5388,30472
1785256516442260677,242,935,393,21742,25854,2671,5388,30472
1785256516499759154,207,912,229,17437,19715,1552,5388,23076
1785256516540044074,132,927,377,21390,25604,2883,5388,30327
1785256516541837216,132,927,377,21390,25604,2883,5388,30327
1785256516600099300,238,932,265,12320,13845,1760,5508,23074
1785256516640992255,140,940,382,22058,26364,3022,5508,31227
1785256516656823908,131,1011,192,9127,10245,1382,5508,13378
1785256516675793087,131,1011,192,9127,10245,1382,5508,13378
1785256516741428818,223,875,371,22140,26276,2960,5508,31127
1785256516742295239,223,875,371,22140,26276,2960,5508,31127
1785256516790969888,203,877,207,10275,11510,1367,5508,14693
1785256516841633001,124,880,379,22653,26856,3216,5508,31827
1785256516841801359,124,880,379,22653,26856,3216,5508,31827
1785256516890292425,310,911,219,9826,10954,1115,5508,13956
1785256516941708739,164,882,384,22773,26944,3372,5508,32114
1785256516960649469,123,1106,235,12161,13632,1487,5508,17054
1785256516975695087,123,1106,235,12161,13632,1487,5508,17054
1785256517042257432,222,873,393,22373,26558,3421,5508,31853
1785256517042454237,222,873,393,22373,26558,3421,5508,31853
1785256517094638323,235,944,183,7984,8954,947,6038,17695
1785256517144289967,115,943,401,24707,29038,3588,6038,34503
1785256517144459567,115,943,401,24707,29038,3588,6038,34503
1785256517185548183,226,863,158,6146,6915,695,6038,9197
1785256517243725996,134,868,388,24226,28698,3707,6038,34158
1785256517266117885,145,1064,262,16244,18243,2100,6038,22142
1785256517275787149,145,1064,262,16244,18243,2100,6038,22142
1785256517341641952,205,878,407,22120,25885,3540,6038,31290
1785256517342289756,205,878,407,22120,25885,3540,6038,31290
1785256517382799514,241,867,131,4147,4635,382,6038,6466
1785256517441854761,119,895,399,22965,26667,3492,6038,31956
1785256517467455231,141,1008,299,17217,19594,2678,6038,24133
1785256517481640727,123,876,115,3345,3779,463,6038,5499
1785256517548421089,129,858,375,23557,27276,3344,6390,38715
1785256517574557192,145,1040,302,17859,20282,2754,6390,25011
1785256517575660541,145,1040,302,17859,20282,2754,6390,25011
1785256517644451102,228,931,390,24533,28472,3642,6390,34118
1785256517644577586,228,931,390,24533,28472,3642,6390,34118
1785256517681087363,252,936,99,2564,2882,202,6390,4580
1785256517741196626,121,933,370,22964,26550,3278,6390,31648
1785256517770509656,150,986,325,19852,22693,2698,6390,27243
1785256517775558971,150,986,325,19852,22693,2698,6390,27243
1785256517839559523,228,871,340,21582,25029,3111,6390,29958
1785256517876116754,148,979,375,23473,26702,3891,6390,32563
1785256517876313106,148,979,375,23473,26702,3891,6390,32563
1785256517942234634,295,1017,461,23584,27007,3106,6390,32316
1785256517942399037,295,1017,461,23584,27007,3106,6390,32316
1785256517981790599,263,938,111,3179,3603,246,6390,5366
1785256518055063674,136,970,348,29068,33212,3223,7172,45327
1785256518090111466,176,1298,397,24113,27889,3364,7172,33544
1785256518096273152,153,1114,121,3518,3950,362,7172,5910
1785256518138905830,135,891,318,21386,24428,3020,7172,29125
1785256518180838847,156,1071,440,27666,31596,3541,7172,37316
1785256518181018591,156,1071,440,27666,31596,3541,7172,37316
1785256518235699488,213,887,314,18383,21097,2935,7172,25830
1785256518242148749,213,887,314,18383,21097,2935,7172,25830
1785256518281826349,243,963,110,3545,3997,311,7172,5801
1785256518333175792,134,938,308,17354,19762,2220,7172,23573
1785256518341925232,134,938,308,17354,19762,2220,7172,23573
1785256518382030281,206,866,112,3660,4085,347,7172,5764
1785256518438904674,131,895,294,22511,25608,2158,7172,29310
1785256518485271833,141,948,452,24549,28545,4247,6559,41325
1785256518485986197,141,948,452,24549,28545,4247,6559,41325
1785256518531360167,228,868,268,15272,17340,2186,6559,21300
1785256518542321406,228,868,268,15272,17340,2186,6559,21300
1785256518581732966,213,892,108,3473,3947,351,6559,5651
1785256518628003134,135,950,272,13433,15031,1831,6559,18375
1785256518687595739,123,880,390,33393,38934,3554,6559,44243
1785256518693796485,133,1055,137,3333,3712,495,6559,5928
1785256518727603773,128,872,254,13580,15219,1559,6559,18188
1785256518787909363,135,863,409,33479,39253,3263,6559,44300
1785256518788035325,135,863,409,33479,39253,3263,6559,44300
1785256518827851332,229,872,252,12690,14296,1670,6559,17725
1785256518842293011,229,872,252,12690,14296,1670,6559,17725
1785256518885020749,225,869,152,5902,6611,625,6559,8617
1785256518931404434,128,872,224,10791,12055,1262,6588,21277
1785256518985580185,127,883,429,31084,36565,3773,6588,42135
1785256518997811475,129,1053,177,8363,9415,914,6588,11914
1785256519024693830,132,914,236,10920,12261,1409,6588,15121
1785256519086055002,123,867,387,31896,37535,3172,6588,42478
1785256519086196984,123,867,387,31896,37535,3172,6588,42478
1785256519124105638,244,931,221,9661,10835,1088,6588,13816
1785256519142313929,244,931,221,9661,10835,1088,6588,13816
1785256519190131774,240,931,204,9791,10914,1115,6588,13547
1785256519220958359,130,928,188,7987,8901,848,6588,11126
1785256519241900454,130,928,188,7987,8901,848,6588,11126
1785256519296434582,222,873,232,15208,16982,1417,6588,19883
1785256519319331727,131,928,167,6930,7703,721,6588,9776
1785256519395627583,134,867,391,32986,38818,3624,7388,51577
1785256519396737803,134,867,391,32986,38818,3624,7388,51577
1785256519418270710,269,881,161,5590,6194,595,7388,8330
1785256519442307029,269,881,161,5590,6194,595,7388,8330
1785256519499010719,316,1692,328,16055,18277,1717,7388,22530
1785256519515970420,129,856,136,4411,4918,400,7388,6565
1785256519542023116,129,856,136,4411,4918,400,7388,6565
1785256519600304264,245,881,267,18085,20245,2082,7388,23902
1785256519615484635,121,902,119,3879,4320,367,7388,5957
1785256519684831179,128,873,411,31224,36362,3184,7388,41293
1785256519684945542,128,873,411,31224,36362,3184,7388,41293
1785256519716410738,260,880,122,3960,4414,365,7388,6474
1785256519742407321,260,880,122,3960,4414,365,7388,6474
1785256519797578779,207,903,284,15816,17747,2028,7388,21354
1785256519814525280,128,907,128,3230,3606,292,7388,5206
1785256519887934946,181,1149,378,28395,32904,2977,6575,44420
1785256519914141536,138,1030,333,18026,20324,2897,6575,25062
1785256519920651115,118,976,107,4053,4519,380,6575,6240
1785256519981995103,134,928,357,28688,33284,3383,6575,38435
1785256519982170815,134,928,357,28688,33284,3383,6575,38435
1785256520016021348,234,928,120,3677,4113,318,6575,5912
1785256520042458569,234,928,120,3677,4113,318,6575,5912
1785256520111749024,323,1687,414,26302,29939,2545,6575,35249
1785256520118021747,129,930,114,3924,4379,352,6575,6071
1785256520178877141,127,889,349,27054,31145,2664,6575,35467
1785256520215596390,141,1025,329,28081,32013,2532,6575,36377
1785256520222482777,142,1048,137,4225,4718,383,6575,6622
1785256520277577625,109,866,363,19280,22155,2524,7234,33524
1785256520278469749,109,866,363,19280,22155,2524,7234,33524
1785256520316394740,228,866,127,4084,4554,329,7234,6308
1785256520342510508,228,866,127,4084,4554,329,7234,6308
1785256520410464461,237,868,318,25662,29463,2704,7234,33898
1785256520418047957,122,985,138,4930,5466,469,7234,7356
1785256520475168222,135,875,314,24289,27805,2329,7234,31699
1785256520504946021,140,1005,376,20868,24037,2793,7234,28711
1785256520514804986,134,949,134,3130,3476,409,7234,5299
1785256520568351072,124,927,322,17748,20308,2633,7234,24539
1785256520575648902,124,927,322,17748,20308,2633,7234,24539
1785256520616253625,221,875,124,4156,4592,354,7234,6335
1785256520642381984,221,875,124,4156,4592,354,7234,6335
1785256520711468285,230,871,343,26434,30642,2547,7234,34894
1785256520727054697,124,1006,162,5392,5983,532,6862,14911
1785256520741888567,124,1006,162,5392,5983,532,6862,14911
1785256520819246107,251,862,336,33157,38647,2435,6862,42839
1785256520829353496,150,978,164,6886,7664,698,6862,9859
1785256520870892044,118,861,291,20763,23683,1962,6862,27142
1785256520875633915,118,861,291,20763,23683,1962,6862,27142
1785256520922216131,334,1778,273,7820,8727,826,6862,12173
1785256520942382784,334,1778,273,7820,8727,826,6862,12173
1785256521010089914,213,820,308,24922,29274,2427,6862,33361
1785256521027188677,124,1029,228,12545,14071,1122,6862,16821
1785256521062840094,129,862,261,14153,15946,1856,6862,19258
1785256521101887683,131,876,336,18342,21383,2405,6862,25459
1785256521123409701,142,929,227,9858,11048,1292,6862,13898
1785256521169878446,133,929,264,13672,15417,1640,7164,25747
1785256521175878954,133,929,264,13672,15417,1640,7164,25747
1785256521224598460,233,931,228,10337,11520,1338,7164,14439
1785256521242414830,233,931,228,10337,11520,1338,7164,14439
1785256521313969358,357,1722,456,26849,32107,2707,7164,37671
1785256521330415223,112,946,284,11534,12951,1575,7164,16106
1785256521341949379,112,946,284,11534,12951,1575,7164,16106
1785256521407099370,226,867,330,22950,26657,2045,7164,30420
1785256521426791926,131,928,254,12126,13699,1661,7164,16947
1785256521457571177,123,875,221,9995,11220,1184,7164,13786
1785256521476039978,123,875,221,9995,11220,1184,7164,13786
1785256521530108105,207,887,222,15223,17101,1397,7164,19998
1785256521542280304,207,887,222,15223,17101,1397,7164,19998
1785256521610555462,233,875,334,25284,29546,2600,7164,33961
1785256521632351476,154,1115,263,15705,17723,1986,7164,21524
1785256521660545942,138,925,204,6166,6849,1209,6993,16507
1785256521702632995,120,937,370,18674,21673,2859,6993,26234
1785256521730680630,132,929,265,15321,17278,2191,6993,21100
1785256521755442107,139,923,209,8704,9731,932,6993,12086
1785256521775863614,139,923,209,8704,9731,932,6993,12086
1785256521831881512,246,927,283,16000,17972,1919,6993,21548
1785256521842303047,246,927,283,16000,17972,1919,6993,21548
1785256521910354275,223,892,381,24879,28847,3345,6993,34109
1785256521940080790,159,1150,468,21178,24198,2861,6993,29364
1785256521941832732,159,1150,468,21178,24198,2861,6993,29364
1785256522017443637,475,915,436,28819,34087,4657,6993,41105
1785256522048694027,175,1273,363,22609,25568,2930,6993,30917
1785256522060419785,165,1221,189,7860,8890,793,6993,11446
1785256522076122963,165,1221,189,7860,8890,793,6993,11446
1785256522156537494,245,896,324,28512,32180,3008,8938,45881
1785256522157602250,245,896,324,28512,32180,3008,8938,45881
1785256522231447658,214,829,476,40162,47642,5063,8938,54755
1785256522259608385,145,1011,407,20035,22760,2808,8938,27847
1785256522259737513,145,1011,407,20035,22760,2808,8938,27847
1785256522323875640,207,807,411,34403,40657,4606,8938,47196
1785256522355630466,136,975,381,22750,25905,3473,8938,31499
1785256522361945166,149,1025,125,3797,4235,361,8938,6085
1785256522375954257,149,1025,125,3797,4235,361,8938,6085
1785256522448357402,333,1093,366,28651,32990,3330,8938,38398
1785256522448514164,333,1093,366,28651,32990,3330,8938,38398
1785256522521143999,213,884,417,32999,38556,4152,8938,44659
1785256522556808597,145,1001,478,25694,29709,3544,8938,35326
1785256522556937548,145,1001,478,25694,29709,3544,8938,35326
1785256522622775287,223,893,415,33990,39636,3847,8938,45888
1785256522669360742,128,1062,464,26938,31236,4449,7814,45634
1785256522675080989,126,859,104,2450,2752,241,7814,4581
1785256522675896175,126,859,104,2450,2752,241,7814,4581
1785256522756653985,261,892,434,34759,40650,3990,7814,46575
1785256522756811525,261,892,434,34759,40650,3990,7814,46575
1785256522816810208,212,881,358,29482,33968,3919,7814,40085
1785256522865198954,142,1148,446,36004,41982,3659,7814,47852
1785256522865233481,142,1148,446,36004,41982,3659,7814,47852
1785256522905954371,226,867,406,20629,23686,3149,7814,29222
1785256522948534209,118,936,422,27272,32045,4515,7814,38526
1785256522954653587,137,1007,104,3370,3809,321,7814,5840
1785256522975775784,137,1007,104,3370,3809,321,7814,5840
1785256523045423294,221,882,487,25369,29818,3201,7814,35003
1785256523045554562,221,882,487,25369,29818,3201,7814,35003
1785256523110670511,215,816,470,25808,29225,2720,7814,34155
1785256523170265915,134,976,446,37524,44371,4031,8223,58609
1785256523178964541,145,1053,147,4763,5324,519,8223,7716
1785256523204021095,144,1065,307,18083,20433,2546,8223,24714
1785256523258658606,122,966,432,36198,42737,4209,8223,48901
1785256523267229497,147,1048,139,5241,5831,572,8223,8311
1785256523275638966,147,1048,139,5241,5831,572,8223,8311
1785256523351351555,241,883,511,29955,35119,4025,8223,41236
1785256523351516374,241,883,511,29955,35119,4025,8223,41236
1785256523400881385,371,1902,388,16812,18724,2376,8223,24557
1785256523455676101,210,1831,663,31874,37454,5342,8223,46048
1785256523455833170,210,1831,663,31874,37454,5342,8223,46048
1785256523496249694,365,1875,398,13144,14648,2852,8223,20619
1785256523551932094,110,1733,442,28748,33977,4359,8223,41084
1785256523570519176,134,948,156,6447,7215,709,7986,17810
1785256523575738235,134,948,156,6447,7215,709,7986,17810
1785256523662155414,235,930,541,38661,45888,3917,7986,51992
1785256523662317564,235,930,541,38661,45888,3917,7986,51992
1785256523689074776,207,869,200,8843,9935,1056,7986,12823
1785256523763273005,154,879,452,39537,47434,4116,7986,53451
1785256523763400662,154,879,452,39537,47434,4116,7986,53451
1785256523787970841,244,868,190,7830,8784,859,7986,11570
1785256523860846281,137,884,425,37156,44066,4980,7986,50969
1785256523875588531,204,1554,336,9662,10825,1177,7986,14404
1785256523875763086,204,1554,336,9662,10825,1177,7986,14404
1785256523951314893,230,961,454,29568,34876,4327,7986,41339
1785256523951466001,230,961,454,29568,34876,4327,7986,41339
1785256523984886135,243,871,149,5533,6173,553,7986,8560
1785256524047043863,116,928,458,26595,31688,3729,7986,37328
1785256524073204350,135,1010,245,12540,14112,1623,8191,25701
1785256524075634873,135,1010,245,12540,14112,1623,8191,25701
1785256524159143935,224,874,419,36650,42844,4209,8191,49059
1785256524177957692,140,1001,249,13442,15137,1632,8191,18493
1785256524177988550,140,1001,249,13442,15137,1632,8191,18493
1785256524250093414,268,1062,464,28815,33450,4240,8191,39922
1785256524250213082,268,1062,464,28815,33450,4240,8191,39922
1785256524284126820,378,1779,144,4179,4852,423,8191,7888
1785256524343034334,174,1474,386,23846,27616,3369,8191,33359
1785256524343086033,174,1474,386,23846,27616,3369,8191,33359
1785256524381011306,250,929,107,2598,2939,252,8191,4749
1785256524451101136,131,926,374,31342,36349,3297,8191,41376
1785256524473988936,148,1002,279,16412,18609,2245,8191,22613
1785256524475650102,148,1002,279,16412,18609,2245,8191,22613
1785256524546852550,240,868,376,27571,31670,3229,8191,36780
1785256524547002000,240,868,376,27571,31670,3229,8191,36780
1785256524589431680,222,867,98,2566,2903,247,8022,12533
1785256524657398138,127,916,360,36733,42492,3710,8022,47908
1785256524683197810,134,1126,327,18515,21103,2431,8022,25483
1785256524687656698,128,884,90,2408,2758,242,8022,4258
1785256524736186084,132,878,328,19325,22369,2784,8022,26779
1785256524769287866,131,929,347,18580,21196,2697,8022,25673
1785256524775944732,131,929,347,18580,21196,2697,8022,25673
1785256524837375028,221,934,346,19604,22542,3010,8022,27429
1785256524842196175,221,934,346,19604,22542,3010,8022,27429
1785256524881006324,239,889,103,2586,2901,269,8022,4583
1785256524944082108,134,914,336,26110,29841,2685,8022,34171
1785256524944201712,134,914,336,26110,29841,2685,8022,34171
1785256524981009841,209,867,103,2622,2981,323,8022,4634
1785256525044077341,136,868,324,18847,21529,2457,8916,34462
1785256525075786223,150,1088,389,22245,25644,2905,8916,30574
1785256525075892996,150,1088,389,22245,25644,2905,8916,30574
1785256525136413422,222,913,323,18835,21681,2699,8916,26240
1785256525142394200,222,913,323,18835,21681,2699,8916,26240
1785256525182818579,232,934,116,3863,4340,593,8916,6391
1785256525233930133,119,877,315,16993,19299,3316,8916,24140
1785256525280648512,133,981,343,27397,31787,3183,8916,36818
1785256525288640491,118,1009,186,4559,5101,628,8916,7652
1785256525331953823,145,881,272,15781,18070,2565,8916,22172
1785256525380623213,142,933,349,27667,32355,2905,8916,37055
1785256525380798037,142,933,349,27667,32355,2905,8916,37055
1785256525431806699,250,867,276,15110,17349,2427,8916,21515
1785256525442142747,250,867,276,15110,17349,2427,8916,21515
1785256525491570966,244,871,128,4464,5003,623,8076,15102
1785256525528450007,141,871,249,13692,15549,1859,8076,18852
1785256525541911579,141,871,249,13692,15549,1859,8076,18852
1785256525584023912,263,867,139,5042,5644,572,8076,7615
1785256525626886869,146,905,243,12467,14102,1706,8076,17271
1785256525681214442,137,886,376,28059,32610,2929,8076,37317
1785256525681276537,137,886,376,28059,32610,2929,8076,37317
1785256525731927155,243,871,291,15869,18105,1636,8076,21498
1785256525742466130,243,871,291,15869,18105,1636,8076,21498
1785256525787932391,276,931,179,7560,8521,1372,8076,11439
1785256525824944558,124,883,235,10844,12335,1423,8076,15179
1785256525880610784,119,863,359,27950,32754,2960,8076,37387
1785256525895005629,151,1024,195,9929,11224,1352,8076,14172
1785256525932690859,115,924,209,10037,11343,1276,8877,22894
1785256525972744872,124,912,425,20953,24379,2774,8877,28953
1785256525975921411,124,912,425,20953,24379,2774,8877,28953
1785256526023574626,215,867,208,9185,10441,1381,8877,13376
1785256526042165525,215,867,208,9185,10441,1381,8877,13376
1785256526093842381,328,1711,332,10717,12192,2760,8877,17520
1785256526122677882,122,1945,179,8395,9521,993,8877,12968
1785256526142000080,122,1945,179,8395,9521,993,8877,12968
1785256526195594934,207,869,205,14393,16512,1318,8877,19317
1785256526219902929,123,876,168,7159,8071,852,8877,10248
1785256526282207787,136,889,414,28981,33949,2620,8877,38351
1785256526282244065,136,889,414,28981,33949,2620,8877,38351
1785256526318951333,221,904,155,6065,6889,673,8877,9065
1785256526341932328,221,904,155,6065,6889,673,8877,9065
1785256526392934632,214,861,227,11820,13474,1503,8877,16492
1785256526425594766,112,874,156,5066,5685,531,8350,15837
1785256526481888044,127,872,356,29126,34052,2645,8350,38372
1785256526503404422,132,1022,243,15314,17509,1935,8350,21158
1785256526516826736,167,946,135,4900,5516,517,8350,7416
1785256526581892721,137,924,387,29421,33955,2742,8350,38463
1785256526581985466,137,924,387,29421,33955,2742,8350,38463
1785256526616219192,238,937,169,3571,4008,544,8350,6086
1785256526642174276,238,937,169,3571,4008,544,8350,6086
1785256526699265390,238,936,291,16645,18898,2167,8350,22783
1785256526715447658,122,932,133,3894,4372,372,8350,6081
1785256526741897977,122,932,133,3894,4372,372,8350,6081
1785256526808013811,324,1727,433,23216,26446,2293,8350,31499
1785256526815828498,149,972,144,4137,4601,406,8350,6452
1785256526882881620,115,950,383,21476,24771,3036,9826,39376
1785256526883901020,115,950,383,21476,24771,3036,9826,39376
1785256526915619558,216,868,115,3325,3714,321,9826,5438
1785256526942605087,216,868,115,3325,3714,321,9826,5438
1785256527001842147,224,938,348,18704,21392,2394,9826,25550
1785256527013836664,135,930,117,2551,2869,238,9826,4472
1785256527041953158,135,930,117,2551,2869,238,9826,4472
1785256527112342510,212,867,356,27403,31423,2694,9826,35846
1785256527116070078,146,997,99,1649,1876,220,9826,3525
1785256527173502407,123,933,370,21971,25297,2947,9826,29957
1785256527175605508,123,933,370,21971,25297,2947,9826,29957
1785256527214043043,207,878,98,2161,2431,199,9826,3989
1785256527242632462,207,878,98,2161,2431,199,9826,3989
1785256527312797001,209,873,348,27256,31598,2723,9826,36044
1785256527316539144,141,971,95,1707,1926,238,9826,3546
1785256527342178366,141,971,95,1707,1926,238,9826,3546
1785256527436556963,333,902,401,38652,44722,3612,9495,59788
1785256527441618751,123,1051,99,2114,2392,174,9495,4083
1785256527470775224,159,1018,329,20234,23166,2607,9495,27515
1785256527475810404,159,1018,329,20234,23166,2607,9495,27515
1785256527514046641,231,890,91,2225,2492,185,9495,4050
1785256527542394208,231,890,91,2225,2492,185,9495,4050
1785256527621893779,299,1672,558,34128,39646,3051,9495,45670
1785256527626282056,132,907,92,2359,2623,170,9495,4137
1785256527666942580,115,870,315,17282,19627,2150,9495,23284
1785256527711733536,138,942,431,25659,29705,3421,9495,35083
1785256527717809009,126,1024,121,3626,4045,323,9495,5881
1785256527764964469,121,872,281,16262,18462,1824,9495,21750
1785256527775911745,121,872,281,16262,18462,1824,9495,21750
1785256527824734550,230,877,122,3635,4026,339,8886,14654
1785256527842184690,230,877,122,3635,4026,339,8886,14654
1785256527934336128,215,863,431,44823,52045,3879,8886,57806
1785256527943006500,142,1021,140,5607,6241,611,8886,8425
1785256527943168434,142,1021,140,5607,6241,611,8886,8425
1785256528010507732,248,879,424,24538,28609,3403,8886,33960
1785256528020244844,119,980,165,6472,7234,685,8886,9458
1785256528061657344,125,865,254,13209,14887,1742,8886,18050
1785256528075884715,125,865,254,13209,14887,1742,8886,18050
1785256528120392186,250,871,200,7071,7852,884,8886,10203
1785256528142347872,250,871,200,7071,7852,884,8886,10203
1785256528221045301,207,867,426,33307,39134,3634,8886,44670
1785256528233720640,140,993,203,8882,9857,953,8886,12387
1785256528242103163,140,993,203,8882,9857,953,8886,12387
1785256528322331948,224,823,434,34610,40771,3574,8886,46247
1785256528346448116,121,1010,217,9839,10969,1151,9894,23621
1785256528361207050,155,1043,224,9999,11085,1129,9894,13777
1785256528375874181,155,1043,224,9999,11085,1129,9894,13777
1785256528423541503,238,931,229,9766,10773,1081,9894,13387
1785256528442612570,238,931,229,9766,10773,1081,9894,13387
1785256528510375509,226,927,437,24357,28851,3169,9894,34003
1785256528528322812,137,968,250,13066,14489,1506,9894,17663
1785256528542165617,137,968,250,13066,14489,1506,9894,17663
1785256528618464334,224,831,425,31803,37144,2959,9894,41961
1785256528636582302,112,874,235,13067,14657,1709,9894,17871
1785256528652505394,132,876,170,6355,7061,679,9894,9073
1785256528675705054,132,876,170,6355,7061,679,9894,9073
1785256528728617822,240,825,254,13546,15268,1766,9894,18539
1785256528742493110,240,825,254,13546,15268,1766,9894,18539
1785256528818062658,238,866,433,31626,36719,2893,9894,41534
1785256528848839647,125,879,268,14918,16861,1954,9870,30245
1785256528856084210,145,1068,166,3760,4146,541,9870,6238
1785256528911230573,136,872,455,25176,29378,3484,9870,34704
1785256528934944431,123,948,308,17297,19436,2208,9870,23395
1785256528949049239,147,946,119,3530,3909,286,9870,5538
1785256528975965822,147,946,119,3530,3909,286,9870,5538
1785256529041762556,240,870,312,24220,27353,2488,9870,31489
1785256529042129939,240,870,312,24220,27353,2488,9870,31489
1785256529113579137,226,892,456,26832,31203,3609,9870,36827
1785256529142363321,124,1015,350,20931,23733,2786,9870,28398
1785256529142405722,124,1015,350,20931,23733,2786,9870,28398
1785256529211509091,236,869,446,25166,29065,4012,9870,35069
1785256529240029331,135,973,332,20982,23771,2579,9870,28186
1785256529255459601,123,875,77,905,1033,98,9474,11832
1785256529275978500,123,875,77,905,1033,98,9474,11832
1785256529338571161,222,880,369,21207,24060,2766,9474,28562
1785256529342525292,222,880,369,21207,24060,2766,9474,28562
1785256529409857027,237,864,399,24266,27895,3495,9474,33345
1785256529442487975,122,969,379,23809,27203,3112,9474,32220
1785256529442518761,122,969,379,23809,27203,3112,9474,32220
1785256529519361831,223,877,405,32863,37703,3408,9474,43020
1785256529553914213,139,993,398,25359,29033,3247,9474,34220
1785256529556619684,143,1024,72,812,946,96,9474,2465
1785256529575674243,143,1024,72,812,946,96,9474,2465
1785256529653699724,217,875,394,32844,37812,3577,9474,43138
1785256529653736598,217,875,394,32844,37812,3577,9474,43138
1785256529713099509,226,879,362,27881,31618,2937,9474,36424
1785256529751574964,126,997,444,28075,32271,3797,9474,38067
1785256529751776525,126,997,444,28075,32271,3797,9474,38067
1785256529820299510,239,846,312,25048,28326,2600,10807,43549
1785256529860453954,145,1032,493,28554,32968,3985,10807,39063
1785256529864402803,144,1022,95,1832,2045,211,10807,3731
1785256529875838140,144,1022,95,1832,2045,211,10807,3731
1785256529947083345,234,918,452,26982,30989,4021,10807,36992
1785256529947119116,234,918,452,26982,30989,4021,10807,36992
1785256529997839949,236,867,316,15932,17789,1952,10807,21538
1785256530046344892,116,865,428,26647,30826,4116,10807,36777
1785256530051432464,137,996,112,2745,3044,370,10807,4883
1785256530096114573,117,822,278,14947,16609,1877,10807,19871
1785256530146388850,130,833,423,27047,31190,3653,10807,36722
1785256530153026832,146,1021,121,4061,4519,345,10807,6404
1785256530175736680,146,1021,121,4061,4519,345,10807,6404
1785256530257078303,210,866,413,26281,30301,3336,10467,45977
1785256530258247469,210,866,413,26281,30301,3336,10467,45977
1785256530293966588,240,902,255,12886,14252,1663,10467,17634
1785256530345135502,135,933,438,25894,30088,3375,10467,35363
1785256530345321992,135,933,438,25894,30088,3375,10467,35363
1785256530392216702,206,878,231,11520,12808,1441,10467,15874
1785256530442646675,129,886,402,24102,27769,3178,10467,32760
1785256530453141572,153,1089,179,6511,7159,661,10467,9515
1785256530475949779,153,1089,179,6511,7159,661,10467,9515
1785256530540765136,196,825,391,22598,26091,2846,10467,30669
1785256530542283281,196,825,391,22598,26091,2846,10467,30669
1785256530589746878,246,884,232,9618,10621,1086,10467,13342
1785256530653299848,135,879,383,33621,38944,2958,10467,43608
1785256530653471626,135,879,383,33621,38944,2958,10467,43608
1785256530688561825,240,896,193,8697,9657,987,10467,12214
1785256530751812036,131,863,393,22170,25565,2774,11389,41434
1785256530767752953,146,1017,237,10495,11639,1466,11389,14764
1785256530775831707,146,1017,237,10495,11639,1466,11389,14764
1785256530839951998,223,891,530,22029,25467,2378,11389,29790
1785256530842220316,223,891,530,22029,25467,2378,11389,29790
1785256530886171319,247,884,170,7017,7699,711,11389,9969
1785256530948040840,138,868,409,29372,34095,2646,11389,38496
1785256530948098739,138,868,409,29372,34095,2646,11389,38496
1785256530985836038,322,1466,285,6060,6659,614,11389,9822
1785256531047141037,143,866,429,28885,33355,2464,11389,37610
1785256531066393208,128,882,267,13825,15551,1887,11389,18967
1785256531075549858,128,882,267,13825,15551,1887,11389,18967
1785256531137653629,215,856,443,20233,23259,2453,11389,27523
1785256531142191497,215,856,443,20233,23259,2453,11389,27523
1785256531181153285,216,881,133,2862,3162,342,11389,4927
1785256531247781496,123,868,388,20466,23488,2494,10304,37955
1785256531248865934,123,868,388,20466,23488,2494,10304,37955
1785256531280561432,217,871,118,2270,2496,286,10304,4174
1785256531337990210,155,882,379,21261,24283,2487,10304,28448
1785256531359254125,129,873,321,10519,11931,1938,10304,15533
1785256531375835346,129,873,321,10519,11931,1938,10304,15533
1785256531444588712,225,846,390,26252,30071,2399,10304,34269
1785256531444721855,225,846,390,26252,30071,2399,10304,34269
1785256531480997515,223,868,129,2693,2996,394,10304,4789
1785256531545621245,130,926,388,27617,31855,2642,10304,36252
1785256531573216574,137,971,341,20279,23051,2457,10304,27267
1785256531581172042,125,980,141,2872,3156,355,10304,4925
1785256531643629565,125,877,407,25741,29642,2436,10304,33764
1785256531688120693,130,925,338,25456,28770,2449,11002,43922
1785256531689610875,130,925,338,25456,28770,2449,11002,43922
1785256531738058213,234,904,401,20604,23527,2594,11002,28011
1785256531742128928,234,904,401,20604,23527,2594,11002,28011
1785256531781973671,243,879,138,3744,4150,291,11002,5901
1785256531836704918,129,885,361,20001,22868,2597,11002,27107
1785256531872291127,137,893,549,21393,24376,2605,11002,29032
1785256531881256195,141,945,136,2722,3029,384,11002,4847
1785256531935939753,118,938,367,19624,22317,2511,11002,26528
1785256531971936915,135,890,449,21165,24217,2514,11002,28581
1785256531975573726,135,890,449,21165,24217,2514,11002,28581
1785256532036715017,345,1694,505,18659,21254,2279,11002,26607
1785256532042213549,345,1694,505,18659,21254,2279,11002,26607
1785256532082763545,301,1554,125,3772,4179,351,11002,6680
1785256532152552012,150,883,344,24060,27316,2399,11542,42905
1785256532153622858,150,883,344,24060,27316,2399,11542,42905
1785256532181535023,239,882,123,3346,3722,281,11542,5399
1785256532232708774,123,930,334,17149,19363,2174,11542,23122
1785256532274622155,133,929,408,22876,26170,2922,11542,30929
1785256532275759430,133,929,408,22876,26170,2922,11542,30929
1785256532332061219,233,824,319,15921,17870,2175,11542,21805
1785256532342263082,233,824,319,15921,17870,2175,11542,21805
1785256532381362540,235,898,115,3359,3702,257,11542,5350
1785256532428439889,130,877,286,14218,15825,1749,11542,19030
1785256532474530058,138,882,421,23098,26486,2936,11542,31212
1785256532481264475,146,1024,129,2807,3111,412,11542,5040
1785256532527643202,138,900,303,13649,15101,1701,11542,18318
1785256532588524748,122,955,459,24579,28042,3063,11793,44819
1785256532589917054,122,955,459,24579,28042,3063,11793,44819
1785256532627685400,239,900,247,12569,14022,1655,11793,17656
1785256532642253773,239,900,247,12569,14022,1655,11793,17656
1785256532684630928,231,930,149,5678,6258,616,11793,8335
1785256532715796591,127,873,147,3971,4374,621,11793,6283
