cohort,run,path,size_bytes,sha256
final,1,/home/letandat/Dev/uav-navigation/.artifacts/runtime/external-mode-check-20260924T212956-266563/metadata.json,251435,950b27e338e1aa854e45957cd0b269e2e831ad3bffbbaf232427a6146dfc28bd
final,1,/home/letandat/Dev/uav-navigation/.artifacts/runtime/external-mode-check-20260924T212956-266563/scenario.json,1417031,17782f4988b68a8d75239de1f4fa21d1cc09123ce2bf4590726d0df119a277f5
final,1,/home/letandat/Dev/uav-navigation/.artifacts/runtime/external-mode-check-20260924T212956-266563/scenario.jsonl,43847777,56d3ea10ba455313809b2d55cdcdea09e298e699ce2e6bc227c0b660e6540568
final,1,/home/letandat/Dev/uav-navigation/.artifacts/runtime/external-mode-check-20260924T212956-266563/samples.jsonl,75376750,03446b1c3a9149ba415ea626591ff0aa6dc8102350cf5691da543ce3405f2052
final,1,/home/letandat/Dev/uav-navigation/.artifacts/runtime/external-mode-check-20260924T212956-266563/report.json,35354946,274afb27080a9c9958a3248fdc45bd51be7b265d503d48cdd88b2df3b920760f
final,1,/home/letandat/Dev/uav-navigation/.artifacts/runtime/external-mode-check-20260924T212956-266563/rosbag/rosbag_0.db3,660275200,cf059f9c98e83ad9e92733f9d93317e18ae4a75cfc823c3f00e2a7729eb45da5
final,2,/home/letandat/Dev/uav-navigation/.artifacts/runtime/external-mode-check-20260924T213230-269809/metadata.json,251435,d269660b1c42b78542b552e9b7199dfd4bf28e533385798bb62f66cc6097023a
final,2,/home/letandat/Dev/uav-navigation/.artifacts/runtime/external-mode-check-20260924T213230-269809/scenario.json,1390886,ec3e2944c1d9856f25bd0d0e3bcc2d7f98134cac61c2e34864494b89abcf4128
final,2,/home/letandat/Dev/uav-navigation/.artifacts/runtime/external-mode-check-20260924T213230-269809/scenario.jsonl,36844126,247b60039c38fca01a21766b017104d9df8cc0c942a257b8bcc99783668249c1
final,2,/home/letandat/Dev/uav-navigation/.artifacts/runtime/external-mode-check-20260924T213230-269809/samples.jsonl,64915465,c6a9f3900ac1aa7ac010c4a257ec094870415095e6d204a55cebfd1737db3315
final,2,/home/letandat/Dev/uav-navigation/.artifacts/runtime/external-mode-check-20260924T213230-269809/report.json,27538926,8e5dd7d9f2d0a3bb1a6093a4fce73377cd38463aceccf08e4efc9e8c70c68800
final,2,/home/letandat/Dev/uav-navigation/.artifacts/runtime/external-mode-check-20260924T213230-269809/rosbag/rosbag_0.db3,575770624,c876a5e7cecab0b60436b8d6775a03f9860a7d4e06ba08bf9cce525873514ecf
final,3,/home/letandat/Dev/uav-navigation/.artifacts/runtime/external-mode-check-20260924T213446-273012/metadata.json,251435,445c5eb3f932d9fe13ca5b40224d35ca0657a99fe42dc805b5bd55ebcc5cc011
final,3,/home/letandat/Dev/uav-navigation/.artifacts/runtime/external-mode-check-20260924T213446-273012/scenario.json,1154540,1d98b387e9b8e09c6a29bf60532ffebc4fbcdfe9de78d0a3440f276a006e086b
final,3,/home/letandat/Dev/uav-navigation/.artifacts/runtime/external-mode-check-20260924T213446-273012/scenario.jsonl,32841001,dc213edbef04364334a2ae11b3efc526771a14747fb218b71c7e937bd7b3522d
final,3,/home/letandat/Dev/uav-navigation/.artifacts/runtime/external-mode-check-20260924T213446-273012/samples.jsonl,58350173,f1f1f7b50a9ce55df20587f236dfe528b9d8c62dd9bb2b4edc43766bdaae7bf9
final,3,/home/letandat/Dev/uav-navigation/.artifacts/runtime/external-mode-check-20260924T213446-273012/report.json,24850417,0bf0cfd5697e035b3484e17dcc9a8ec428cc20622bfe1b2e0c800c23cd4a969c
final,3,/home/letandat/Dev/uav-navigation/.artifacts/runtime/external-mode-check-20260924T213446-273012/rosbag/rosbag_0.db3,532455424,8d56f1d32bc8f818d31125c7fa37e0333c6e6408283cf9931de6f8433b96c645
final,4,/home/letandat/Dev/uav-navigation/.artifacts/runtime/external-mode-check-20260924T213648-276250/metadata.json,251435,da0e3c9f50455ec943c99379a8dc01b5b001eb67cd21aefe2a6c07ff91b8b8a0
final,4,/home/letandat/Dev/uav-navigation/.artifacts/runtime/external-mode-check-20260924T213648-276250/scenario.json,1177720,efa79ed0dc838f1e1f876f8fe27c94d088843751bd430b185ad1d00fc9edf229
final,4,/home/letandat/Dev/uav-navigation/.artifacts/runtime/external-mode-check-20260924T213648-276250/scenario.jsonl,34650472,83b5777af3c38ae6e8977cbc100a50007773817b1287066fae9ec9e94ac94bda
final,4,/home/letandat/Dev/uav-navigation/.artifacts/runtime/external-mode-check-20260924T213648-276250/samples.jsonl,61083432,a77cfb9ea72db5a929356634165070b9640b1e8f88cdf46726cd21882e473336
final,4,/home/letandat/Dev/uav-navigation/.artifacts/runtime/external-mode-check-20260924T213648-276250/report.json,25890450,e2043572e50033968ab66953445aee7d71bcb1e1c6b1bfc346786192c0543562
final,4,/home/letandat/Dev/uav-navigation/.artifacts/runtime/external-mode-check-20260924T213648-276250/rosbag/rosbag_0.db3,555335680,98a39671ecd8627717be8a5ada6285feaf79a7c6835d18b526d3668e8f25692f
final,5,/home/letandat/Dev/uav-navigation/.artifacts/runtime/external-mode-check-20260924T213854-279425/metadata.json,251435,2a16d93b65c1db2bfadbaa91894df58b47980943b303155e7ec3d801414b79d8
final,5,/home/letandat/Dev/uav-navigation/.artifacts/runtime/external-mode-check-20260924T213854-279425/scenario.json,1220676,0be88634dba7723fa151f2062158cbd3dad3eaf0a37093f0d593c22d0bc4bd3d
final,5,/home/letandat/Dev/uav-navigation/.artifacts/runtime/external-mode-check-20260924T213854-279425/scenario.jsonl,33606852,6da0385db6ff81fa86f901c596f7c2a83ad596aa7cd14c4a9524e4c8e4fd2fc4
final,5,/home/letandat/Dev/uav-navigation/.artifacts/runtime/external-mode-check-20260924T213854-279425/samples.jsonl,60005589,7b350b84ace7851558518b0402fedae5b94b277ffafb3bea7bd6339d4f4ce075
final,5,/home/letandat/Dev/uav-navigation/.artifacts/runtime/external-mode-check-20260924T213854-279425/report.json,25273892,0410016128b281bca39c10004c65314dabaeb5aba9f4e91ea1cc50831b660c19
final,5,/home/letandat/Dev/uav-navigation/.artifacts/runtime/external-mode-check-20260924T213854-279425/rosbag/rosbag_0.db3,536715264,f9ce17d7df6b27f33e88c93f6576b2d8ff23c550bf874a666a448e84b5616a1c
verified,1,/home/letandat/Dev/uav-navigation/.artifacts/runtime/external-mode-check-20260924T214936-290844/metadata.json,251438,bf5796a790cf0e45c31889838a806bff8dfc33e497e262c6a809549338c7cb05
verified,1,/home/letandat/Dev/uav-navigation/.artifacts/runtime/external-mode-check-20260924T214936-290844/scenario.json,1317895,cd22940661750881e157f5162ae37b6b4b8427151434babe3ebfc172ba1b0a48
verified,1,/home/letandat/Dev/uav-navigation/.artifacts/runtime/external-mode-check-20260924T214936-290844/scenario.jsonl,37239121,b406838dd3b544d922a26afbf030f2c0c7fbf4d4e9d429fb788f23f250bdab1d
verified,1,/home/letandat/Dev/uav-navigation/.artifacts/runtime/external-mode-check-20260924T214936-290844/samples.jsonl,64122511,8aef28471054d8a4652e787e581394d43690ae1998023939d789f62263599323
verified,1,/home/letandat/Dev/uav-navigation/.artifacts/runtime/external-mode-check-20260924T214936-290844/report.json,28140119,413b93af87e028b0a4b5d318fd98e8f6c9cb941157653d1d8259e261c5cdec88
verified,1,/home/letandat/Dev/uav-navigation/.artifacts/runtime/external-mode-check-20260924T214936-290844/rosbag/rosbag_0.db3,563847168,fea6d73e9803c0c563d94cd41dcd710da5e5749bea4a3c307054e180d4e5819d
verified,2,/home/letandat/Dev/uav-navigation/.artifacts/runtime/external-mode-check-20260924T215146-294111/metadata.json,251438,a87db14b65c452aa619b29d657f8fee642dcaa21e2d49ae41dba65e759b9803e
verified,2,/home/letandat/Dev/uav-navigation/.artifacts/runtime/external-mode-check-20260924T215146-294111/scenario.json,331599,c93f2877474025a7a6ffd0a2029248cf1695cf2d5801fb739fd77a2b754f26e5
verified,2,/home/letandat/Dev/uav-navigation/.artifacts/runtime/external-mode-check-20260924T215146-294111/scenario.jsonl,8702737,78e92006f8e67025df97c8120364fc7ba0acb2393be9ea37f869d4ae860c3e04
verified,2,/home/letandat/Dev/uav-navigation/.artifacts/runtime/external-mode-check-20260924T215146-294111/samples.jsonl,27987028,b00c11d5770901b750b545926b05468f077862c44f6045bee29ca5dc843497f4
verified,2,/home/letandat/Dev/uav-navigation/.artifacts/runtime/external-mode-check-20260924T215146-294111/report.json,6666193,8076dbdc623f9672ba5ed350bbee8196a6ab0c6eed942492265fcbd041b96996
verified,2,/home/letandat/Dev/uav-navigation/.artifacts/runtime/external-mode-check-20260924T215146-294111/rosbag/rosbag_0.db3,300281856,70f023968227aa0b7b493fea3cf08a01185037a4b0ecbee5efbda15355199ba9
verified,3,/home/letandat/Dev/uav-navigation/.artifacts/runtime/external-mode-check-20260924T215301-297196/metadata.json,251438,98e7ea65a9b1dd002e83e9ae9c193ed989cedd69bfb37065803fc7d3d659de68
verified,3,/home/letandat/Dev/uav-navigation/.artifacts/runtime/external-mode-check-20260924T215301-297196/scenario.json,864584,b8782bb611532f39779040ac146ebc98fca9d867ebe04c4fbdc91776b0a66f5f
verified,3,/home/letandat/Dev/uav-navigation/.artifacts/runtime/external-mode-check-20260924T215301-297196/scenario.jsonl,23794541,ff14e0efb2707fd3baf2981295c20b5e16167dd9015c8971f8d31310580a4760
verified,3,/home/letandat/Dev/uav-navigation/.artifacts/runtime/external-mode-check-20260924T215301-297196/samples.jsonl,49112982,1d519c0e9c15e7c6db0d2bb9baa03e8380f5bb9074cc119cb618503bfe4567e9
verified,3,/home/letandat/Dev/uav-navigation/.artifacts/runtime/external-mode-check-20260924T215301-297196/report.json,17876252,947dd5f1dc2372ce68ca2b2bbd5241c4c74a5a92c51b5d09c9aed92c6a428e4b
verified,3,/home/letandat/Dev/uav-navigation/.artifacts/runtime/external-mode-check-20260924T215301-297196/rosbag/rosbag_0.db3,459530240,ba1ce860d3e50ae71b00c4a26529509de08e875d6d2d1299de31aa1d80260648
verified,4,/home/letandat/Dev/uav-navigation/.artifacts/runtime/external-mode-check-20260924T215446-300386/metadata.json,251438,3b7e5ebda99ba725e47396544c6bf4a866e71f01c63d62787f1eeb48c831808f
verified,4,/home/letandat/Dev/uav-navigation/.artifacts/runtime/external-mode-check-20260924T215446-300386/scenario.json,1199885,3aed066f1cf411ea97616764031c9c7871d4a0d00af8664a07ccf8cc65986188
verified,4,/home/letandat/Dev/uav-navigation/.artifacts/runtime/external-mode-check-20260924T215446-300386/scenario.jsonl,33681053,ae16fce6d99e77f1ee9d4cc840ac7e252568a0db63b53be3effc1e06308cc98b
verified,4,/home/letandat/Dev/uav-navigation/.artifacts/runtime/external-mode-check-20260924T215446-300386/samples.jsonl,60184112,b0576983cc9ae8680bf9e52eb7d6247f28ff3cc492e9bfa52432e45b31520511
verified,4,/home/letandat/Dev/uav-navigation/.artifacts/runtime/external-mode-check-20260924T215446-300386/report.json,25960947,d3f07a5ce7c444e1b3723e4a571f1fcdb74b6c9a893c84629187f5c5d641ce70
verified,4,/home/letandat/Dev/uav-navigation/.artifacts/runtime/external-mode-check-20260924T215446-300386/rosbag/rosbag_0.db3,538374144,4a55de4e9eb79190186921ce510268d98a8c3c4aab7d55e6aeb872b85590d130
verified,5,/home/letandat/Dev/uav-navigation/.artifacts/runtime/external-mode-check-20260924T215649-303572/metadata.json,251438,492879534351055cd44240bc8bfa9c95f5feb72f3cf2c739e1b4f6d3f9faadb1
verified,5,/home/letandat/Dev/uav-navigation/.artifacts/runtime/external-mode-check-20260924T215649-303572/scenario.json,1114261,45089233695b0bf7959f77971cbc5ccdea71b3acd70c1cc700c6eb2fd4ba0b79
verified,5,/home/letandat/Dev/uav-navigation/.artifacts/runtime/external-mode-check-20260924T215649-303572/scenario.jsonl,32462188,20eac0860c8205d721bfe0e2081971a19b4e3939d33435ae5a1df8bed56b2360
verified,5,/home/letandat/Dev/uav-navigation/.artifacts/runtime/external-mode-check-20260924T215649-303572/samples.jsonl,58588556,8bf297dd345e458346e43a9d41ed33bee47fdcec5d035f680f4bb12c851e537e
verified,5,/home/letandat/Dev/uav-navigation/.artifacts/runtime/external-mode-check-20260924T215649-303572/report.json,25567727,f061cbae3f853d035209372890c050f4605265e083c7db74b7e7a9101778fcab
verified,5,/home/letandat/Dev/uav-navigation/.artifacts/runtime/external-mode-check-20260924T215649-303572/rosbag/rosbag_0.db3,534695936,35ddd5d42b7225ac613013d39bbc56f19de41040f3822dddacdd2d365d95384e
